-- MySQL dump 10.13  Distrib 8.0.23, for Linux (x86_64)
--
-- Host: localhost    Database: bookshop
-- ------------------------------------------------------
-- Server version	8.0.23-0ubuntu0.20.04.1

/*!40101 SET @OLD_CHARACTER_SET_CLIENT=@@CHARACTER_SET_CLIENT */;
/*!40101 SET @OLD_CHARACTER_SET_RESULTS=@@CHARACTER_SET_RESULTS */;
/*!40101 SET @OLD_COLLATION_CONNECTION=@@COLLATION_CONNECTION */;
/*!50503 SET NAMES utf8mb4 */;
/*!40103 SET @OLD_TIME_ZONE=@@TIME_ZONE */;
/*!40103 SET TIME_ZONE='+00:00' */;
/*!40014 SET @OLD_UNIQUE_CHECKS=@@UNIQUE_CHECKS, UNIQUE_CHECKS=0 */;
/*!40014 SET @OLD_FOREIGN_KEY_CHECKS=@@FOREIGN_KEY_CHECKS, FOREIGN_KEY_CHECKS=0 */;
/*!40101 SET @OLD_SQL_MODE=@@SQL_MODE, SQL_MODE='NO_AUTO_VALUE_ON_ZERO' */;
/*!40111 SET @OLD_SQL_NOTES=@@SQL_NOTES, SQL_NOTES=0 */;

--
-- Table structure for table `autors`
--

DROP TABLE IF EXISTS `autors`;
/*!40101 SET @saved_cs_client     = @@character_set_client */;
/*!50503 SET character_set_client = utf8mb4 */;
CREATE TABLE `autors` (
  `id` int unsigned NOT NULL AUTO_INCREMENT,
  `first_name` varchar(100) CHARACTER SET utf8mb4 COLLATE utf8mb4_unicode_ci NOT NULL,
  `last_name` varchar(100) CHARACTER SET utf8mb4 COLLATE utf8mb4_unicode_ci NOT NULL,
  `created_at` datetime DEFAULT CURRENT_TIMESTAMP,
  PRIMARY KEY (`id`),
  KEY `autors_last_name_idx` (`last_name`)
) ENGINE=InnoDB AUTO_INCREMENT=101 DEFAULT CHARSET=utf8mb4 COLLATE=utf8mb4_unicode_ci COMMENT='Авторы';
/*!40101 SET character_set_client = @saved_cs_client */;

--
-- Dumping data for table `autors`
--

LOCK TABLES `autors` WRITE;
/*!40000 ALTER TABLE `autors` DISABLE KEYS */;
INSERT INTO `autors` VALUES (1,'Newell','Kreiger','2015-08-07 16:56:45'),(2,'Oswald','King','2018-05-07 02:10:22'),(3,'Einar','Runolfsson','2017-10-03 14:53:26'),(4,'Reta','Schmitt','2012-04-04 19:27:36'),(5,'Herbert','Kuhn','2020-09-13 10:32:48'),(6,'Loy','Frami','2019-05-26 12:16:35'),(7,'Jodie','Orn','2013-09-14 12:49:36'),(8,'Tanya','Cremin','2012-04-29 10:23:33'),(9,'Jimmie','Rogahn','2016-09-10 15:42:44'),(10,'Tressie','Rempel','2013-06-08 00:23:31'),(11,'Twila','Batz','2019-12-07 11:45:46'),(12,'Bernice','Nicolas','2018-10-15 15:48:55'),(13,'Emerald','Ward','2019-04-10 03:35:04'),(14,'Tierra','Collier','2019-11-02 23:51:23'),(15,'Stefanie','Lowe','2011-06-03 03:49:57'),(16,'Payton','Maggio','2020-12-25 21:47:40'),(17,'Lori','Johnston','2019-03-30 22:00:13'),(18,'Emil','Ondricka','2017-12-09 04:25:48'),(19,'Rogelio','Wyman','2020-10-13 00:02:54'),(20,'Abby','Jacobi','2018-03-13 22:45:26'),(21,'Marquis','Witting','2020-05-14 11:39:41'),(22,'Caleigh','Bogan','2019-08-04 17:48:19'),(23,'Greta','Franecki','2019-04-17 14:59:55'),(24,'Jackie','Haley','2015-01-26 23:32:45'),(25,'Ressie','Monahan','2019-01-16 07:12:43'),(26,'Ardith','Schroeder','2016-03-26 09:16:56'),(27,'Marcos','O\'Reilly','2015-06-14 13:42:20'),(28,'Ted','Quigley','2018-07-24 11:08:57'),(29,'Karelle','O\'Connell','2018-05-11 16:25:48'),(30,'Tyreek','Harris','2018-04-02 05:53:21'),(31,'Alva','Goldner','2016-03-05 05:53:18'),(32,'Mikayla','McClure','2019-03-07 15:43:57'),(33,'Vicenta','Prosacco','2017-02-21 18:30:52'),(34,'Ayla','Reichert','2011-08-01 15:16:32'),(35,'Berta','Swaniawski','2015-06-19 21:18:42'),(36,'Garrison','Reynolds','2020-04-01 19:23:00'),(37,'Vaughn','Fay','2020-03-10 17:44:17'),(38,'Abdullah','Tromp','2019-01-09 14:57:53'),(39,'Green','Upton','2017-12-05 07:32:15'),(40,'Cecile','Wisoky','2013-12-06 09:53:39'),(41,'Mauricio','Bailey','2019-08-31 13:45:02'),(42,'Ida','Swaniawski','2019-02-15 04:42:00'),(43,'Mathew','Spinka','2013-01-13 09:01:16'),(44,'Florine','Spencer','2014-10-30 21:27:27'),(45,'Mazie','Ondricka','2016-10-14 12:34:54'),(46,'Kristofer','Kling','2018-08-04 20:48:19'),(47,'Steve','O\'Keefe','2012-05-27 11:18:26'),(48,'Harvey','McClure','2019-12-18 11:34:18'),(49,'Jalyn','Spencer','2015-02-06 21:14:55'),(50,'Nelson','Borer','2020-10-15 06:46:15'),(51,'Carlee','Luettgen','2011-11-25 17:28:47'),(52,'Al','Renner','2014-10-04 00:36:43'),(53,'Kaleb','Kutch','2015-09-29 04:56:55'),(54,'Amber','Runolfsdottir','2012-10-28 05:19:17'),(55,'Zella','Thiel','2020-05-20 21:33:44'),(56,'Oran','Ankunding','2015-10-11 21:47:23'),(57,'Myra','Dickens','2016-07-19 14:27:19'),(58,'Zula','Deckow','2016-11-13 09:39:45'),(59,'Macey','Heathcote','2020-12-12 21:11:34'),(60,'Verlie','Pollich','2019-03-02 08:42:11'),(61,'Darius','Batz','2011-10-28 16:27:57'),(62,'Alba','Effertz','2020-11-16 17:45:06'),(63,'Jessie','Zboncak','2011-11-02 20:45:14'),(64,'Earline','Stark','2018-03-18 13:47:08'),(65,'Isac','Shields','2019-06-18 13:57:11'),(66,'Tiana','Howe','2012-02-14 04:58:22'),(67,'Lilla','Beer','2014-07-14 23:39:14'),(68,'Maud','Becker','2011-08-08 08:45:19'),(69,'Samson','Romaguera','2015-11-09 20:09:43'),(70,'Lamar','Huels','2017-12-20 01:04:18'),(71,'Ora','Parker','2012-11-16 01:30:35'),(72,'Blaze','Kub','2012-08-31 05:08:18'),(73,'Raoul','Little','2014-10-11 18:53:33'),(74,'Wayne','Skiles','2019-12-24 07:47:23'),(75,'Devon','Schinner','2015-03-10 21:27:45'),(76,'Ronaldo','Leuschke','2012-03-03 02:20:22'),(77,'Aaron','Stroman','2012-08-02 15:46:48'),(78,'Rosamond','Glover','2014-10-05 19:06:47'),(79,'Jeramy','Marvin','2012-11-15 00:34:35'),(80,'Anibal','Jones','2011-04-27 00:26:06'),(81,'Corrine','Corwin','2015-10-20 05:00:10'),(82,'Marie','Friesen','2013-04-14 11:05:46'),(83,'Zander','Cummerata','2016-10-09 20:05:53'),(84,'Emie','Purdy','2017-10-03 17:14:30'),(85,'Jonathan','Weissnat','2012-01-18 13:15:25'),(86,'Axel','Wunsch','2011-12-30 11:37:51'),(87,'Citlalli','Beer','2017-02-26 16:25:22'),(88,'Louisa','Crooks','2016-09-18 22:35:54'),(89,'Clemens','Larson','2013-08-25 14:19:19'),(90,'Brad','Kuvalis','2016-08-27 14:13:32'),(91,'Pasquale','Bayer','2011-06-30 17:20:16'),(92,'Angelita','Schimmel','2014-10-04 06:57:09'),(93,'Theresia','Volkman','2018-11-18 16:29:27'),(94,'Hassie','Walker','2017-07-28 20:55:44'),(95,'Lukas','Leffler','2012-03-14 16:46:31'),(96,'Geovany','Stoltenberg','2014-12-25 03:59:40'),(97,'Ollie','Macejkovic','2013-10-29 10:17:48'),(98,'Gretchen','Heidenreich','2015-11-12 15:41:37'),(99,'Gayle','Ferry','2018-10-07 09:47:13'),(100,'Carter','Nicolas','2014-05-26 13:57:13');
/*!40000 ALTER TABLE `autors` ENABLE KEYS */;
UNLOCK TABLES;

--
-- Table structure for table `autors_books`
--

DROP TABLE IF EXISTS `autors_books`;
/*!40101 SET @saved_cs_client     = @@character_set_client */;
/*!50503 SET character_set_client = utf8mb4 */;
CREATE TABLE `autors_books` (
  `id` int unsigned NOT NULL AUTO_INCREMENT,
  `autor_id` int unsigned NOT NULL,
  `book_id` int unsigned NOT NULL,
  `created_at` datetime DEFAULT CURRENT_TIMESTAMP,
  `updated_at` datetime DEFAULT CURRENT_TIMESTAMP ON UPDATE CURRENT_TIMESTAMP,
  PRIMARY KEY (`id`),
  KEY `autors_books_autor_id_fk` (`autor_id`),
  KEY `autor_id_book_id_fk` (`book_id`),
  CONSTRAINT `autor_id_book_id_fk` FOREIGN KEY (`book_id`) REFERENCES `books` (`id`),
  CONSTRAINT `autors_books_autor_id_fk` FOREIGN KEY (`autor_id`) REFERENCES `autors` (`id`)
) ENGINE=InnoDB AUTO_INCREMENT=401 DEFAULT CHARSET=utf8mb4 COLLATE=utf8mb4_unicode_ci COMMENT='Авторы книг';
/*!40101 SET character_set_client = @saved_cs_client */;

--
-- Dumping data for table `autors_books`
--

LOCK TABLES `autors_books` WRITE;
/*!40000 ALTER TABLE `autors_books` DISABLE KEYS */;
INSERT INTO `autors_books` VALUES (1,93,262,'2020-04-18 18:31:00','2021-03-23 13:58:21'),(2,47,173,'2020-11-10 06:50:58','2021-03-23 13:58:21'),(3,87,86,'2017-10-16 08:32:20','2021-03-23 13:58:21'),(4,39,3,'2019-01-03 09:09:40','2021-03-23 13:58:21'),(5,37,67,'2014-01-09 00:50:16','2017-06-06 16:31:33'),(6,79,149,'2019-04-28 06:23:20','2021-03-23 13:58:21'),(7,99,72,'2018-05-22 07:32:58','2021-03-23 13:58:21'),(8,44,270,'2018-05-07 18:25:46','2021-03-23 13:58:21'),(9,61,67,'2020-11-17 03:16:56','2021-03-23 13:58:21'),(10,42,85,'2012-04-28 23:15:11','2017-07-09 10:03:09'),(11,66,122,'2016-07-28 14:07:28','2021-03-23 13:58:21'),(12,17,100,'2014-01-03 06:19:14','2020-06-06 05:08:46'),(13,91,111,'2014-08-30 08:29:06','2021-03-23 13:58:21'),(14,72,202,'2015-09-12 15:36:36','2017-01-29 23:40:57'),(15,72,266,'2013-01-08 15:20:51','2019-08-29 09:47:20'),(16,37,293,'2015-01-23 06:35:23','2019-04-06 02:18:45'),(17,81,109,'2015-03-15 00:38:14','2016-08-27 17:28:33'),(18,5,184,'2015-08-17 22:56:57','2015-09-18 01:52:37'),(19,10,33,'2014-09-05 10:46:28','2019-11-04 12:37:16'),(20,10,98,'2012-06-19 01:35:42','2021-03-23 13:58:21'),(21,80,73,'2018-01-19 14:29:24','2020-10-04 21:17:16'),(22,49,193,'2014-01-15 15:34:49','2021-03-23 13:58:21'),(23,25,61,'2014-08-27 18:14:29','2016-08-28 18:02:35'),(24,79,106,'2016-08-18 21:02:08','2021-03-23 13:58:21'),(25,88,194,'2020-05-08 19:04:41','2021-03-23 13:58:21'),(26,24,219,'2020-06-16 09:37:34','2021-03-23 13:58:21'),(27,62,262,'2011-08-27 21:44:59','2013-01-17 07:43:53'),(28,51,119,'2018-12-19 11:12:13','2021-03-23 13:58:21'),(29,55,264,'2016-01-30 22:49:36','2021-03-23 13:58:21'),(30,77,15,'2016-12-21 21:32:52','2017-01-29 21:32:20'),(31,68,187,'2019-03-19 19:38:07','2021-03-23 13:58:21'),(32,83,190,'2019-02-08 04:26:02','2020-07-19 00:35:50'),(33,24,186,'2014-12-04 11:11:45','2021-03-23 13:58:21'),(34,56,266,'2016-08-08 01:36:05','2021-03-23 13:58:21'),(35,72,109,'2018-07-02 06:25:16','2021-03-23 13:58:21'),(36,41,270,'2021-02-28 19:28:31','2021-03-23 13:58:21'),(37,77,62,'2015-05-28 15:26:15','2021-03-23 13:58:21'),(38,92,148,'2017-12-14 18:33:27','2018-12-06 03:09:27'),(39,62,262,'2014-10-01 13:27:33','2014-10-15 07:52:41'),(40,81,19,'2014-08-01 07:13:54','2020-02-02 11:53:27'),(41,65,288,'2013-05-09 17:53:05','2018-08-18 10:22:21'),(42,22,2,'2015-01-30 10:57:40','2020-06-17 14:06:05'),(43,5,274,'2013-09-14 14:50:56','2016-12-20 22:24:31'),(44,75,185,'2013-12-18 06:04:34','2020-06-28 21:33:23'),(45,87,274,'2012-02-01 14:28:51','2019-08-31 13:53:00'),(46,45,17,'2020-05-12 18:16:09','2020-07-28 19:19:55'),(47,6,239,'2011-09-05 10:25:38','2017-12-12 08:39:17'),(48,7,83,'2017-02-06 18:53:07','2021-03-23 13:58:21'),(49,45,242,'2016-04-17 06:12:57','2021-02-25 07:32:47'),(50,85,60,'2018-08-12 23:38:55','2021-03-23 13:58:21'),(51,96,192,'2019-01-29 23:37:51','2021-03-23 13:58:21'),(52,14,4,'2016-04-15 08:18:16','2021-03-23 13:58:21'),(53,25,83,'2016-10-01 21:53:02','2016-10-19 01:49:59'),(54,61,59,'2021-01-14 03:43:00','2021-03-23 13:58:21'),(55,1,185,'2011-08-17 16:45:47','2020-06-20 12:43:24'),(56,66,275,'2021-01-09 20:00:41','2021-03-23 13:58:21'),(57,89,189,'2011-11-03 15:24:45','2013-10-11 10:29:52'),(58,81,9,'2019-07-24 07:01:21','2021-03-23 13:58:21'),(59,92,96,'2019-10-15 15:52:57','2021-03-23 13:58:21'),(60,48,69,'2018-09-11 07:17:36','2021-03-23 13:58:21'),(61,16,232,'2014-12-22 07:47:55','2017-10-26 23:11:47'),(62,44,34,'2017-01-03 14:02:44','2017-09-28 13:43:46'),(63,59,35,'2019-11-04 07:05:30','2021-03-23 13:58:21'),(64,16,225,'2012-02-11 04:56:22','2018-01-28 04:15:50'),(65,23,86,'2013-08-15 21:58:34','2016-09-16 21:12:19'),(66,37,37,'2012-04-12 01:58:22','2013-07-25 22:01:29'),(67,96,224,'2017-03-29 23:57:08','2021-03-23 13:58:21'),(68,23,150,'2020-11-20 14:53:27','2021-03-23 13:58:21'),(69,6,65,'2017-10-10 08:04:18','2020-02-02 11:53:48'),(70,80,149,'2011-06-29 04:19:18','2016-09-23 15:06:46'),(71,26,172,'2015-10-28 05:49:21','2020-06-30 18:09:56'),(72,30,276,'2012-06-01 15:50:40','2021-03-09 00:20:18'),(73,31,281,'2011-03-25 04:00:08','2018-03-22 20:34:38'),(74,62,150,'2021-01-17 02:09:17','2021-03-23 13:58:21'),(75,23,225,'2014-12-13 05:14:21','2017-11-12 20:46:58'),(76,41,5,'2017-12-19 14:03:46','2021-03-23 13:58:21'),(77,26,65,'2015-08-15 02:32:56','2021-03-23 13:58:21'),(78,34,220,'2020-12-28 21:52:37','2021-03-23 13:58:21'),(79,94,3,'2015-06-11 01:38:02','2018-07-21 15:56:59'),(80,82,268,'2017-05-21 04:05:29','2021-03-23 13:58:21'),(81,24,216,'2017-09-02 09:43:56','2021-03-23 13:58:21'),(82,85,134,'2013-10-16 03:11:34','2017-01-05 13:51:49'),(83,84,247,'2011-12-09 00:26:25','2019-10-03 13:33:50'),(84,75,285,'2013-07-19 23:53:10','2021-03-23 13:58:21'),(85,38,274,'2014-02-21 11:10:49','2020-11-17 11:45:18'),(86,19,151,'2020-03-15 07:00:30','2021-03-23 13:58:21'),(87,68,282,'2019-09-07 13:27:34','2021-03-23 13:58:21'),(88,33,93,'2013-01-14 05:18:07','2014-09-08 21:45:54'),(89,45,58,'2013-03-04 12:07:16','2021-03-23 13:58:21'),(90,21,145,'2018-02-01 20:46:10','2019-03-25 07:29:17'),(91,45,188,'2020-10-05 05:58:01','2021-03-23 13:58:21'),(92,51,3,'2014-12-15 14:07:24','2021-03-23 13:58:21'),(93,86,276,'2019-04-27 05:44:09','2021-03-23 13:58:21'),(94,35,229,'2013-01-10 23:25:05','2015-12-29 10:09:57'),(95,91,39,'2014-06-07 19:47:14','2016-05-03 16:43:46'),(96,100,227,'2016-06-27 17:40:41','2017-01-24 20:47:47'),(97,40,52,'2018-04-04 00:44:02','2021-03-23 13:58:21'),(98,87,127,'2012-01-23 08:28:01','2015-02-10 19:30:59'),(99,50,144,'2013-10-26 10:48:01','2018-03-21 07:39:57'),(100,88,106,'2013-09-03 17:33:57','2021-03-23 13:58:21'),(101,73,263,'2011-06-08 17:08:52','2011-07-03 10:56:09'),(102,21,42,'2011-07-28 14:42:02','2018-02-01 22:34:05'),(103,30,177,'2014-03-02 07:03:07','2020-01-16 23:16:52'),(104,89,213,'2017-06-26 15:42:34','2020-12-30 11:05:05'),(105,55,256,'2021-01-02 16:07:16','2021-03-23 13:58:21'),(106,92,150,'2020-08-19 17:47:49','2021-03-23 13:58:21'),(107,46,65,'2020-04-04 03:26:44','2021-03-23 13:58:21'),(108,81,35,'2020-07-08 16:43:50','2021-03-23 13:58:21'),(109,73,64,'2013-04-03 23:30:58','2015-06-10 03:54:19'),(110,22,71,'2013-06-12 00:29:51','2021-03-23 13:58:21'),(111,32,132,'2011-08-31 04:12:05','2012-11-07 17:01:43'),(112,97,227,'2011-06-23 22:33:25','2012-01-03 04:19:37'),(113,30,288,'2014-07-11 00:37:05','2016-07-03 16:57:42'),(114,82,283,'2017-05-19 07:29:29','2018-06-08 15:35:39'),(115,85,127,'2015-01-16 14:39:21','2018-01-20 09:22:51'),(116,57,295,'2020-12-30 21:02:14','2021-03-23 13:58:21'),(117,80,47,'2017-01-17 11:54:14','2017-11-02 15:09:11'),(118,66,112,'2012-05-08 01:29:43','2021-03-23 13:58:21'),(119,86,192,'2016-11-03 11:47:28','2021-02-26 01:54:49'),(120,84,296,'2017-06-20 19:04:13','2021-03-23 13:58:21'),(121,17,74,'2014-07-05 11:20:44','2018-07-29 06:46:01'),(122,46,18,'2017-08-08 02:16:39','2019-08-01 23:27:33'),(123,58,246,'2012-04-27 04:31:50','2015-03-22 12:22:38'),(124,83,273,'2018-08-18 17:32:17','2019-08-10 12:00:52'),(125,11,169,'2017-06-19 14:49:02','2021-03-23 13:58:21'),(126,86,107,'2017-12-26 10:10:31','2018-07-31 06:03:27'),(127,80,189,'2018-12-19 08:45:44','2021-03-23 13:58:21'),(128,88,74,'2017-08-29 06:35:11','2021-03-19 02:18:50'),(129,13,61,'2018-02-02 21:10:38','2018-11-10 08:39:37'),(130,84,275,'2018-09-23 11:33:15','2018-11-16 23:12:17'),(131,54,170,'2020-11-22 04:42:10','2021-03-23 13:58:21'),(132,76,142,'2011-09-05 13:50:06','2014-12-01 21:48:22'),(133,34,178,'2012-04-16 06:26:02','2018-07-09 14:18:23'),(134,47,291,'2016-06-01 10:55:00','2021-03-23 13:58:21'),(135,64,156,'2014-11-11 10:27:06','2018-01-26 16:02:57'),(136,44,204,'2012-01-08 01:30:01','2020-05-29 19:00:29'),(137,74,225,'2020-10-25 10:31:08','2021-03-23 13:58:21'),(138,2,299,'2015-11-08 14:55:53','2016-06-21 17:48:28'),(139,13,172,'2016-07-16 11:07:48','2021-03-23 13:58:21'),(140,43,248,'2018-07-07 02:05:57','2021-03-23 13:58:21'),(141,12,281,'2012-05-08 08:49:22','2015-04-26 15:18:50'),(142,83,248,'2016-09-22 12:13:22','2019-09-04 21:37:53'),(143,33,107,'2013-01-21 22:34:47','2018-09-30 19:14:54'),(144,52,195,'2018-09-06 02:30:40','2018-12-13 12:50:07'),(145,98,99,'2016-04-26 23:35:56','2021-03-23 13:58:21'),(146,77,293,'2021-03-22 08:32:59','2021-03-23 13:58:21'),(147,13,274,'2011-10-13 16:31:37','2012-09-08 07:02:30'),(148,81,200,'2016-04-23 22:08:41','2020-06-18 06:10:27'),(149,95,84,'2021-03-03 06:27:26','2021-03-23 13:58:21'),(150,4,190,'2013-01-04 21:52:36','2014-02-15 10:26:51'),(151,35,223,'2014-08-15 03:44:44','2021-03-08 01:22:50'),(152,68,101,'2019-11-17 01:56:21','2021-03-23 13:58:21'),(153,13,107,'2012-01-29 16:17:32','2017-08-15 10:11:25'),(154,53,36,'2012-01-08 08:00:20','2013-08-27 02:15:54'),(155,50,296,'2018-07-05 19:52:41','2021-03-23 13:58:21'),(156,71,188,'2016-09-03 00:27:09','2020-10-01 15:51:12'),(157,30,164,'2019-02-06 15:28:53','2021-03-23 13:58:21'),(158,25,8,'2018-09-06 16:36:54','2021-03-23 13:58:21'),(159,64,198,'2018-10-10 07:36:50','2021-03-23 13:58:21'),(160,35,114,'2017-10-28 23:48:33','2021-03-23 13:58:21'),(161,3,254,'2019-06-25 07:17:13','2021-03-23 13:58:21'),(162,64,211,'2020-12-03 01:47:20','2021-03-23 13:58:21'),(163,4,185,'2013-02-23 14:30:13','2018-10-24 00:10:54'),(164,100,187,'2020-02-24 03:51:09','2021-03-23 13:58:21'),(165,14,26,'2017-05-16 06:05:21','2019-06-02 04:21:06'),(166,75,236,'2018-11-14 18:32:59','2021-03-23 13:58:21'),(167,85,39,'2015-01-01 11:37:00','2018-01-22 10:10:32'),(168,87,145,'2012-03-14 15:28:31','2019-03-21 01:33:28'),(169,23,256,'2015-06-29 03:28:35','2017-04-29 22:39:49'),(170,78,289,'2012-02-27 13:11:19','2020-07-02 18:54:49'),(171,23,72,'2014-07-15 16:35:22','2019-11-22 07:52:24'),(172,100,116,'2013-05-14 09:13:22','2014-02-26 23:35:01'),(173,83,210,'2014-06-14 11:46:23','2017-01-24 13:11:11'),(174,36,187,'2011-09-13 03:41:11','2014-02-17 07:38:19'),(175,97,110,'2014-11-07 02:53:05','2019-01-29 11:53:31'),(176,54,164,'2012-07-11 15:05:25','2017-08-07 07:48:01'),(177,76,259,'2020-04-29 02:36:14','2021-03-23 13:58:21'),(178,14,99,'2012-02-10 18:10:47','2019-01-12 04:03:18'),(179,42,57,'2011-07-01 02:02:31','2021-03-05 08:51:08'),(180,36,53,'2020-04-04 21:26:28','2021-03-23 13:58:21'),(181,28,226,'2020-07-29 05:19:08','2021-03-23 13:58:21'),(182,91,289,'2016-01-01 00:00:31','2021-03-23 13:58:21'),(183,59,256,'2011-12-01 17:30:14','2018-04-24 09:14:34'),(184,16,252,'2014-02-01 10:49:47','2021-03-23 13:58:21'),(185,13,176,'2012-02-04 13:40:23','2016-08-27 14:42:37'),(186,54,171,'2017-02-04 11:08:04','2017-03-01 13:26:11'),(187,56,19,'2018-06-04 21:40:13','2019-04-25 12:58:49'),(188,73,287,'2018-11-13 13:03:21','2021-03-23 13:58:21'),(189,41,218,'2011-10-05 14:17:45','2016-06-25 21:01:02'),(190,60,54,'2011-09-12 06:37:34','2018-12-06 19:29:38'),(191,94,100,'2017-12-14 12:01:40','2019-01-07 14:13:29'),(192,91,270,'2019-12-20 22:12:14','2021-03-23 13:58:21'),(193,48,35,'2015-08-12 07:58:42','2019-06-08 03:24:43'),(194,43,256,'2015-05-19 04:26:20','2017-04-03 04:18:05'),(195,85,197,'2017-02-05 02:23:29','2017-09-08 13:43:20'),(196,21,84,'2011-12-25 17:08:43','2012-11-04 20:01:10'),(197,37,52,'2019-01-25 04:55:45','2021-03-23 13:58:21'),(198,67,190,'2016-10-05 02:40:59','2021-03-23 13:58:21'),(199,27,140,'2011-10-17 23:31:29','2020-06-21 03:51:21'),(200,97,5,'2015-03-05 08:55:45','2018-09-23 20:31:15'),(201,8,216,'2012-09-23 19:51:56','2017-02-08 08:29:16'),(202,86,215,'2020-04-24 18:54:05','2021-03-23 13:58:21'),(203,58,55,'2020-10-19 10:30:57','2021-03-23 13:58:21'),(204,49,241,'2012-09-11 00:35:53','2020-12-28 06:17:11'),(205,40,184,'2016-10-07 07:22:50','2018-05-06 05:38:33'),(206,22,284,'2021-01-15 04:45:12','2021-03-23 13:58:21'),(207,6,119,'2012-10-26 12:17:53','2021-03-23 13:58:21'),(208,62,128,'2016-10-18 21:36:03','2017-09-11 22:46:09'),(209,94,78,'2017-01-16 10:26:13','2021-03-23 13:58:21'),(210,52,263,'2019-01-08 21:59:34','2021-03-23 13:58:21'),(211,85,98,'2020-03-09 15:08:18','2021-03-23 13:58:21'),(212,17,186,'2013-12-05 04:12:19','2019-11-24 06:20:35'),(213,51,28,'2015-01-31 10:49:19','2018-11-18 16:39:18'),(214,68,287,'2011-04-19 21:19:53','2012-03-28 07:08:24'),(215,12,215,'2019-02-11 06:27:49','2020-03-26 03:11:13'),(216,89,264,'2014-02-18 23:27:41','2015-11-29 17:06:46'),(217,23,36,'2012-12-10 07:30:38','2020-09-14 00:41:53'),(218,60,164,'2013-10-25 05:53:01','2019-09-21 18:29:07'),(219,91,43,'2018-02-09 12:03:11','2018-03-13 00:46:00'),(220,29,259,'2016-12-07 21:15:00','2021-03-23 13:58:21'),(221,81,43,'2018-04-24 16:11:42','2021-03-23 13:58:21'),(222,43,233,'2013-03-15 11:54:26','2021-03-23 13:58:21'),(223,28,124,'2015-09-28 08:34:33','2021-03-23 13:58:21'),(224,14,66,'2017-05-19 15:21:08','2019-11-15 18:30:30'),(225,71,10,'2014-08-01 13:37:37','2014-09-01 14:37:21'),(226,45,200,'2013-03-11 22:44:24','2013-04-17 01:00:54'),(227,93,9,'2014-02-24 21:57:07','2017-03-11 17:59:44'),(228,51,86,'2020-09-21 13:31:08','2021-03-23 13:58:21'),(229,12,297,'2021-01-26 04:16:18','2021-03-23 13:58:21'),(230,53,125,'2019-01-16 22:52:08','2021-03-23 13:58:21'),(231,97,148,'2014-02-09 23:34:14','2017-10-27 16:16:48'),(232,21,273,'2011-10-31 19:21:24','2012-10-07 07:40:25'),(233,44,154,'2013-11-02 06:45:26','2017-07-30 16:01:52'),(234,44,139,'2014-02-20 23:14:30','2021-03-23 13:58:21'),(235,64,109,'2017-07-07 07:42:00','2020-08-06 17:05:32'),(236,45,252,'2015-05-19 13:33:34','2021-03-23 13:58:21'),(237,3,182,'2020-01-22 13:22:31','2021-03-23 13:58:21'),(238,62,5,'2019-08-18 00:43:24','2020-06-07 23:19:55'),(239,51,52,'2019-07-22 19:52:07','2021-03-23 13:58:21'),(240,100,11,'2020-01-13 02:58:39','2021-03-23 13:58:21'),(241,88,68,'2021-02-17 16:34:08','2021-03-23 13:58:21'),(242,47,88,'2019-03-06 10:26:19','2021-03-23 13:58:21'),(243,92,117,'2014-07-09 15:46:05','2016-11-13 08:20:05'),(244,23,125,'2015-10-23 17:37:31','2018-01-15 12:08:30'),(245,68,199,'2017-11-17 06:42:32','2021-03-23 13:58:21'),(246,34,297,'2018-01-23 01:15:22','2019-10-11 04:21:19'),(247,45,58,'2012-07-15 19:57:29','2021-03-23 13:58:21'),(248,55,158,'2017-05-10 18:10:07','2021-03-23 13:58:21'),(249,97,108,'2021-02-14 06:28:50','2021-03-23 13:58:21'),(250,96,252,'2014-01-08 16:31:27','2021-03-23 13:58:21'),(251,22,150,'2015-05-23 23:56:07','2019-05-17 15:51:32'),(252,92,289,'2018-07-07 03:13:36','2019-04-04 06:09:26'),(253,49,69,'2013-01-14 16:27:07','2014-05-27 14:10:45'),(254,64,296,'2016-06-02 20:15:37','2021-03-23 13:58:21'),(255,100,4,'2013-12-07 02:06:30','2018-09-23 16:48:53'),(256,74,233,'2011-08-30 07:39:06','2018-05-30 08:36:15'),(257,60,148,'2012-03-13 08:30:24','2015-12-22 11:14:44'),(258,71,135,'2017-02-28 23:35:09','2020-08-19 03:55:21'),(259,61,159,'2014-03-01 04:24:58','2015-07-21 18:16:56'),(260,96,40,'2017-09-07 23:22:29','2020-07-14 03:56:12'),(261,100,161,'2012-02-11 04:25:36','2016-05-10 07:50:24'),(262,61,281,'2011-09-24 02:43:13','2018-02-04 05:19:49'),(263,2,171,'2018-07-26 08:24:25','2019-01-13 00:24:58'),(264,62,54,'2018-01-16 02:15:52','2021-03-23 13:58:21'),(265,90,227,'2011-04-13 11:45:09','2018-08-07 22:40:40'),(266,80,297,'2017-10-06 01:03:28','2021-03-23 13:58:21'),(267,24,53,'2018-07-09 07:57:28','2021-03-23 13:58:21'),(268,7,82,'2016-03-08 07:49:07','2021-03-23 13:58:21'),(269,90,14,'2016-04-19 11:37:53','2016-05-23 15:32:58'),(270,77,168,'2018-12-06 08:21:31','2021-03-23 13:58:21'),(271,5,296,'2020-02-04 00:24:40','2021-03-23 13:58:21'),(272,31,115,'2012-01-29 05:50:00','2019-12-28 13:16:27'),(273,47,131,'2018-02-21 13:53:43','2021-03-23 13:58:21'),(274,9,79,'2011-07-08 02:25:38','2017-07-14 02:34:18'),(275,61,52,'2018-11-24 03:24:31','2021-03-23 13:58:21'),(276,80,51,'2014-08-02 07:59:00','2021-03-23 13:58:21'),(277,16,237,'2019-10-01 14:26:14','2021-03-23 13:58:21'),(278,26,190,'2020-08-06 00:41:14','2021-03-23 13:58:21'),(279,2,29,'2019-04-10 09:29:25','2021-03-23 13:58:21'),(280,59,30,'2018-04-27 03:35:07','2021-03-23 13:58:21'),(281,67,63,'2014-07-17 20:46:55','2018-10-22 13:02:03'),(282,100,183,'2011-11-14 22:46:08','2012-03-03 02:16:03'),(283,23,8,'2012-05-03 10:57:45','2015-02-19 03:26:00'),(284,58,3,'2018-10-11 13:10:33','2021-03-23 13:58:21'),(285,39,203,'2014-01-29 19:16:43','2019-09-03 02:46:51'),(286,1,220,'2018-03-31 15:09:59','2021-03-23 13:58:21'),(287,79,200,'2014-09-27 21:54:54','2016-03-04 06:50:48'),(288,74,155,'2019-03-30 16:04:31','2019-11-13 21:24:02'),(289,2,2,'2016-03-20 20:02:06','2021-03-23 13:58:21'),(290,82,105,'2019-01-01 11:06:59','2021-03-23 13:58:21'),(291,55,164,'2011-09-15 14:58:58','2016-07-19 22:49:29'),(292,10,290,'2017-03-18 05:21:18','2019-08-24 11:28:15'),(293,8,264,'2015-02-21 01:46:03','2021-03-23 13:58:21'),(294,39,221,'2011-07-23 01:37:05','2018-05-13 03:41:31'),(295,41,281,'2017-01-22 07:13:38','2019-08-28 07:09:47'),(296,30,56,'2018-07-19 10:35:19','2018-12-19 18:37:25'),(297,59,58,'2021-01-15 18:23:31','2021-03-23 13:58:21'),(298,13,234,'2016-11-28 03:02:13','2021-03-23 13:58:21'),(299,67,192,'2020-02-12 03:50:16','2021-03-23 13:58:21'),(300,20,71,'2018-10-07 20:36:24','2021-03-23 13:58:21'),(301,46,215,'2016-10-03 03:39:37','2017-05-20 06:57:26'),(302,57,217,'2011-08-22 01:02:06','2015-02-18 03:45:24'),(303,51,71,'2014-07-14 01:59:13','2019-07-20 04:17:20'),(304,30,11,'2019-05-23 06:29:32','2021-03-23 13:58:21'),(305,67,203,'2013-02-28 18:25:48','2018-06-19 18:11:03'),(306,38,70,'2020-02-05 23:22:06','2021-03-23 13:58:21'),(307,11,73,'2019-03-20 14:49:43','2020-01-11 07:42:56'),(308,24,204,'2018-05-05 11:13:51','2021-03-23 13:58:21'),(309,13,286,'2016-09-26 00:20:59','2019-03-06 05:26:06'),(310,73,274,'2015-07-05 18:56:54','2020-11-08 09:53:13'),(311,67,160,'2014-08-16 19:40:48','2021-03-23 13:58:21'),(312,10,291,'2016-11-12 02:17:56','2021-03-23 13:58:21'),(313,56,286,'2014-10-04 17:37:42','2016-01-21 06:07:42'),(314,22,18,'2012-07-17 15:59:37','2020-04-25 21:30:52'),(315,1,194,'2017-08-08 07:02:11','2020-09-10 15:27:50'),(316,30,281,'2012-03-10 12:34:27','2013-06-13 00:44:09'),(317,56,36,'2017-06-02 05:08:39','2020-03-16 16:13:17'),(318,43,137,'2017-09-22 09:57:01','2021-03-23 13:58:21'),(319,43,182,'2019-08-08 04:54:46','2020-07-09 06:54:11'),(320,81,222,'2016-12-25 05:15:21','2021-03-23 13:58:21'),(321,95,140,'2012-07-25 09:40:46','2017-10-22 15:21:33'),(322,36,266,'2020-11-24 13:55:44','2021-03-23 13:58:21'),(323,42,114,'2014-06-27 04:10:07','2015-09-04 02:28:29'),(324,50,204,'2011-10-17 03:37:28','2013-01-11 04:12:28'),(325,52,11,'2019-01-08 11:45:35','2019-02-28 07:51:16'),(326,67,229,'2017-03-03 05:09:17','2019-04-05 16:35:13'),(327,86,92,'2014-03-17 01:27:26','2021-03-23 13:58:21'),(328,56,137,'2019-01-01 15:35:28','2021-03-23 13:58:21'),(329,12,56,'2015-04-22 09:37:24','2021-03-23 13:58:21'),(330,31,251,'2021-02-20 08:44:40','2021-03-23 13:58:21'),(331,8,189,'2011-12-18 21:02:45','2021-03-15 12:24:08'),(332,99,253,'2013-03-23 12:06:29','2021-03-23 13:58:21'),(333,26,35,'2020-08-11 08:24:59','2021-03-23 13:58:21'),(334,48,144,'2020-07-10 03:31:50','2021-03-23 13:58:21'),(335,67,72,'2012-12-26 14:27:23','2017-08-12 00:14:25'),(336,80,178,'2019-03-18 18:03:50','2021-03-23 13:58:21'),(337,47,232,'2016-01-18 03:41:04','2021-03-23 13:58:21'),(338,93,197,'2019-04-18 15:16:10','2021-03-23 13:58:21'),(339,46,4,'2012-01-18 13:44:36','2020-09-02 23:59:34'),(340,89,260,'2011-11-02 04:44:38','2013-10-13 00:56:23'),(341,37,196,'2019-05-28 04:31:14','2021-03-23 13:58:21'),(342,79,12,'2018-11-15 15:27:00','2021-03-23 13:58:21'),(343,5,143,'2016-11-02 06:27:49','2021-03-23 13:58:21'),(344,43,255,'2019-09-16 17:18:00','2021-03-23 13:58:21'),(345,48,60,'2021-01-13 14:33:00','2021-03-23 13:58:21'),(346,91,60,'2020-10-11 22:59:39','2021-03-23 13:58:21'),(347,90,200,'2012-02-22 15:28:31','2012-09-21 01:46:16'),(348,7,143,'2016-06-17 15:28:44','2019-06-24 00:21:49'),(349,69,119,'2016-06-10 07:31:44','2019-09-13 04:18:06'),(350,17,76,'2017-09-26 00:08:55','2018-01-19 23:10:45'),(351,87,141,'2011-08-27 20:20:05','2019-01-10 00:19:39'),(352,45,157,'2014-11-10 22:02:13','2021-03-23 13:58:21'),(353,85,71,'2015-02-03 15:40:54','2021-03-23 13:58:21'),(354,88,181,'2018-06-14 05:56:20','2021-03-23 13:58:21'),(355,92,175,'2015-03-02 19:03:40','2020-03-15 06:15:20'),(356,86,181,'2012-05-21 23:44:27','2012-11-16 18:06:48'),(357,84,179,'2020-06-24 20:16:59','2021-03-23 13:58:21'),(358,34,103,'2021-01-23 06:04:17','2021-03-23 13:58:21'),(359,45,54,'2020-07-12 15:41:44','2021-03-23 13:58:21'),(360,19,32,'2016-02-08 03:43:37','2021-03-23 13:58:21'),(361,9,54,'2015-12-19 12:11:34','2021-03-23 13:58:21'),(362,53,6,'2011-11-09 10:41:35','2012-07-13 16:22:32'),(363,7,260,'2012-07-31 17:52:49','2013-08-10 04:53:55'),(364,21,40,'2018-11-19 14:07:33','2021-03-23 13:58:21'),(365,56,93,'2016-03-25 14:54:40','2021-03-23 13:58:21'),(366,75,173,'2011-07-06 20:28:02','2013-07-20 18:55:01'),(367,83,246,'2013-08-29 03:13:23','2015-03-28 22:05:18'),(368,93,15,'2014-12-13 18:01:59','2015-01-14 20:42:54'),(369,47,159,'2019-09-24 12:26:24','2021-03-23 13:58:21'),(370,49,274,'2018-10-16 15:48:00','2021-03-23 13:58:21'),(371,68,150,'2013-07-11 23:18:33','2021-03-23 13:58:21'),(372,55,105,'2016-04-03 04:55:23','2017-10-07 21:27:49'),(373,44,72,'2011-09-17 20:45:24','2020-12-19 18:47:32'),(374,100,99,'2018-05-15 08:38:49','2021-03-23 13:58:21'),(375,66,2,'2018-11-27 06:08:30','2021-03-23 13:58:21'),(376,16,180,'2011-10-22 07:26:11','2019-01-10 10:13:07'),(377,19,134,'2017-01-15 08:45:11','2021-03-23 13:58:21'),(378,81,166,'2012-06-27 05:39:34','2018-10-12 23:41:53'),(379,56,296,'2018-04-04 10:59:51','2020-10-02 17:37:10'),(380,23,258,'2019-04-04 23:54:41','2021-03-23 13:58:21'),(381,8,56,'2018-05-05 10:06:08','2021-03-23 13:58:21'),(382,36,228,'2018-07-31 13:08:47','2021-03-23 13:58:21'),(383,18,38,'2012-07-01 05:59:18','2012-10-06 12:00:25'),(384,27,175,'2019-02-13 14:29:26','2020-11-16 23:47:44'),(385,87,191,'2011-09-25 06:12:21','2014-01-29 01:00:18'),(386,61,75,'2020-02-22 01:31:56','2021-03-23 13:58:21'),(387,46,138,'2017-01-13 02:14:06','2021-03-23 13:58:21'),(388,73,154,'2016-02-26 23:43:38','2021-03-23 13:58:21'),(389,52,129,'2014-10-21 09:58:37','2021-03-23 13:58:21'),(390,72,173,'2011-11-01 03:56:10','2018-04-16 18:37:45'),(391,60,232,'2018-01-20 23:50:21','2021-03-23 13:58:21'),(392,85,87,'2019-03-23 19:41:31','2021-03-23 13:58:21'),(393,41,241,'2020-05-17 07:48:46','2021-03-23 13:58:21'),(394,61,120,'2015-01-21 12:15:40','2021-03-23 13:58:21'),(395,87,146,'2018-12-18 00:23:53','2021-03-23 13:58:21'),(396,89,77,'2016-11-09 01:01:58','2021-03-23 13:58:21'),(397,56,93,'2021-02-11 13:35:46','2021-03-23 13:58:21'),(398,80,116,'2019-11-11 19:13:27','2021-03-23 13:58:21'),(399,36,291,'2014-01-25 10:32:41','2020-06-15 06:14:24'),(400,81,184,'2019-02-08 08:10:52','2021-03-23 13:58:21');
/*!40000 ALTER TABLE `autors_books` ENABLE KEYS */;
UNLOCK TABLES;

--
-- Table structure for table `book_categories`
--

DROP TABLE IF EXISTS `book_categories`;
/*!40101 SET @saved_cs_client     = @@character_set_client */;
/*!50503 SET character_set_client = utf8mb4 */;
CREATE TABLE `book_categories` (
  `id` int unsigned NOT NULL AUTO_INCREMENT,
  `name` varchar(100) CHARACTER SET utf8mb4 COLLATE utf8mb4_unicode_ci DEFAULT NULL,
  `created_at` datetime DEFAULT CURRENT_TIMESTAMP,
  PRIMARY KEY (`id`)
) ENGINE=InnoDB AUTO_INCREMENT=11 DEFAULT CHARSET=utf8mb4 COLLATE=utf8mb4_unicode_ci COMMENT='Категории книг ';
/*!40101 SET character_set_client = @saved_cs_client */;

--
-- Dumping data for table `book_categories`
--

LOCK TABLES `book_categories` WRITE;
/*!40000 ALTER TABLE `book_categories` DISABLE KEYS */;
INSERT INTO `book_categories` VALUES (1,'belles-lettres','2021-03-14 18:42:56'),(2,'book for children','2021-03-14 18:42:56'),(3,'education','2021-03-14 18:42:56'),(4,'science','2021-03-14 18:42:56'),(5,'psychology','2021-03-14 18:42:56'),(6,'art','2021-03-14 18:42:56'),(7,'philosophy and religion','2021-03-14 18:42:56'),(8,'business literature','2021-03-14 18:42:56'),(9,'society','2021-03-14 18:42:56'),(10,'sports and health','2021-03-14 18:42:56');
/*!40000 ALTER TABLE `book_categories` ENABLE KEYS */;
UNLOCK TABLES;

--
-- Table structure for table `books`
--

DROP TABLE IF EXISTS `books`;
/*!40101 SET @saved_cs_client     = @@character_set_client */;
/*!50503 SET character_set_client = utf8mb4 */;
CREATE TABLE `books` (
  `id` int unsigned NOT NULL AUTO_INCREMENT,
  `category_id` int unsigned NOT NULL,
  `publishing_house_id` int unsigned NOT NULL,
  `name` varchar(100) CHARACTER SET utf8mb4 COLLATE utf8mb4_unicode_ci DEFAULT NULL,
  `annotation` text CHARACTER SET utf8mb4 COLLATE utf8mb4_unicode_ci,
  `price` decimal(11,2) DEFAULT NULL,
  `created_at` datetime DEFAULT CURRENT_TIMESTAMP,
  `updated_at` datetime DEFAULT CURRENT_TIMESTAMP ON UPDATE CURRENT_TIMESTAMP,
  PRIMARY KEY (`id`),
  KEY `books_publishing_house_id_fk` (`publishing_house_id`),
  KEY `books_name_idx` (`name`),
  KEY `books_price_idx` (`price`),
  KEY `books_category_id_price_idx` (`category_id`,`price`),
  CONSTRAINT `books_category_id_fk` FOREIGN KEY (`category_id`) REFERENCES `book_categories` (`id`),
  CONSTRAINT `books_publishing_house_id_fk` FOREIGN KEY (`publishing_house_id`) REFERENCES `publishing_houses` (`id`)
) ENGINE=InnoDB AUTO_INCREMENT=301 DEFAULT CHARSET=utf8mb4 COLLATE=utf8mb4_unicode_ci COMMENT='Книги';
/*!40101 SET character_set_client = @saved_cs_client */;

--
-- Dumping data for table `books`
--

LOCK TABLES `books` WRITE;
/*!40000 ALTER TABLE `books` DISABLE KEYS */;
INSERT INTO `books` VALUES (1,1,2,'Dolore delectus dolor.','Omnis illum maxime modi est vel perspiciatis ut. Unde cum animi aut voluptas neque. Fugit aperiam tempore est quas et laudantium vero quidem.',1003.90,'2015-08-21 09:55:04','2021-03-14 18:42:50'),(2,7,2,'Sapiente aspernatur voluptas.','Veritatis illo aut est ut dolorum fugiat in. At dicta ut adipisci repellendus. Quo maxime enim blanditiis deserunt.',819.36,'2020-05-26 23:54:06','2021-03-14 18:42:50'),(3,4,7,'Praesentium quis.','Nobis sed voluptates ipsum autem quisquam non a. Voluptas asperiores officia iusto hic. Ad rerum voluptates hic hic dignissimos doloribus quidem architecto.',75.12,'2012-07-14 03:23:38','2021-03-14 18:42:50'),(4,3,1,'Quia ea deserunt.','Sed dolor molestias ea sit facilis et mollitia. Dolor earum perspiciatis omnis sed aut. Ipsa nulla laborum et et. Qui libero veniam nobis architecto.',907.53,'2018-12-22 00:42:37','2021-03-14 18:42:50'),(5,8,4,'Eos voluptates.','Ut odio sunt qui. Totam reiciendis aut qui eum nihil nisi officia. Molestiae sit veritatis ex et iure consequatur.',302.27,'2019-02-02 19:41:01','2021-03-14 18:42:50'),(6,6,4,'Officia iste eum.','Id autem saepe non aut. Eligendi reiciendis dolorum voluptatem harum vitae distinctio. Architecto ipsum consequatur incidunt doloribus deleniti qui. In inventore velit doloribus autem aliquid ratione soluta. Numquam velit dolorem optio odio quisquam.',778.77,'2011-07-27 05:57:46','2021-03-14 18:42:50'),(7,8,2,'Molestias tenetur.','Aspernatur quia sunt omnis rem sint corrupti aliquam ipsa. Autem aut rerum fuga ut veniam consequatur fugiat fuga. Corporis ad eius impedit excepturi soluta est maxime.',977.05,'2021-01-29 09:43:04','2021-03-14 18:42:50'),(8,7,2,'Praesentium vel.','Est porro delectus exercitationem fuga. Quisquam et molestiae non in et. Neque unde id sint molestiae temporibus impedit necessitatibus.',538.93,'2011-10-12 12:45:06','2021-03-14 18:42:50'),(9,7,1,'Quis similique voluptate.','Et consequatur nisi aliquam ab saepe quis. Magnam rem exercitationem earum. Fugiat natus cum ut et.',753.52,'2013-06-24 23:14:25','2021-03-14 18:42:50'),(10,4,6,'Corrupti ea.','Libero et a totam est in in. Aliquam repudiandae sint ut magnam voluptatem. Sint consequuntur quo veritatis et ducimus. Delectus earum porro inventore in laudantium numquam. Delectus eos reprehenderit deserunt aperiam neque illo.',140.78,'2013-09-21 12:44:58','2021-03-14 18:42:50'),(11,6,10,'Consectetur quaerat.','Qui deleniti sit non. Illo voluptatem itaque et eaque. Ipsam veniam rerum nemo eum. Dolor eius consectetur unde perferendis officia a ullam esse. Velit illo accusamus asperiores explicabo aut illum aut unde.',433.35,'2020-09-01 03:50:19','2021-03-14 18:42:50'),(12,5,1,'Est qui.','Ea tenetur minus commodi neque aut est quas. Sed neque voluptates non officia in eius. Qui officia voluptatem sit aperiam.',734.40,'2014-05-29 06:03:57','2021-03-14 18:42:50'),(13,10,4,'Doloribus odio.','Adipisci omnis hic autem ea voluptatum rerum. Id est labore voluptas expedita. Ab sit mollitia molestiae sed et quo voluptatem officiis.',361.96,'2012-12-01 20:05:25','2021-03-14 18:42:50'),(14,2,2,'Ab aut.','Et qui quia illum id. Accusamus illo nobis minus vel aut. Perspiciatis omnis nulla error fuga. Voluptatem sed ab velit porro.',596.59,'2018-06-30 22:47:46','2021-03-14 18:42:50'),(15,8,4,'Earum dicta laboriosam.','Officiis quod exercitationem enim. Esse voluptatum quos occaecati consectetur ab ea. Sed voluptas itaque consequatur quos quod vero qui. Laboriosam molestiae impedit sint ut voluptates. Dignissimos suscipit iusto occaecati alias nulla ut sint.',887.06,'2013-12-15 23:40:07','2021-03-14 18:42:50'),(16,4,2,'Aliquam saepe odio.','Aliquam totam harum eveniet eligendi sed aut. Ea accusamus et minima.',635.52,'2011-07-01 02:43:13','2021-03-14 18:42:50'),(17,3,4,'Blanditiis corporis.','Et et ex ut voluptas sit repellendus cum. Animi soluta quas molestiae ut. Et debitis vel eaque est eos dolore perspiciatis.',506.45,'2016-04-20 13:16:47','2021-03-14 18:42:50'),(18,3,9,'Sed magnam dignissimos.','Voluptatem natus rerum reiciendis voluptatum quam aut eos. Velit consequatur eaque dicta enim sequi cumque saepe dolore. Dolorem possimus perspiciatis consectetur sunt distinctio. Molestiae iusto eligendi assumenda perspiciatis molestias voluptas eaque maxime.',615.68,'2014-10-03 06:37:45','2021-03-14 18:42:50'),(19,8,1,'Nisi eius ducimus.','Quae omnis eius placeat eos eum accusantium neque. Odit aut quo rerum voluptas repellendus iusto autem. Saepe dicta accusamus ut praesentium doloribus quam sint. Maxime distinctio laboriosam nihil quam est exercitationem repellendus soluta.',549.05,'2019-04-21 10:23:13','2021-03-14 18:42:50'),(20,10,4,'Nihil nihil placeat.','Sint vitae quos non et dolorem quis. Voluptate aut perspiciatis iure sint ducimus natus harum. Explicabo quo quae non quisquam ut sint. Quidem architecto porro illum adipisci fugit.',888.20,'2018-06-27 05:06:02','2021-03-14 18:42:50'),(21,6,8,'Ea vero.','Assumenda excepturi officiis dolores omnis consectetur quia cumque. Dicta perspiciatis adipisci quasi voluptatem nulla sint. Ut repudiandae repellat et et in.',783.88,'2018-06-21 03:05:23','2021-03-14 18:42:50'),(22,4,1,'Tenetur beatae enim.','Qui laborum ut excepturi nihil aliquid. Quae quisquam et in quia. Quo enim natus quisquam doloremque repellendus officiis. Aperiam quisquam maxime cupiditate esse temporibus tempora ad quidem.',244.78,'2019-12-28 10:20:17','2021-03-14 18:42:50'),(23,2,6,'Repellendus omnis.','Velit adipisci id dolorem autem sequi est eveniet. Provident magni hic et sed minus ad. Pariatur et nisi alias est aliquam veniam qui. Similique praesentium quidem eum debitis nulla sed tempora cum.',862.25,'2011-10-22 22:25:02','2021-03-14 18:42:50'),(24,5,4,'Officia accusantium voluptas.','Similique ut laborum totam quos quis. Doloribus nisi alias quia eveniet tempore laboriosam libero. Rerum nobis quisquam quis consequatur velit delectus molestiae. Dolorem autem aut optio corrupti amet impedit.',566.91,'2011-09-09 00:18:52','2021-03-14 18:42:50'),(25,9,2,'Facilis magnam.','Quam et dicta illo illum exercitationem amet. Aut perspiciatis velit placeat sint nisi dolorum nisi. Ea sint quas fuga maxime omnis.',237.79,'2019-10-26 22:23:05','2021-03-14 18:42:50'),(26,5,1,'Ipsum dolor.','Eligendi aut non consequatur expedita consequuntur voluptate. Et saepe laboriosam animi voluptates nisi harum. Qui deserunt sit blanditiis ut ad. Et commodi est iure dicta.',478.25,'2013-04-23 00:26:37','2021-03-14 18:42:50'),(27,6,5,'Dolores omnis.','Sed impedit incidunt sequi fuga. Veritatis provident quos corrupti aut nam beatae non. Voluptatem nesciunt ut odit vero velit atque optio. Eum vel corrupti blanditiis.',667.87,'2020-12-26 02:52:50','2021-03-14 18:42:50'),(28,3,4,'Quaerat explicabo quia.','Ut libero officiis consequatur quo. Omnis id error quas et minus. Quo molestiae velit sunt dolore.',894.60,'2012-11-28 02:51:49','2021-03-14 18:42:50'),(29,9,3,'Alias et nihil.','Dolorem sunt optio temporibus recusandae. Voluptatem est animi rem voluptate nihil eligendi ut laboriosam. Harum perferendis dolorem ducimus nulla. Aut nihil culpa mollitia voluptatibus quia.',459.40,'2017-06-08 06:53:36','2021-03-14 18:42:50'),(30,1,5,'Quo ipsam fugiat.','Aperiam aut ratione sit laborum. Assumenda commodi maiores facilis et numquam quas ut. Recusandae delectus quia commodi reprehenderit vitae.',603.20,'2013-11-26 10:52:41','2021-03-14 18:42:50'),(31,7,7,'Quo est est.','Odit quo corporis aut voluptatum. Dolorum ducimus et odit repellat. At illum aliquid quos.',627.78,'2018-09-21 08:31:19','2021-03-14 18:42:50'),(32,3,9,'Aut officia.','Natus enim nesciunt molestias quia provident et eum dolorem. Aut illo et fugiat aut ut quos quia. Magnam omnis et expedita sit quasi debitis aut.',319.30,'2013-03-12 21:35:11','2021-03-14 18:42:50'),(33,5,1,'Eius aut.','Omnis nulla fugit facilis nam sapiente dignissimos ratione id. Saepe hic dicta saepe inventore placeat. Natus atque maiores consectetur amet.',703.16,'2019-06-24 06:35:58','2021-03-14 18:42:50'),(34,10,6,'Aut soluta.','Laborum ad ut asperiores deleniti aliquid repudiandae recusandae. Rerum ab odio placeat facilis nulla necessitatibus. Ea iure rem quis voluptates non vitae tempore dolore. Quis sunt porro accusantium tempora quas error inventore at.',547.91,'2018-09-13 10:13:40','2021-03-14 18:42:50'),(35,9,1,'Ea ut atque.','Et fuga qui quidem necessitatibus dolorum. Reiciendis ad id exercitationem provident dolores.',620.07,'2016-01-03 22:00:37','2021-03-14 18:42:50'),(36,1,7,'Molestiae qui inventore.','Molestiae laudantium libero aut et. Et eos consequatur esse voluptas quod commodi. Voluptas dicta est ut est blanditiis omnis voluptatum. Reiciendis incidunt quo temporibus et in.',446.60,'2012-09-02 07:42:37','2021-03-14 18:42:50'),(37,6,2,'Accusantium quia.','Cumque corporis nulla aut dolores atque quisquam molestiae. Dolorum et ut eligendi. Doloribus eum dolor itaque et ut et.',362.80,'2013-03-28 06:33:21','2021-03-14 18:42:50'),(38,7,2,'Labore eos architecto.','Sit perferendis vel eos enim. Aliquam repellendus laboriosam quod deserunt ex accusantium.',464.22,'2016-03-08 21:40:52','2021-03-14 18:42:50'),(39,4,5,'Ea amet.','Sed qui explicabo non deserunt non. Praesentium ut qui veniam non. Quia architecto non assumenda ab.',222.70,'2011-09-15 17:48:07','2021-03-14 18:42:50'),(40,9,6,'Nemo eligendi.','Laudantium explicabo ea et. Repudiandae autem fugiat harum consequatur.',710.81,'2017-12-12 19:13:41','2021-03-14 18:42:50'),(41,4,2,'Aut delectus tempore.','Eos fugit dolores odit id. Iure vitae provident est quos. Dolor est excepturi quibusdam repellendus. Pariatur quibusdam et molestiae explicabo recusandae est a qui.',875.96,'2013-02-19 06:45:54','2021-03-14 18:42:50'),(42,8,3,'Aperiam nulla rerum.','Et beatae aut velit sit. Itaque dolor nobis saepe. Est quo recusandae aut natus dignissimos et eos.',237.39,'2019-12-10 07:13:32','2021-03-14 18:42:50'),(43,8,4,'A voluptas.','Voluptatibus possimus quidem ducimus cum accusantium praesentium quasi fugit. Quas voluptas est et.',549.06,'2011-06-08 13:55:29','2021-03-14 18:42:50'),(44,1,5,'Nulla illo.','Id soluta nulla inventore et. Expedita fugit aperiam rem et et consequatur cumque. Maiores dolorum natus vitae. Officia excepturi architecto sit libero ipsa aut. Vel molestiae voluptas voluptas placeat hic nemo.',23.15,'2016-10-14 02:41:35','2021-03-14 18:42:50'),(45,5,9,'Quidem et libero.','Et deserunt rerum perferendis maxime molestiae vero dicta a. Est neque voluptate quas distinctio ad. Autem et quis blanditiis tenetur. Consequatur et accusantium aut reiciendis aliquid placeat. Sit repudiandae nemo fugiat sint ab.',458.55,'2013-01-25 19:14:45','2021-03-14 18:42:50'),(46,4,8,'Adipisci qui.','Ut incidunt consectetur laboriosam voluptatum. Cumque iste hic iusto odit.',213.28,'2012-10-02 00:19:25','2021-03-14 18:42:50'),(47,1,1,'Possimus nemo itaque.','Et dicta quo est ab reiciendis. Distinctio maxime harum ut doloribus qui qui. Quasi omnis officiis quia. Amet dolorem placeat enim et omnis id.',680.78,'2019-02-16 16:16:54','2021-03-14 18:42:50'),(48,6,6,'Enim laboriosam.','Deleniti excepturi et maiores. Provident et necessitatibus et laboriosam. Ipsam aliquam nihil culpa et.',754.04,'2015-06-04 19:35:14','2021-03-14 18:42:50'),(49,3,2,'Blanditiis et dolores.','Facilis quisquam libero architecto maiores occaecati culpa. Incidunt veritatis quia qui quos vero sit similique. Qui atque voluptas ullam aut. Dignissimos omnis architecto reiciendis ipsam occaecati. Qui sint consectetur odio nam.',717.86,'2011-12-31 15:13:38','2021-03-14 18:42:50'),(50,4,8,'Aut sit.','Cumque praesentium magnam sequi quo ea. In accusantium deleniti inventore magni. Ad dolores occaecati maxime velit pariatur. Mollitia non maxime rerum sed.',317.19,'2015-06-03 02:28:11','2021-03-14 18:42:50'),(51,7,10,'Temporibus iusto.','Quas aut reprehenderit iste ex. Explicabo expedita cum suscipit quidem non deleniti architecto minima. Et quasi non veniam id. Et earum qui voluptas modi doloremque.',422.36,'2011-03-17 19:48:25','2021-03-14 18:42:50'),(52,3,7,'Non tenetur velit.','Et atque eum consectetur similique aut optio. Quod harum officia corporis id dolores voluptas et. Non quos officiis repudiandae molestiae fuga. Iure eveniet veritatis eum non eos magni.',150.25,'2016-09-26 22:37:31','2021-03-14 18:42:50'),(53,3,9,'Quisquam molestiae consectetur.','Atque ut eos rerum quia. Eveniet dolore reiciendis quasi explicabo molestias qui voluptatem. Libero molestias doloribus ex laudantium nobis. Reprehenderit dolor molestiae soluta facilis.',474.17,'2020-09-14 01:08:50','2021-03-14 18:42:50'),(54,3,10,'Nesciunt corrupti.','Aut nihil neque sunt culpa sit doloribus quis. Nihil sint et nesciunt vel voluptate voluptatem. Sit eum dolorum saepe autem vitae voluptates. Rem aspernatur nemo est sit.',910.08,'2020-11-23 03:49:48','2021-03-14 18:42:50'),(55,1,8,'Laudantium quis.','Inventore quisquam quis est fugiat tempora reiciendis corporis reprehenderit. Sint velit quas temporibus sequi et. Laudantium dolore et voluptas delectus fuga quisquam voluptates.',117.92,'2013-12-15 02:00:19','2021-03-14 18:42:50'),(56,7,2,'Distinctio rerum in.','Amet omnis iure et. Sit eius illum ratione. Quis quia autem minima asperiores optio corrupti.',849.33,'2016-11-09 03:52:44','2021-03-14 18:42:50'),(57,5,3,'Nihil provident architecto.','A eaque iste optio non tempora sit quod. Aliquam doloribus temporibus eos in dolor culpa ducimus. Eveniet sit voluptatem incidunt voluptatibus eum reiciendis.',882.90,'2011-10-29 17:55:30','2021-03-14 18:42:50'),(58,2,6,'Sequi illo.','Accusamus labore qui modi sed sit. Cumque ducimus explicabo harum consequatur cumque mollitia. Ipsam ea ea voluptas aut quaerat atque. Modi et autem sed voluptas est alias aspernatur cumque.',856.53,'2020-11-20 04:38:08','2021-03-14 18:42:50'),(59,3,4,'Dolor ratione officiis.','Quia qui eum est ratione rerum saepe. Qui modi officiis ratione ab unde sed impedit. Qui et consequatur in necessitatibus. Et et harum et aut.',623.93,'2011-07-26 09:16:42','2021-03-14 18:42:50'),(60,5,3,'Necessitatibus repudiandae porro.','Non et unde rerum totam non. Blanditiis necessitatibus placeat velit.',540.08,'2017-06-17 03:44:00','2021-03-14 18:42:50'),(61,5,6,'Qui sunt.','Et velit qui placeat harum aut harum. Eius nihil enim enim commodi debitis soluta possimus.',818.60,'2018-09-04 16:08:48','2021-03-14 18:42:50'),(62,2,2,'Nobis ut.','Quam similique deserunt eos eos nostrum laborum facere. Omnis nobis consequatur rerum praesentium consectetur iste. Non illo eum quibusdam.',462.75,'2017-11-17 10:44:18','2021-03-14 18:42:50'),(63,9,4,'Molestiae corporis similique.','Ratione quisquam aperiam qui. Et harum occaecati illum dignissimos repellat. Quia magnam sunt sunt quasi.',847.94,'2018-02-05 08:32:20','2021-03-14 18:42:50'),(64,3,1,'Dignissimos nam vel.','Dolor non quis veniam quis enim voluptatem labore. Dolorum quia officia fuga qui fugiat. Totam ratione quisquam blanditiis qui. Et iure laboriosam animi blanditiis et illo et.',841.47,'2014-04-09 04:48:24','2021-03-14 18:42:50'),(65,6,6,'Illo ea rerum.','In est fugiat laudantium earum est deserunt. Molestiae voluptatem maiores doloremque molestias sed. Vel atque odit sunt laborum delectus. Rerum aliquid et aperiam error modi aliquam.',653.53,'2016-06-19 01:30:30','2021-03-14 18:42:50'),(66,7,8,'Vitae quas qui.','Incidunt reiciendis nostrum quae tempore dolor. Minus tempora voluptas rem porro nam qui. Commodi quaerat voluptatum et commodi consequatur.',733.24,'2016-08-24 07:29:17','2021-03-14 18:42:50'),(67,8,2,'Inventore ut.','Omnis minus soluta et ipsa quo nisi. Aut qui et voluptatem molestias molestiae sunt sit ratione. Necessitatibus porro corporis et ratione est qui expedita adipisci.',695.62,'2019-07-29 22:35:48','2021-03-14 18:42:50'),(68,9,4,'Accusamus rem assumenda.','Incidunt ab voluptatem esse. Exercitationem sed consectetur voluptatum dolorum ut nulla. Officia ut magni aut culpa reprehenderit fuga et. Maiores eum incidunt in eveniet.',268.35,'2017-01-04 07:13:40','2021-03-14 18:42:50'),(69,7,8,'Velit sunt.','Laudantium omnis numquam autem quis tenetur beatae recusandae distinctio. Quidem tempore quod libero suscipit. Voluptas voluptas eligendi rerum beatae tempore doloribus rem. Qui vero enim aliquam dolorem maxime sed. Officia sint delectus corporis id.',244.91,'2011-07-08 22:11:06','2021-03-14 18:42:50'),(70,3,5,'Distinctio expedita vel.','Voluptas accusantium laborum et voluptatum. Exercitationem dolor et non commodi velit consequatur quidem. Est perferendis accusamus harum perferendis. Magnam et doloremque animi molestiae.',409.51,'2016-11-01 00:53:26','2021-03-14 18:42:50'),(71,2,7,'Voluptates unde iste.','Ratione impedit dolor possimus ab. Molestiae omnis qui repellendus quam quos. Est nobis omnis temporibus est esse. Dicta quasi saepe iste dolor ut eos.',302.79,'2017-08-09 19:34:08','2021-03-14 18:42:50'),(72,8,7,'Cupiditate fugit.','Eveniet eum occaecati sed neque necessitatibus aliquid. Minus eos consectetur ea recusandae ut beatae. Voluptas omnis occaecati dicta eum quia impedit.',275.44,'2016-06-26 07:38:59','2021-03-14 18:42:50'),(73,9,9,'Voluptas libero quo.','Quidem aliquid vel eligendi natus porro autem. In veniam dicta cupiditate occaecati sit officiis. Dolores laborum similique beatae distinctio. Amet eos eius libero quibusdam cupiditate culpa.',458.84,'2015-05-12 06:02:55','2021-03-14 18:42:50'),(74,2,6,'Qui neque.','Aut numquam labore cum dignissimos aliquid hic. Rerum ipsam ut corporis consequuntur. Expedita sed et reiciendis dolore dolorum voluptas molestias.',457.87,'2021-02-17 14:17:18','2021-03-14 18:42:50'),(75,7,10,'Velit reiciendis omnis.','Aspernatur sit in optio eveniet. Harum nostrum dolore asperiores voluptates dolore facere. Ut voluptatem ex quos ut fuga.',902.81,'2015-06-10 22:23:24','2021-03-14 18:42:50'),(76,4,9,'Unde esse.','Minima non atque adipisci. Deserunt ipsum sit commodi sit ea sequi. Voluptatem eos magnam assumenda ea.',130.46,'2015-12-02 19:03:14','2021-03-14 18:42:50'),(77,8,4,'Ut quis.','Iste facere fugit aspernatur quibusdam dicta inventore. Blanditiis qui sint et temporibus. Nesciunt voluptas quia dolorum eveniet voluptas. Eaque ut veritatis qui iste aliquid quisquam aut est.',933.87,'2015-02-02 04:42:45','2021-03-14 18:42:50'),(78,8,9,'Ea explicabo est.','Quod dolores et ad quia distinctio. Aspernatur veniam autem eaque qui eum cupiditate amet. Sunt quia et similique voluptatem beatae qui cupiditate eveniet.',267.95,'2012-09-27 04:56:56','2021-03-14 18:42:50'),(79,5,5,'Non repellat unde.','Ipsam totam ut eius quia voluptatem provident quam. Officiis est aut rerum ullam dolorem.',528.16,'2019-04-08 18:56:40','2021-03-14 18:42:50'),(80,5,5,'Praesentium ut in.','Et id ut aspernatur sapiente et commodi aut. Quia modi reprehenderit reprehenderit vel dolorum eos. Dolorem eos sit beatae et. Aliquam sit et tempora minima et velit odio.',826.94,'2020-07-11 00:05:54','2021-03-14 18:42:50'),(81,9,4,'Provident perferendis animi.','Porro iste molestiae officia dolorum amet repellendus magnam. Itaque doloribus temporibus exercitationem inventore eum. Pariatur ut quo tempore unde.',540.24,'2012-08-05 07:47:22','2021-03-14 18:42:50'),(82,8,8,'Quibusdam quis.','Maiores aut voluptas molestiae hic. Earum quos tenetur rerum. Dignissimos sed reprehenderit aut unde eaque dicta quibusdam. Dolore et quae id et sit non eum. Magni vel soluta excepturi saepe reprehenderit qui.',210.37,'2017-09-28 22:58:43','2021-03-14 18:42:50'),(83,1,9,'Incidunt itaque est.','Velit quia placeat consequatur nostrum. Quia eius vel dolor rerum. Repellat facilis nam itaque magnam necessitatibus dignissimos. Nesciunt ratione eum et nihil id voluptates. Nihil reprehenderit sed quia.',421.14,'2018-10-06 15:23:11','2021-03-14 18:42:50'),(84,6,8,'Laborum nulla fugiat.','Eius impedit deserunt architecto omnis. Consectetur illum culpa consequuntur qui incidunt.',464.60,'2013-03-23 16:13:54','2021-03-14 18:42:50'),(85,7,10,'Asperiores unde.','Laboriosam eaque laboriosam aliquam. Voluptatem omnis illo possimus doloremque. Praesentium recusandae ut consequuntur possimus id.',49.55,'2016-10-14 03:09:36','2021-03-14 18:42:50'),(86,5,4,'Molestiae incidunt.','Eos est dolore fugit ullam laborum sed. Assumenda voluptate alias nobis. Voluptate molestias sint distinctio modi ut. Error omnis et ut vitae omnis.',843.95,'2019-04-19 10:25:11','2021-03-14 18:42:50'),(87,5,2,'Labore quam.','Unde et tenetur animi fugit sed omnis omnis autem. Eaque qui temporibus placeat repudiandae facere esse fuga. Et repellat voluptatem ut cum iusto quasi quia. Aut voluptatem error facilis totam.',61.10,'2014-10-18 23:29:34','2021-03-14 18:42:50'),(88,1,6,'Fugiat quo excepturi.','Vitae deleniti officiis tenetur dolores cum. Aperiam porro corrupti velit rerum qui. Et alias est et.',763.66,'2019-10-28 01:57:04','2021-03-14 18:42:50'),(89,6,5,'Aliquam quis accusantium.','Et nisi soluta quia inventore ipsam ad. Vel rerum quo doloribus omnis id molestiae nisi. Nulla rerum ipsum ex impedit est.',624.99,'2018-09-05 08:22:53','2021-03-14 18:42:50'),(90,7,10,'Necessitatibus quia.','Illum ipsa dolor consequuntur quod occaecati. Sint ut cupiditate asperiores et. Omnis rerum praesentium quis est omnis delectus. Nostrum earum numquam aliquam architecto ea dignissimos libero porro. Ab et rerum atque.',823.99,'2018-02-17 05:47:39','2021-03-14 18:42:50'),(91,8,7,'Incidunt expedita.','Dolor sit impedit neque quasi officia. Et fugit at alias ipsam voluptates est facilis cumque.',234.98,'2017-09-13 13:19:50','2021-03-14 18:42:50'),(92,1,4,'Et ducimus.','Laborum error aut quis quis eius cupiditate odio. Ut libero enim dolorem quis ut. Dolorum accusantium et quas eum.',692.93,'2013-05-20 17:56:25','2021-03-14 18:42:50'),(93,10,1,'Occaecati suscipit commodi.','Iure veritatis porro expedita rerum temporibus sed. Laboriosam nihil quos quaerat deleniti voluptatibus et. Quia qui in repellat dolores ut quia aperiam. Asperiores et illum et aspernatur.',749.72,'2016-04-12 14:30:02','2021-03-14 18:42:50'),(94,2,7,'Consectetur qui et.','Enim qui sunt animi est nihil expedita illo. Minus mollitia et voluptatem. Quia officia earum aut est vel adipisci tenetur.',659.80,'2015-06-10 05:19:54','2021-03-14 18:42:50'),(95,9,10,'Quisquam neque qui.','Repellat animi vitae et dolores minus eaque. Asperiores cum dolore nesciunt aut voluptatem. Dolore explicabo aliquam adipisci eos voluptas aut suscipit. Aut minus ipsum illum sequi ratione.',39.85,'2012-01-03 22:35:27','2021-03-14 18:42:50'),(96,1,2,'Qui voluptate.','Optio et impedit quo incidunt aliquam aut illum tempora. Asperiores sed vel eos qui id. Animi est soluta placeat quia. Dolor consequatur aperiam officiis nihil explicabo. Minima temporibus assumenda culpa tempore tenetur.',209.86,'2012-01-18 05:17:08','2021-03-14 18:42:50'),(97,3,9,'Sed labore voluptas.','Quo eum est error et aut. Ipsam veritatis vel officiis velit non. Sint sequi ab quia sit quo et.',919.74,'2011-03-26 17:51:03','2021-03-14 18:42:50'),(98,8,1,'Assumenda soluta.','Voluptatem rem non dolores sunt et ab neque. Vero assumenda odit sunt vel. Nam dolor quia inventore tempora aspernatur id debitis. Sed vero consequuntur unde non beatae.',959.10,'2015-08-09 09:21:03','2021-03-14 18:42:50'),(99,6,9,'Veniam alias voluptatem.','Vero quis rerum sed sed ad provident velit. Quidem magnam accusantium qui minima non omnis qui voluptate. Recusandae dicta sequi et.',26.29,'2014-06-16 00:11:11','2021-03-14 18:42:50'),(100,6,8,'Assumenda repellendus voluptas.','Quae in et aut adipisci. Odit hic sit omnis eum. Error reiciendis quisquam soluta cumque hic repudiandae.',244.17,'2018-03-13 02:55:29','2021-03-14 18:42:50'),(101,2,2,'Natus qui.','Recusandae occaecati quia cumque ex in. Dolores sint odio laboriosam. Quis cumque a corporis impedit iusto est accusamus.',131.96,'2012-01-31 20:38:25','2021-03-14 18:42:50'),(102,4,9,'Voluptatibus qui.','Repellendus deleniti doloribus nesciunt nihil. Laborum asperiores et nesciunt minus omnis. Esse aut minima dignissimos. Aut exercitationem libero et sint amet eaque. Quos eum a et et libero.',917.28,'2020-01-24 21:14:27','2021-03-14 18:42:50'),(103,7,8,'Laborum odio.','Ex culpa et pariatur necessitatibus. Et reprehenderit sint laudantium. Dolores sit ut quis aliquid. Sit quod alias qui non. Non nulla ducimus soluta sunt laborum.',180.52,'2021-02-09 05:01:33','2021-03-14 18:42:50'),(104,8,10,'Ducimus est.','Saepe eum dolore aut repellendus voluptate. Sint quam iusto at est et. Quaerat asperiores impedit doloremque doloremque. Iure natus autem et sit in.',140.77,'2019-04-02 19:14:30','2021-03-14 18:42:50'),(105,8,9,'Nostrum distinctio.','Hic ex maiores est dolor et vero dolores aperiam. Id voluptatem sunt sit vel assumenda asperiores facere. Provident quo aperiam reiciendis architecto ipsum ut. Itaque culpa in magnam et.',152.30,'2019-03-26 03:35:01','2021-03-14 18:42:50'),(106,4,9,'Autem quis ut.','Aspernatur reprehenderit labore eos animi officiis sunt cum. Dicta magni aut et possimus totam. Amet cumque ut veniam suscipit aut illo.',329.20,'2020-03-23 18:54:51','2021-03-14 18:42:50'),(107,8,9,'Nesciunt quae quas.','Est quos sint aut fugiat et qui qui aut. Quasi et vel non praesentium. Ullam saepe dolorum aut porro.',179.09,'2017-04-12 08:47:47','2021-03-14 18:42:50'),(108,9,6,'Sint aliquam.','Ea enim ut consequuntur enim velit ad fuga. Quod sit et voluptatem enim aut explicabo placeat. Nesciunt totam voluptates quia repellat non illo.',897.83,'2018-02-23 07:36:42','2021-03-14 18:42:50'),(109,9,6,'Consequatur sed.','Aliquid delectus facilis deleniti et eos et earum. Doloribus deleniti et debitis odit. Debitis recusandae illum neque modi consequuntur distinctio.',941.90,'2015-12-11 08:25:44','2021-03-14 18:42:50'),(110,6,10,'Sunt magnam.','Assumenda voluptatum eum labore sapiente voluptates iusto possimus explicabo. Cupiditate est laudantium molestiae voluptatum.',1006.03,'2015-11-30 22:26:31','2021-03-14 18:42:50'),(111,8,7,'Voluptatem veniam.','Vero assumenda saepe saepe. Et culpa animi id voluptatum alias sint. Qui omnis incidunt facere deserunt minus sit modi. Soluta sunt dignissimos odit error magnam nihil dolorem molestiae. Earum accusantium minus dolore hic.',194.42,'2014-12-11 14:27:40','2021-03-14 18:42:50'),(112,8,4,'Numquam quas voluptas.','Ut earum ut consequatur facere. Nobis facere esse odit voluptas laborum dolorem.',944.01,'2014-10-27 14:01:21','2021-03-14 18:42:50'),(113,1,5,'Blanditiis et.','Animi quia soluta molestiae cumque sint voluptatibus. Et minima esse aut eius. Deserunt esse aut error omnis. Blanditiis asperiores commodi occaecati natus cum sunt. Adipisci reprehenderit assumenda voluptatem nemo ut deleniti autem.',126.78,'2015-09-15 21:47:25','2021-03-14 18:42:50'),(114,8,5,'Ut ipsa.','Earum minima rerum et corrupti corporis. Et odit non incidunt voluptatibus quia vel dolores. Officia voluptas id qui animi. Saepe qui vero possimus exercitationem maiores suscipit itaque.',791.89,'2020-04-18 11:07:10','2021-03-14 18:42:50'),(115,3,1,'Voluptates numquam quasi.','Consequatur et quos dolor sed. Eveniet occaecati provident quia explicabo nesciunt error. Sint illo aut voluptas voluptatem sunt autem velit. Vel praesentium ea nostrum tenetur voluptate est quos qui.',569.11,'2016-05-04 09:04:03','2021-03-14 18:42:50'),(116,8,5,'Consequatur et.','Vel ea aut vel soluta similique accusamus. Temporibus ullam architecto quasi quae hic voluptatem aliquam. Ut dolor sed id reiciendis. Necessitatibus qui minima quos ad blanditiis quaerat sed est.',459.89,'2016-08-22 14:12:43','2021-03-14 18:42:50'),(117,3,4,'Explicabo necessitatibus.','Impedit eveniet hic omnis quod. Eveniet hic aliquam molestiae dolorem. Sunt rem neque ex. In possimus architecto quod earum debitis porro. Dolorem maiores dolor possimus.',582.09,'2016-10-12 13:25:57','2021-03-14 18:42:50'),(118,8,3,'Ut excepturi quo.','Recusandae ut autem quos labore dolorem. Ex vel cupiditate sed sit asperiores sit praesentium. Dolores aperiam sunt eveniet magni dolore.',520.81,'2014-04-23 18:25:04','2021-03-14 18:42:50'),(119,2,10,'Dicta veniam quasi.','Asperiores ut vel blanditiis est vitae exercitationem. Eos sit ullam earum et est provident.',847.75,'2019-04-06 12:40:56','2021-03-14 18:42:50'),(120,8,5,'Explicabo et rerum.','Facere consequatur quo dolorem praesentium enim et facere. Deleniti fugiat ad explicabo est possimus expedita. Nulla iste deleniti ab officia ut. Alias est quas exercitationem voluptas tempore voluptas. Optio aut molestiae nulla rerum.',666.32,'2013-10-27 10:00:59','2021-03-14 18:42:50'),(121,4,10,'Nesciunt libero.','Quasi excepturi cupiditate dolores facere id odio. Nobis nihil esse velit qui exercitationem. Aperiam commodi sint repellat quas in recusandae doloremque. Qui cupiditate tempore repellendus. Consequatur enim laboriosam aliquid.',778.37,'2020-06-27 03:21:35','2021-03-14 18:42:50'),(122,10,8,'Reiciendis non.','Impedit quia in ad est. Quod cum et inventore iusto eos. Consectetur quam veniam animi asperiores minus vel.',882.89,'2012-01-12 07:37:54','2021-03-14 18:42:50'),(123,10,6,'Iste iusto rerum.','Nam sint velit impedit sapiente quisquam est nihil. Ipsum aut occaecati delectus dolores. Sint sunt non officia est deleniti ipsa velit. Ea quasi dolores et optio voluptatum rerum possimus.',69.35,'2012-12-15 00:06:43','2021-03-14 18:42:50'),(124,10,7,'Ut qui non.','Iusto qui illo est voluptatem quo quia non. Saepe id quae dolor debitis consequatur consectetur. Est et vero facere.',688.08,'2011-11-26 06:04:21','2021-03-14 18:42:50'),(125,7,9,'Enim mollitia nihil.','Illo aut quisquam debitis. Minima officiis eligendi tenetur aut cupiditate suscipit. Aliquid sed quae et quia autem. Recusandae natus ut qui aut.',222.35,'2011-03-27 07:59:08','2021-03-14 18:42:50'),(126,7,8,'Laudantium qui.','Ea distinctio odio occaecati corporis ex numquam earum. Saepe odit quis id dolorem ratione vitae. Quia fugit quae iste ratione.',37.50,'2017-01-02 21:49:21','2021-03-14 18:42:50'),(127,3,4,'Et et facilis.','Consequatur sapiente quae voluptate repellendus. Et dolores vel non blanditiis aut. Aperiam non quis expedita.',510.44,'2019-02-27 05:40:31','2021-03-14 18:42:50'),(128,7,7,'Totam dolores.','Tenetur et ea quam ducimus ratione nostrum deserunt. Nemo sunt alias voluptate assumenda error veritatis. Ut ut amet id illum fugit.',429.69,'2011-09-25 20:28:13','2021-03-14 18:42:50'),(129,1,6,'Rerum aut.','Aut quia nemo enim consequuntur est repellat. Et necessitatibus ratione dignissimos corporis quia quaerat. Accusantium rem delectus est explicabo quo.',607.15,'2016-06-10 19:18:27','2021-03-14 18:42:50'),(130,8,9,'Sit aliquid.','Nulla qui non doloremque dolorum officiis. Doloribus perferendis quos placeat odit. Excepturi molestias quia numquam quia sunt. Atque eum qui quis quas distinctio consequatur. Unde provident sit laudantium tempore illo dolor libero et.',736.67,'2012-10-15 23:21:30','2021-03-14 18:42:50'),(131,3,3,'Cumque sequi animi.','Corrupti commodi consequatur non. Qui expedita nulla reprehenderit saepe. Illum et quaerat qui harum nesciunt. Est sint quia ut est.',851.89,'2019-09-19 02:43:10','2021-03-14 18:42:50'),(132,2,1,'Voluptatum accusantium.','A reprehenderit eveniet odio natus blanditiis et rerum. Dolores praesentium reiciendis fugit vel qui provident. Earum doloremque quod veritatis sit excepturi. Qui cumque quae nesciunt dolore enim vitae.',39.44,'2021-02-10 16:07:34','2021-03-14 18:42:50'),(133,5,9,'Doloribus nulla.','Eveniet ratione perspiciatis qui necessitatibus. Ea repudiandae et consequuntur nemo suscipit aliquam beatae a. Sit et vel eius velit.',631.55,'2019-06-06 03:25:19','2021-03-14 18:42:50'),(134,9,3,'Delectus officiis.','Dolores corporis vel sit corrupti. Facere esse ea ab voluptas excepturi voluptatem deleniti. Qui enim ipsa aut laudantium aut neque. Rerum ut consequatur et voluptates quos enim.',29.42,'2013-08-24 15:48:52','2021-03-14 18:42:50'),(135,5,5,'Perferendis aut voluptatem.','Ad nam voluptatibus repellat qui. Et neque repellendus laboriosam voluptatum molestias. Recusandae est ad aliquid qui quidem.',242.47,'2013-11-07 23:06:00','2021-03-14 18:42:50'),(136,2,9,'Repudiandae voluptatibus.','Dolores accusamus harum nam qui quibusdam dolores at enim. Vitae dolorem saepe in et ea itaque hic. Aut dicta voluptatem nulla consectetur voluptas. Quis pariatur quos recusandae voluptatibus velit qui.',114.07,'2018-12-14 06:24:26','2021-03-14 18:42:50'),(137,3,4,'Impedit autem eum.','Natus ratione voluptatem ut commodi et dolore. Ut sed assumenda aperiam tempore odio quia. Saepe similique soluta voluptas amet aut quia.',832.95,'2019-01-03 12:53:10','2021-03-14 18:42:50'),(138,6,5,'Ducimus reprehenderit quam.','Voluptatem praesentium non sequi asperiores ipsam voluptatem natus. Sapiente et ea iusto ullam consequuntur perferendis consequatur. Sed et voluptatum fugit molestias. Repellendus animi magnam et.',812.56,'2020-02-13 20:14:44','2021-03-14 18:42:50'),(139,1,7,'Odio maxime eveniet.','Assumenda non quisquam repellendus consequatur at minima qui. Quo sit inventore amet in ipsa suscipit qui. Consequuntur aut ducimus et iusto debitis ad fugit. Quis magnam facere velit dignissimos ea repellendus.',553.92,'2012-05-23 04:07:41','2021-03-14 18:42:50'),(140,4,7,'Dolor non est.','A enim praesentium consectetur dolores nisi ducimus. Explicabo quo minima tempore. Consequatur architecto labore minima doloribus molestiae pariatur.',321.91,'2019-06-16 19:13:20','2021-03-14 18:42:50'),(141,5,6,'Corporis assumenda iure.','Et ut sed ipsa quos. Cumque excepturi repellendus sequi velit dolores animi et velit. Dolores pariatur qui eos voluptas quibusdam libero asperiores. Est accusantium quia reiciendis.',937.80,'2015-10-27 12:09:06','2021-03-14 18:42:50'),(142,1,9,'Cum aut.','Similique eos est asperiores ipsa earum. Aut eaque omnis amet maiores. Molestias qui quibusdam ut quam corrupti. Et non aut perspiciatis et deleniti libero.',713.26,'2014-07-18 05:21:55','2021-03-14 18:42:50'),(143,1,4,'Ea et quia.','Consequatur eaque accusamus odio nostrum. Et illo labore quod maiores tempora qui nam. Eveniet itaque ut eveniet nemo quae expedita. Iure quidem quis quo.',742.92,'2015-04-13 01:06:21','2021-03-14 18:42:50'),(144,8,7,'Accusantium ex quo.','Quidem hic placeat totam debitis aliquam sunt non. Possimus ea voluptatem quasi molestiae reprehenderit laudantium quia quidem. Corporis omnis possimus pariatur.',564.80,'2016-12-23 08:32:09','2021-03-14 18:42:50'),(145,6,10,'Sed maxime veniam.','Accusamus perspiciatis vel fugit reprehenderit. Explicabo esse dolor omnis accusamus. Ab eligendi et et praesentium.',585.23,'2020-12-23 18:48:11','2021-03-14 18:42:50'),(146,7,6,'Officiis tempora.','Corrupti libero labore aut officia voluptates. Sint et porro porro omnis. Qui reiciendis eveniet et occaecati perspiciatis deserunt. Delectus consequatur illum quisquam culpa officiis qui.',221.76,'2013-06-07 02:52:13','2021-03-14 18:42:50'),(147,3,7,'Sint maiores.','Id tempore molestiae quos accusamus vel. Maiores ex dignissimos ratione distinctio vel dolor. Voluptatem aliquid adipisci voluptas voluptate dolor fuga sequi.',343.12,'2015-03-11 05:46:00','2021-03-14 18:42:50'),(148,6,3,'Non beatae quia.','Vel sunt quaerat delectus enim iure in et. Perspiciatis aut earum quia cumque. Vitae dolorem quia doloribus illo placeat.',40.30,'2012-02-13 09:45:54','2021-03-14 18:42:50'),(149,1,10,'Exercitationem dolorem omnis.','Suscipit dolor molestiae autem omnis id tempora molestiae. Aut sunt corrupti eos soluta qui. Ex et aut quaerat doloremque unde animi.',162.17,'2011-04-04 17:59:15','2021-03-14 18:42:50'),(150,2,1,'Corporis voluptas iste.','Ullam mollitia quos totam incidunt. Voluptatum ea mollitia soluta possimus autem tempora veritatis. Provident perferendis officia omnis qui placeat quos cupiditate. Eos natus minima corporis rerum voluptate assumenda sapiente.',679.94,'2015-04-28 11:15:48','2021-03-14 18:42:50'),(151,3,6,'Quod qui dolorem.','Deleniti maiores sunt facere esse dolore aspernatur libero. Totam et amet impedit veniam suscipit numquam quisquam ex. Ut eos ducimus consequatur atque iure nemo. Non porro dolor et laudantium. Consequuntur odio voluptatibus pariatur maiores consequatur.',903.20,'2020-01-11 11:40:33','2021-03-14 18:42:50'),(152,8,8,'Possimus hic libero.','Praesentium nemo accusamus quae quia in sunt odit ea. Voluptas officia tenetur quas debitis tempore aut molestiae. Fuga ut natus vero aut velit quisquam atque.',466.16,'2017-08-28 14:42:35','2021-03-14 18:42:50'),(153,3,2,'Et ducimus.','Tenetur mollitia dolorem et eos totam neque. Ducimus non est dicta quia id voluptate qui.',611.22,'2018-04-27 09:17:43','2021-03-14 18:42:50'),(154,3,7,'Veritatis rerum.','Est minima enim doloribus ipsam cupiditate. Suscipit aspernatur voluptatum quam quibusdam. Omnis non magnam impedit iusto. Blanditiis ut dolores est recusandae dolorum nihil numquam aut. Ipsum nam excepturi itaque.',647.62,'2018-03-15 15:19:48','2021-03-14 18:42:50'),(155,8,6,'Id et cum.','Vel facilis delectus consequatur non blanditiis quia sint. In at ex ut fuga enim id at. Et porro aperiam et enim nulla animi voluptatem. Rerum in beatae sequi ducimus non sed iusto eius.',394.42,'2019-06-04 14:26:56','2021-03-14 18:42:50'),(156,4,5,'Laborum consectetur commodi.','Esse eos odio quibusdam non consequatur rem. Laboriosam eaque perspiciatis aut saepe ipsum eligendi. Ut esse numquam tempora blanditiis. Dolor reiciendis impedit repudiandae deleniti aut consectetur quas aliquid. Dolorum et aspernatur cum eius.',19.24,'2018-04-03 04:42:43','2021-03-14 18:42:50'),(157,1,5,'In eum consectetur.','Iure ut doloribus distinctio rem non minima voluptatem. Ab vitae ab sunt dignissimos. Molestiae doloremque qui esse est necessitatibus quia aspernatur. Dolores totam blanditiis nisi.',902.97,'2014-01-29 17:12:05','2021-03-14 18:42:50'),(158,4,9,'Voluptatibus recusandae neque.','Sint aperiam dolores natus expedita nulla vitae ut iste. Quia qui quia earum. Id ipsam quia hic molestiae. Eaque et et nulla sit facilis perspiciatis dolor recusandae.',447.10,'2012-06-07 07:39:58','2021-03-14 18:42:50'),(159,3,7,'Accusamus unde.','Explicabo molestias omnis rerum reprehenderit quia aut ex. Sapiente expedita quis tempore consequatur vel voluptatem. Sint facere voluptatibus facere ad. Est sapiente et ea ab. Eius voluptas fuga deserunt dolores dignissimos architecto.',516.61,'2013-11-14 18:19:52','2021-03-14 18:42:50'),(160,9,9,'Dolorem dignissimos.','Voluptas et amet maxime repellat commodi. Eligendi accusamus tempora debitis quibusdam qui sed. Ea harum voluptas porro eius recusandae iste ut. Accusamus hic repudiandae nihil quia aperiam eum blanditiis.',231.76,'2020-10-02 19:33:45','2021-03-14 18:42:50'),(161,4,3,'Libero rerum.','Recusandae porro voluptatem iure minus ab soluta sint et. Facilis numquam aut dolore. Voluptate voluptatibus quod commodi molestiae eum. Aut ea accusamus et amet explicabo expedita rerum.',598.97,'2013-04-07 08:09:15','2021-03-14 18:42:50'),(162,3,9,'Sapiente ut perspiciatis.','Cupiditate officia officiis velit est omnis. Aliquam cumque id sequi velit accusamus. Autem labore nemo hic in distinctio. Omnis ut debitis et a tempora nobis.',289.55,'2016-06-22 00:02:31','2021-03-14 18:42:50'),(163,7,8,'Maiores aspernatur rerum.','Qui beatae iste qui praesentium suscipit nam et aliquam. Aut unde ea nobis eum. Natus aut cupiditate tempore ut. Aut eos ut id odit. Architecto corrupti reprehenderit et magni iusto beatae occaecati.',640.85,'2020-03-03 13:18:27','2021-03-14 18:42:50'),(164,10,8,'Consectetur alias.','Amet et fugit aut maxime sed et. In nihil quia aut aliquid ut repellendus. Quo natus necessitatibus et nostrum explicabo.',325.62,'2017-05-01 15:53:04','2021-03-14 18:42:50'),(165,7,4,'Dolores quae ab.','Minus veritatis fugit quia sit ab quo et. Neque ut tempora dicta sunt et sunt. Hic voluptas iure temporibus qui suscipit iure.',695.52,'2013-10-27 20:09:17','2021-03-14 18:42:50'),(166,8,5,'Error commodi.','Quod sequi omnis quidem dolorum et qui. Dolor ipsum iure inventore sed aliquid. Blanditiis nam voluptas recusandae aperiam quo aut.',490.75,'2017-12-23 02:57:19','2021-03-14 18:42:50'),(167,5,5,'Qui autem.','Esse quibusdam quas voluptatibus architecto delectus odit voluptatem. Neque nulla voluptatum aperiam eum. Sed animi laboriosam corporis cumque. Blanditiis natus voluptas rerum commodi possimus. Nihil consectetur explicabo tenetur voluptates ipsa sint.',357.21,'2019-03-23 13:14:41','2021-03-14 18:42:50'),(168,1,8,'Nihil aut beatae.','Aspernatur dolorem dolorum in cupiditate sed. Ex doloremque magni possimus ab cupiditate. Velit libero quo velit tempore aliquam perspiciatis nihil. Consectetur in accusantium occaecati id ab nobis.',303.78,'2011-08-31 01:31:30','2021-03-14 18:42:50'),(169,8,4,'Nihil repellendus.','Veniam facilis dolorem sequi aut incidunt temporibus. Eveniet laudantium explicabo qui dolore.',437.27,'2015-06-08 17:11:41','2021-03-14 18:42:50'),(170,10,8,'Ut qui est.','Molestias sequi est fuga ipsam ad aut. Soluta corporis facere voluptatum ducimus ipsam harum. Cumque blanditiis cupiditate reprehenderit quas ea ullam.',265.02,'2017-06-22 16:49:54','2021-03-14 18:42:50'),(171,6,4,'Mollitia asperiores veniam.','Ducimus qui vero cum officia quasi soluta molestias modi. Mollitia est aperiam atque placeat quia neque. Facere unde iure facilis aut porro ut veniam. Dolores exercitationem maxime est aut deserunt impedit.',1003.30,'2015-07-04 09:37:44','2021-03-14 18:42:50'),(172,10,4,'Quo non ipsa.','Cumque in nihil illum aut iure. Voluptas voluptas dolores et officia non. Dolores consequatur et rerum quos inventore.',211.45,'2018-12-16 12:55:59','2021-03-14 18:42:50'),(173,7,9,'Omnis aut sunt.','Magnam et eum voluptatem voluptas cupiditate. Modi quisquam error sapiente laborum. Blanditiis recusandae expedita cupiditate sint aspernatur porro.',37.32,'2019-12-18 00:36:51','2021-03-14 18:42:50'),(174,7,8,'Ut eveniet et.','Voluptatibus dolores molestiae modi quas consequatur molestiae ab. Voluptas nihil debitis consequuntur itaque. Aperiam natus quo rem ipsa quo modi voluptate. Explicabo odit modi sunt.',542.25,'2018-09-04 02:39:14','2021-03-14 18:42:50'),(175,4,4,'Quia repellat culpa.','Natus facere aliquid reiciendis minima aut. Eveniet ullam officiis dolor delectus sit. Quia et molestiae odit aut. Rerum quam eos odio vero incidunt tempora fugit explicabo.',589.32,'2011-08-27 10:12:58','2021-03-14 18:42:50'),(176,5,5,'Voluptas nihil.','Provident est repellat libero. Quaerat voluptas unde qui autem. Nemo possimus tempora et molestias perferendis ut dolores.',309.83,'2017-09-23 16:21:22','2021-03-14 18:42:50'),(177,6,1,'Illo nisi.','Possimus omnis possimus ipsum velit. Est minus aut error consequatur autem rerum quam. Magnam voluptas quia aliquam aspernatur. Est vel vel magni nihil.',771.18,'2020-01-31 13:31:51','2021-03-14 18:42:50'),(178,6,8,'Voluptatum voluptas.','Eveniet assumenda dolorem sint rerum quis. Sed corporis rerum fugit architecto minus dolores. Vero perspiciatis quaerat quod optio dolor et. Consequuntur atque animi accusantium voluptatibus sit.',916.43,'2013-10-13 03:16:18','2021-03-14 18:42:50'),(179,9,5,'Amet tempore.','Architecto illo consectetur distinctio laborum quia autem. Dolores ratione commodi ut quae cumque corrupti temporibus ut.',258.60,'2018-07-19 00:28:25','2021-03-14 18:42:50'),(180,7,3,'Excepturi excepturi blanditiis.','Rerum eius et similique rerum non veritatis est. Sed eum tempora quisquam consectetur pariatur placeat suscipit officia. Nemo excepturi ut sit omnis voluptate tempora.',533.72,'2017-07-26 18:04:24','2021-03-14 18:42:50'),(181,9,3,'Qui ut quo.','Illo soluta sed dicta et. Molestiae autem eligendi et beatae facere.',882.79,'2018-10-16 04:46:23','2021-03-14 18:42:50'),(182,7,1,'Et suscipit velit.','Incidunt autem qui qui sunt reprehenderit et. Quia vero voluptatem voluptatibus voluptatibus est. Minima sunt animi et officiis.',802.81,'2017-08-19 03:57:45','2021-03-14 18:42:50'),(183,2,2,'Cumque ea accusantium.','Veniam provident nihil officiis provident rerum et eveniet. Ut vero placeat incidunt accusantium. Odio dignissimos ex incidunt.',355.68,'2012-11-14 01:12:55','2021-03-14 18:42:50'),(184,7,9,'Et quod.','Quibusdam voluptatem earum qui qui nihil perferendis sint rerum. Est iure et quidem atque esse. Sapiente est voluptate molestiae illum. Quis aut dolor mollitia non quasi. Molestias officia ea est cum sed rerum.',359.98,'2015-01-27 21:39:18','2021-03-14 18:42:50'),(185,9,5,'Quibusdam voluptatibus.','Cum quis distinctio laborum vel eius maiores numquam. Sequi saepe earum consequatur fugiat nemo. Assumenda provident in rerum dolorem suscipit id non.',722.84,'2018-01-09 17:41:43','2021-03-14 18:42:50'),(186,7,5,'Quia aut tempora.','Sed ducimus autem ab quo omnis. Saepe et ducimus rerum sed. Voluptas ratione excepturi quas sed. Ducimus dolor natus vel.',524.25,'2017-06-03 09:15:48','2021-03-14 18:42:50'),(187,1,9,'Quisquam aut.','Tempora voluptas itaque et ullam vitae aut. Soluta modi doloribus nihil optio. Est et animi aut sunt consequatur.',442.75,'2019-05-14 01:47:38','2021-03-14 18:42:50'),(188,4,6,'Quaerat nostrum.','Pariatur at consequuntur a fugit. Id sed autem ipsum quae odit maxime nostrum. Atque facere quia officia consequuntur qui.',630.98,'2014-09-04 11:20:57','2021-03-14 18:42:50'),(189,3,7,'Nesciunt sit explicabo.','Ea quis eum et vel odio fugit deserunt veniam. Quis est sed id magnam. Neque velit sit in voluptates.',816.65,'2011-11-04 12:07:55','2021-03-14 18:42:50'),(190,4,5,'Illo blanditiis magnam.','Maxime est autem vel aut consequatur. Ut asperiores ut illo qui. Ut adipisci quis aut tempora quos dignissimos in et. Quia recusandae amet aut.',180.32,'2017-08-14 04:50:25','2021-03-14 18:42:50'),(191,10,8,'Rerum suscipit.','Suscipit nam nihil voluptatem et et pariatur non. Quod minus nemo perferendis qui. Iste harum quos aut nemo rem unde voluptas. Dolores sunt voluptas consequatur quis.',441.65,'2016-04-01 20:10:21','2021-03-14 18:42:50'),(192,10,3,'Itaque inventore.','Est incidunt vel quo deserunt expedita error culpa ducimus. Placeat quia itaque eos est voluptatem. Non id enim blanditiis vel quisquam odio blanditiis.',657.28,'2019-08-31 03:50:49','2021-03-14 18:42:50'),(193,10,7,'Suscipit corporis.','In laborum aut id labore est. Totam sint ad fugit nisi. Molestiae recusandae provident sequi at corrupti nam quos. Commodi et fuga suscipit voluptatem.',951.45,'2014-03-31 09:03:15','2021-03-14 18:42:50'),(194,3,4,'Unde nihil.','Iure recusandae iusto debitis deleniti. Facilis fugiat eum corporis sed inventore. Architecto ad voluptas accusamus ullam. Aut ratione in delectus sed consequatur.',775.44,'2013-12-22 01:16:51','2021-03-14 18:42:50'),(195,7,9,'Alias inventore blanditiis.','Laborum iste quaerat ut adipisci. Corporis culpa enim eaque molestiae dolores est.',12.81,'2012-05-25 19:15:44','2021-03-14 18:42:50'),(196,10,1,'Qui iure.','Illo suscipit iste nemo numquam. Quia suscipit quis quae. Aliquid animi voluptatem nihil quasi explicabo.',727.76,'2018-09-20 16:20:41','2021-03-14 18:42:50'),(197,9,8,'Doloremque suscipit.','Nesciunt dolorem velit et et molestiae ducimus consequatur voluptatem. Dolorem ipsum iure voluptas facere explicabo impedit. Architecto enim ea ratione est dolores vel sunt. Necessitatibus at in accusamus laboriosam sit iste. Eum vel expedita harum facere aut.',590.34,'2016-12-06 12:19:26','2021-03-14 18:42:50'),(198,8,4,'Veritatis sed.','Cupiditate ut veniam corporis nulla labore ea sint omnis. Culpa minus qui incidunt. Officia mollitia sed quo nemo.',758.43,'2016-06-13 19:43:38','2021-03-14 18:42:50'),(199,3,2,'Quasi iusto provident.','Id molestiae vel alias totam. Quis ut eos nostrum rerum. Quod aut quisquam eius sapiente est sed.',11.13,'2019-03-22 18:31:10','2021-03-14 18:42:50'),(200,10,8,'Esse et non.','Nemo debitis odio neque illo aspernatur est sint. Sed vitae quae reiciendis eveniet. Excepturi perferendis quaerat quos at fugiat praesentium quaerat. Harum laborum quos molestiae officiis quas illum facilis. Quasi expedita ut suscipit at iste magnam.',770.34,'2019-11-29 11:11:53','2021-03-14 18:42:50'),(201,9,8,'Recusandae rerum est.','Nam harum soluta qui corporis velit ad. Ea quod ullam est voluptatibus quia. Magnam qui delectus et quis voluptate et. Dolores officia blanditiis qui ea aliquam voluptatem ab beatae. Expedita aliquam corrupti at deleniti quas.',808.35,'2020-04-02 12:32:24','2021-03-14 18:42:50'),(202,3,3,'Quas dolorum.','Voluptas ducimus nam pariatur soluta assumenda. Impedit in dolore qui quis suscipit inventore. Aliquid est officiis sequi voluptatum. Cum fugiat molestiae corporis placeat.',720.70,'2014-10-26 12:53:24','2021-03-14 18:42:50'),(203,1,6,'Voluptatem nihil.','Ut eum enim quidem et reiciendis nesciunt recusandae ipsa. Non rerum perspiciatis nisi. Eos voluptatem odit dolorem repellat quo porro et.',168.45,'2011-06-19 01:57:16','2021-03-14 18:42:50'),(204,7,1,'Rerum suscipit velit.','Nihil laboriosam amet id quisquam. Quibusdam qui iusto accusamus officia quis. Qui beatae dicta qui.',670.14,'2012-07-05 18:23:59','2021-03-14 18:42:50'),(205,5,5,'Dolor omnis quidem.','Ea saepe earum sunt aut ex alias amet. Eveniet id aperiam nihil non quaerat id soluta. Ipsum quia est atque vitae voluptatem.',835.37,'2016-04-02 20:15:43','2021-03-14 18:42:50'),(206,10,2,'Consectetur veritatis.','Quaerat voluptate quam iure. Id amet alias nihil.',156.43,'2018-06-16 17:53:11','2021-03-14 18:42:50'),(207,2,5,'Debitis iure ut.','Unde eos praesentium dolore odio modi numquam. Voluptates illum dicta nihil numquam voluptas est.',266.05,'2011-12-20 10:20:40','2021-03-14 18:42:50'),(208,1,6,'Dolorem qui.','Consectetur maxime ipsum qui. Aut incidunt aliquid ut vitae quisquam voluptatum. Consectetur et facilis error voluptatem doloribus quia odit. Et iure repellat laudantium consequatur praesentium dolore.',850.93,'2011-09-02 10:26:17','2021-03-14 18:42:50'),(209,6,1,'Qui veritatis.','Eius est alias quaerat perspiciatis tempore. Dolores nesciunt inventore commodi quaerat dolorum fuga mollitia. Pariatur ipsum dolorem non.',446.53,'2019-11-26 23:48:07','2021-03-14 18:42:50'),(210,10,10,'Non sequi.','Et placeat id dolor facilis. Neque consequatur at non ut excepturi. Eum ut et laudantium. Dolore aut mollitia rerum a nihil perspiciatis vitae.',669.86,'2017-06-11 07:27:12','2021-03-14 18:42:50'),(211,6,3,'Placeat ullam iste.','Sequi ut quam quia illo id laborum qui et. Culpa fuga libero libero odit vel iure. Et consequatur qui incidunt quidem doloremque asperiores.',999.72,'2016-01-21 17:12:45','2021-03-14 18:42:50'),(212,5,3,'Facere sint.','Sit magnam voluptatem ut molestias. Saepe eaque consectetur ipsa consequatur. Quis ipsum sed ad a consequatur veniam fugit.',979.02,'2012-05-16 10:08:19','2021-03-14 18:42:50'),(213,7,4,'Recusandae et est.','Amet qui commodi quia. Debitis sapiente blanditiis minus cum tempore iste. Incidunt sed quaerat ea quia.',885.94,'2019-11-26 17:19:12','2021-03-14 18:42:50'),(214,10,6,'Quis suscipit.','Facilis animi quam ex laborum fugiat reiciendis iste. Cum aperiam eos provident eaque error ut. Labore sit placeat odit sunt animi omnis. Et amet eum ut id reprehenderit quasi omnis.',482.65,'2020-11-17 05:47:13','2021-03-14 18:42:50'),(215,3,6,'Voluptatem eos.','Asperiores dignissimos quia doloremque mollitia explicabo ut fuga nemo. Facilis temporibus at illo iusto quo sapiente suscipit. Animi nulla praesentium sit suscipit debitis cupiditate sit. Labore asperiores ipsam sapiente aut.',745.43,'2016-05-04 21:36:20','2021-03-14 18:42:50'),(216,4,9,'Quia voluptas ea.','Consequatur exercitationem hic nihil error accusantium et. Commodi error sit omnis impedit. Qui ducimus qui dolores nam nostrum et.',269.18,'2015-02-03 09:10:02','2021-03-14 18:42:50'),(217,6,9,'Repellendus debitis qui.','Hic facilis repellendus iusto est sed. Ipsum porro iusto quia officiis quia. Qui autem minima ipsa dignissimos tempora esse aut. Omnis non reiciendis repellendus voluptas rem exercitationem. Soluta consequatur quaerat est.',99.62,'2014-06-25 21:48:21','2021-03-14 18:42:50'),(218,2,4,'Quasi quae officia.','Quia vero animi perferendis. Et nisi ut cumque odit facere est ut facere. Ipsum vitae aliquam eum.',680.55,'2020-07-31 01:00:36','2021-03-14 18:42:50'),(219,9,6,'Et odio beatae.','Reiciendis et reiciendis voluptatem est. Distinctio aut est dolore eum quibusdam minus est. Exercitationem maxime harum dignissimos et ducimus quis voluptas.',93.91,'2013-05-17 12:05:56','2021-03-14 18:42:50'),(220,10,7,'Ipsam nihil.','Et quia illum ducimus natus consequuntur tempore dolorem. Aut omnis culpa quia labore. Occaecati quidem dignissimos et itaque. Provident sed quia qui sequi quis.',417.87,'2021-01-02 10:10:52','2021-03-14 18:42:50'),(221,7,8,'Deleniti aut perferendis.','Et et ut quam voluptas occaecati aut eaque et. Animi id vel voluptates harum minus animi. Quisquam mollitia repudiandae magni cumque cum modi illo. Distinctio quas voluptas delectus sed ea.',797.65,'2013-12-26 23:27:06','2021-03-14 18:42:50'),(222,2,8,'Esse est porro.','Mollitia nisi incidunt explicabo dolor aut temporibus perferendis error. Rerum vel doloribus tenetur qui. Culpa cupiditate accusantium perspiciatis consequatur temporibus ut qui.',724.62,'2020-11-09 11:09:02','2021-03-14 18:42:50'),(223,9,3,'Suscipit aut autem.','Minus sequi harum praesentium nesciunt. Corrupti dolorum dolores iste. Dolorum vel aut illum non sed cum sunt. Ipsam temporibus quae et eos.',220.15,'2011-12-14 19:38:56','2021-03-14 18:42:50'),(224,10,5,'Neque ipsum sunt.','Porro aut fugit sequi nostrum quas dolorum. Modi saepe in distinctio id tempore. Repudiandae mollitia nobis eos.',916.88,'2011-05-21 21:22:42','2021-03-14 18:42:50'),(225,1,7,'Aut aperiam.','Ipsa consectetur suscipit odit earum aliquam ut totam. Eius tempora repudiandae voluptates. Accusantium voluptatem quibusdam aut omnis iusto non repudiandae a. Mollitia id necessitatibus non amet voluptatem impedit. Molestias mollitia reprehenderit reprehenderit consequatur.',913.95,'2013-07-19 07:10:27','2021-03-14 18:42:50'),(226,6,10,'Velit minus.','Nesciunt quaerat omnis ipsa. Iusto ut qui neque velit sequi non. Quaerat pariatur quia consequatur.',809.12,'2019-09-09 02:32:11','2021-03-14 18:42:50'),(227,8,1,'Odit necessitatibus consequatur.','Enim et eos autem officiis vitae. Id et ut quam dolorem est voluptates. Nihil velit qui unde. Perferendis architecto inventore nulla aut placeat.',293.76,'2020-06-11 02:22:07','2021-03-14 18:42:50'),(228,2,7,'Porro natus rerum.','Provident dignissimos nam itaque ea est. Corrupti nulla assumenda ut fugiat sequi inventore ea. Exercitationem blanditiis accusamus corporis amet qui non eum. Illo iste blanditiis tempora cupiditate eius eligendi aspernatur.',31.45,'2012-10-12 17:18:43','2021-03-14 18:42:50'),(229,3,3,'Libero fuga.','Est et cum sapiente illo omnis dolore. Provident sit qui iure quis mollitia temporibus. Saepe ullam voluptas consequatur repudiandae est esse. Molestiae ea exercitationem dolore earum qui.',265.96,'2018-01-20 00:40:56','2021-03-14 18:42:50'),(230,10,5,'Labore magnam.','Ea at expedita minima voluptatum. Odio ut quo enim temporibus saepe et ipsa. Inventore nesciunt alias amet sunt. Iste dolores omnis et quod.',225.45,'2017-02-26 20:15:53','2021-03-14 18:42:50'),(231,8,1,'Similique perspiciatis.','Saepe qui eum voluptas eum. Saepe vel magni quia similique corporis est neque.',319.35,'2015-05-02 05:30:56','2021-03-14 18:42:50'),(232,2,8,'Neque voluptates aliquam.','Consequatur sit eveniet explicabo dolorem neque alias dignissimos dicta. Officiis neque quo molestiae corporis. Quia ratione repellat quos.',910.42,'2020-01-17 10:01:51','2021-03-14 18:42:50'),(233,3,3,'Quia alias quam.','Quia dolor eos non adipisci molestiae laborum labore. Maxime nemo omnis enim corrupti. Est veniam quia dicta ipsam officiis. Fugiat sit facilis qui occaecati sit eligendi in.',584.06,'2012-04-09 14:28:46','2021-03-14 18:42:50'),(234,3,3,'A et.','Dolor est est et ratione dolorum. Quibusdam officia reiciendis necessitatibus veritatis earum repudiandae sit in. Vero qui sit sed earum pariatur dolor. Minus id rem minus earum voluptas optio debitis. Aut necessitatibus excepturi neque accusantium doloribus.',179.03,'2021-03-05 17:33:43','2021-03-14 18:42:50'),(235,5,8,'Animi iste alias.','Labore qui et eligendi. Enim non sed non aut quos rem consectetur. Sed nulla deserunt ut. Reprehenderit sequi voluptatem et.',132.98,'2016-11-29 11:06:15','2021-03-14 18:42:50'),(236,4,6,'Architecto molestiae.','Commodi cupiditate aut voluptatem velit id. Quos veritatis provident deserunt illo quae. Architecto officia et ipsam dolor incidunt veniam. Tenetur voluptatem atque quod unde.',117.79,'2013-06-30 02:11:12','2021-03-14 18:42:50'),(237,6,6,'Perferendis eaque ipsam.','Qui natus et autem facere sapiente tenetur. Officiis sed aut et sed. Numquam neque iusto alias est ipsa veniam. Sint temporibus rerum fugiat amet voluptatem.',180.03,'2018-02-12 09:01:10','2021-03-14 18:42:50'),(238,4,8,'Corrupti odit eos.','Blanditiis omnis eos minima voluptates id enim. Autem nisi consequatur amet culpa fugit culpa. Omnis enim itaque et ducimus ipsam.',536.76,'2013-08-24 18:22:53','2021-03-14 18:42:50'),(239,6,3,'Aut eveniet.','Architecto et voluptatem quos explicabo. Eos soluta ut et sunt.',133.74,'2014-04-03 01:30:54','2021-03-14 18:42:50'),(240,2,6,'Alias rem.','Voluptate ut facere qui quibusdam autem ut voluptates. Quia explicabo sunt soluta dignissimos. Qui perspiciatis autem neque nesciunt beatae sint recusandae sed. Et eaque hic consectetur voluptatem ad repellendus. Et velit unde adipisci quos.',48.40,'2021-02-18 20:27:40','2021-03-14 18:42:50'),(241,2,4,'Sunt consequatur totam.','Dolore et in id. Totam nihil fuga aut praesentium assumenda provident. Est atque autem molestiae officiis qui.',830.80,'2011-08-14 15:49:12','2021-03-14 18:42:50'),(242,4,4,'Deleniti facilis est.','Mollitia est aut ex et suscipit debitis ad dolor. Est doloremque et suscipit odio aut minima. Laudantium voluptas voluptatem aperiam illo qui sequi. Ex quia et velit deserunt.',998.78,'2019-08-07 14:53:48','2021-03-14 18:42:50'),(243,1,9,'Illum eveniet.','Aut modi fuga dolores natus sed dicta aut. Cupiditate est in rerum ex voluptas. Omnis qui labore itaque qui. Accusantium quia quo dolore accusantium. Enim officiis corporis quia vel.',491.50,'2013-03-02 03:57:38','2021-03-14 18:42:50'),(244,10,4,'Sint recusandae excepturi.','Dolorem culpa voluptatem consequatur eos. Aut aliquid aliquam ut sed vel adipisci. Alias quod nihil delectus quibusdam eos libero tempora.',451.16,'2018-07-30 15:18:42','2021-03-14 18:42:50'),(245,4,7,'Nihil et.','Eaque et occaecati sequi reiciendis odio fugiat. Harum aut qui eos ex. Enim vero autem autem non.',771.30,'2011-08-23 07:16:13','2021-03-14 18:42:50'),(246,1,5,'Asperiores ducimus et.','Ut eum et ut et. Quas possimus aut iure magni est veniam quia consequatur. Ut dolore ipsam debitis ullam officia eligendi dignissimos. Doloribus asperiores nemo et repellendus.',493.01,'2013-12-06 17:03:36','2021-03-14 18:42:50'),(247,7,6,'Quos repellendus autem.','Expedita et quos impedit. Beatae qui odit quasi consectetur qui in quo. Et rem dignissimos tempora enim nihil. Qui ut dolorum impedit tempore temporibus. Natus ut similique dicta voluptatem optio.',141.15,'2012-01-11 08:22:02','2021-03-14 18:42:50'),(248,2,10,'Sit voluptatem.','Asperiores dolores delectus totam animi quasi est maxime. Deserunt nostrum in explicabo adipisci nisi error perferendis et. Iste voluptatem libero quo aut blanditiis repudiandae eos. Voluptas inventore est sunt illum.',216.73,'2018-09-17 02:15:10','2021-03-14 18:42:50'),(249,7,9,'Minus sunt.','Deleniti at quasi facilis voluptatem id asperiores. Saepe aut ex suscipit omnis enim aliquam facilis. Perferendis nihil fugiat sunt natus sit accusantium enim.',650.20,'2017-12-19 07:06:08','2021-03-14 18:42:50'),(250,6,3,'Quidem asperiores sed.','Deserunt quisquam temporibus qui culpa rem error blanditiis sit. Exercitationem omnis voluptas velit atque nemo eveniet vitae itaque. Quidem cum quae perspiciatis iusto culpa mollitia voluptatem quo.',590.79,'2014-08-02 22:59:13','2021-03-14 18:42:50'),(251,4,2,'Magnam minus molestias.','Consequatur dolorem vitae repudiandae. Dolor atque nisi beatae ad occaecati. Aut consequatur molestiae ut qui esse repudiandae omnis et. Consequatur consectetur pariatur libero itaque.',993.37,'2020-07-31 22:40:26','2021-03-14 18:42:50'),(252,5,8,'Non ratione inventore.','Eaque vel enim enim rerum. Nihil non dolor eius minus rerum accusamus. Ab cumque voluptates ipsam voluptatem odio. Quia numquam cupiditate culpa hic quasi.',184.45,'2014-11-28 21:08:23','2021-03-14 18:42:50'),(253,1,2,'Eius fuga quia.','Ut et velit consequuntur et inventore esse nihil occaecati. Delectus dolorum et animi quod tempore ab sequi dolor. Eos id et reiciendis nihil quia repellendus.',932.18,'2014-03-22 12:25:10','2021-03-14 18:42:50'),(254,5,1,'Et omnis.','At fuga consequatur voluptatem aperiam numquam nobis est. Tenetur quaerat molestias officia. Velit et harum maiores aut tempora ullam.',97.52,'2017-03-07 12:42:43','2021-03-14 18:42:50'),(255,3,2,'Totam voluptas.','Reiciendis quia voluptas aut consequatur repellendus et. Vitae dignissimos eos illum assumenda illum eius voluptas. Perferendis aliquid totam corporis possimus sed accusantium. Iusto quo deserunt suscipit consequuntur.',681.08,'2019-04-02 23:39:51','2021-03-14 18:42:50'),(256,6,1,'Fugiat consequuntur fuga.','Ad est ipsam rerum. Provident rem illum ipsum a. Fugit odit voluptas earum maxime fuga aut esse ad. Molestiae voluptatibus laboriosam doloribus eos earum alias ab.',102.85,'2014-01-22 08:09:33','2021-03-14 18:42:50'),(257,6,4,'Voluptate corrupti.','Possimus ea enim sed at. Autem ducimus et eligendi et quod porro nesciunt qui. Veritatis autem earum velit iure placeat vel. Odit itaque qui quas vel.',461.01,'2017-12-29 09:39:26','2021-03-14 18:42:50'),(258,3,1,'Molestias neque.','Voluptates dolore minima vitae officiis. Molestiae perspiciatis voluptatibus maiores quae quia sequi. Quidem provident illo similique rerum accusamus. Sit molestiae ab placeat voluptates quaerat et.',986.50,'2016-02-23 12:50:57','2021-03-14 18:42:50'),(259,7,6,'Quis omnis.','Atque dolorem adipisci ut error voluptas qui incidunt. Omnis cum officiis voluptates. Molestias beatae et et mollitia neque iste qui adipisci. Omnis natus consequuntur aspernatur molestias. Enim iste laudantium recusandae magnam esse ut rerum.',539.48,'2018-03-13 13:16:39','2021-03-14 18:42:50'),(260,10,6,'Molestiae ea.','Consequuntur voluptatem modi tenetur explicabo ea ut quasi. Laborum neque quasi rerum. Suscipit omnis totam magnam labore at.',727.90,'2014-03-22 00:01:43','2021-03-14 18:42:50'),(261,6,5,'Assumenda pariatur.','Corrupti quia distinctio et aut fugit optio qui. Qui corrupti ex asperiores repudiandae omnis velit. Autem ullam est repudiandae.',11.03,'2016-10-17 09:54:00','2021-03-14 18:42:50'),(262,5,5,'Accusamus eveniet molestiae.','Ut nostrum quis similique placeat et. Quisquam consequatur possimus ipsam consequatur ipsum praesentium ut sequi. Cumque suscipit id hic omnis. Et minus et et quam qui.',861.47,'2014-03-24 16:44:09','2021-03-14 18:42:50'),(263,9,7,'Aut nesciunt.','Qui quam enim voluptatem aperiam. Dolores velit rerum dolores provident quia sint aperiam. Aut ducimus laboriosam itaque recusandae ut perspiciatis.',264.26,'2018-09-26 18:50:04','2021-03-14 18:42:50'),(264,10,8,'Qui quam.','Quis esse nulla nemo velit repudiandae et assumenda. Iusto et et dolor modi beatae recusandae ut. Praesentium est architecto aut beatae. Consequatur qui quo omnis.',726.88,'2011-12-03 07:51:42','2021-03-14 18:42:50'),(265,5,5,'Rerum rerum.','Aliquid qui et sequi aut dolores sit ab. Odio non sed provident minus. Sed rerum dolores sequi rem corrupti.',831.61,'2019-01-11 11:19:00','2021-03-14 18:42:50'),(266,7,6,'Consectetur eaque.','Quo non voluptas consectetur aspernatur odio officia omnis pariatur. Quas rerum distinctio delectus similique totam. Qui vel saepe culpa eveniet.',967.43,'2012-05-15 04:46:49','2021-03-14 18:42:50'),(267,4,4,'Debitis tempore.','Praesentium ea assumenda omnis repudiandae blanditiis id alias. Est culpa sed nobis dolorum est molestias. Architecto aperiam aut tempore. Quibusdam voluptatum sunt nihil quos excepturi.',332.33,'2016-12-07 06:19:07','2021-03-14 18:42:50'),(268,7,5,'Aspernatur rerum.','At et blanditiis aut omnis ut sunt et. Praesentium est quas laborum porro sapiente autem excepturi. Rem doloremque dolore natus voluptate maiores.',749.36,'2014-09-12 20:12:19','2021-03-14 18:42:50'),(269,1,4,'Laborum adipisci.','Pariatur dolores nisi veritatis qui ut. Ex consequatur est excepturi aut voluptas alias omnis vel. Ipsam quibusdam est in voluptatibus.',739.79,'2018-10-30 06:22:51','2021-03-14 18:42:50'),(270,8,7,'Vel impedit.','Asperiores quos id autem quam et. Aut ipsa dolor qui corporis aut officiis. Iusto quas excepturi sint ipsam.',440.88,'2012-12-28 10:55:57','2021-03-14 18:42:50'),(271,8,10,'Eligendi rem.','Consequatur iure maxime exercitationem corporis voluptatem. Quo laboriosam minus delectus dolor id.',975.04,'2018-11-14 06:44:21','2021-03-14 18:42:50'),(272,10,3,'Qui consequatur.','Quis voluptas voluptatem reiciendis ipsa id est. Nemo inventore minus molestiae. Veniam sunt dolorem quidem rerum maiores exercitationem voluptates nihil.',542.53,'2013-03-10 01:20:10','2021-03-14 18:42:50'),(273,3,10,'Recusandae reprehenderit.','Assumenda alias esse architecto sunt. Quas omnis qui beatae eum ut vero maiores. Et quia quas vel quia assumenda. Molestiae eum aut aut non ut.',777.55,'2014-07-19 03:36:33','2021-03-14 18:42:50'),(274,10,8,'Reprehenderit expedita ut.','Qui aut sapiente quae enim odit voluptatem. Eaque ea voluptate rem aut consequatur magnam soluta. Perspiciatis repellat occaecati quaerat qui. Assumenda minima facilis perspiciatis neque aliquid incidunt id.',250.16,'2011-11-27 12:33:05','2021-03-14 18:42:50'),(275,3,5,'In libero.','Dolor soluta magnam eum quam. Omnis quasi placeat eaque sunt et. Aspernatur ut doloremque voluptatum et.',908.15,'2019-08-08 18:12:02','2021-03-14 18:42:50'),(276,1,6,'Quae assumenda quisquam.','Voluptatum mollitia itaque quos similique corporis dignissimos. Saepe eum quia sunt ut illo suscipit. Ratione dolorem voluptatem error aperiam quo. Dolor id et omnis ut rem at. Natus accusantium quaerat quo voluptatem accusantium cumque nobis similique.',780.26,'2017-07-28 13:20:14','2021-03-14 18:42:50'),(277,9,1,'Totam voluptatem autem.','Accusamus minus dolores dolorem reprehenderit. Sunt amet cumque minus qui atque. At blanditiis fugiat nobis dolore tempora. Totam soluta dolores itaque.',166.85,'2019-03-25 06:34:47','2021-03-14 18:42:50'),(278,6,3,'Perspiciatis sequi ex.','Dolorem maxime perferendis voluptate nobis similique repudiandae ut cumque. Aut magni animi est ea debitis.',483.48,'2012-01-23 11:21:24','2021-03-14 18:42:50'),(279,5,6,'Voluptas et.','Explicabo autem placeat qui ex. Rerum suscipit commodi reprehenderit deserunt aut sit tempore nostrum. Praesentium esse sunt voluptas dignissimos recusandae quisquam omnis.',906.85,'2020-10-26 22:08:18','2021-03-14 18:42:50'),(280,6,6,'Delectus non.','Quo assumenda harum qui ipsum. Voluptatem modi expedita pariatur explicabo velit sint dolorem. Voluptatem dolorem quasi eum quis. Iure minima voluptatibus exercitationem aut.',73.80,'2011-04-06 06:26:32','2021-03-14 18:42:50'),(281,8,10,'Quasi ipsa.','Sequi incidunt a aut enim consequatur rerum omnis dolor. Facere sint deleniti et.',638.47,'2017-02-22 18:26:57','2021-03-14 18:42:50'),(282,8,8,'Molestiae aut suscipit.','Est occaecati quam quisquam nam odit. Velit autem deserunt sint esse. Voluptate culpa quaerat consequatur laudantium maiores voluptatum.',960.95,'2014-07-10 04:56:02','2021-03-14 18:42:50'),(283,1,5,'Suscipit voluptatem.','Aut at quae et voluptas. Quo iste assumenda unde eos repellat quas autem. Eius ea magni recusandae commodi. Corrupti et eius numquam.',879.33,'2013-01-22 16:45:12','2021-03-14 18:42:50'),(284,7,4,'Vel repellat maiores.','Enim hic deserunt rerum iusto ipsum. Odio voluptatem amet dolor in earum qui ad ab. Recusandae culpa necessitatibus nihil corrupti officiis et et ipsa. Eaque dolor mollitia voluptatibus omnis nihil quisquam.',503.78,'2018-08-20 07:20:42','2021-03-14 18:42:50'),(285,9,6,'Et quaerat omnis.','Aut ut sed est est deserunt odio velit. A voluptas corporis delectus ea repudiandae sed. Reiciendis esse ut aut ducimus.',870.93,'2020-09-17 01:44:12','2021-03-14 18:42:50'),(286,1,6,'Nobis minima quidem.','Recusandae eius enim distinctio perspiciatis qui asperiores. Nihil tenetur dolorem aspernatur in ratione molestiae. Vel rerum autem quo quasi sed cupiditate mollitia.',833.32,'2019-08-30 18:18:57','2021-03-14 18:42:50'),(287,8,3,'Sed quia similique.','Architecto qui quas et itaque pariatur. Consequuntur molestiae ab mollitia facere et quos. Est ab maiores et facere recusandae fuga sed. Blanditiis dolorem excepturi in officia praesentium.',543.81,'2019-04-16 01:05:32','2021-03-14 18:42:50'),(288,1,3,'Nemo voluptatum ab.','Dolorem amet sint eveniet iste vero qui consequatur dolorem. Qui et et tempore deleniti. Assumenda aliquid sit illo aut voluptatem. Quasi aut est dolores quis quasi ullam.',209.07,'2019-03-01 10:58:48','2021-03-14 18:42:50'),(289,6,7,'Eos possimus similique.','Mollitia quisquam provident quisquam in perspiciatis eaque quidem. Voluptatem molestiae voluptatem quasi. Voluptatem eligendi vitae temporibus et enim. Delectus porro veniam est corrupti odio facilis.',403.92,'2019-11-07 20:43:45','2021-03-14 18:42:50'),(290,4,9,'Expedita sit.','Expedita unde nemo dolorem sed aut ea. Illum molestiae magnam vero quas temporibus numquam in. Eum vel excepturi odio pariatur non voluptas.',382.40,'2011-03-16 22:07:44','2021-03-14 18:42:50'),(291,4,2,'Ut voluptatem delectus.','Earum laboriosam consequuntur enim sit harum esse dolores. Quisquam ipsa ad neque aperiam omnis dolores. Et est dicta quia ex.',690.25,'2015-09-14 05:20:13','2021-03-14 18:42:50'),(292,3,4,'Dolorem magnam sit.','Molestiae rerum sit sit qui. Voluptatem minima aliquam tenetur eius id iste voluptatem repudiandae. Eius culpa provident necessitatibus minus distinctio sequi rem.',294.06,'2015-03-23 18:40:05','2021-03-14 18:42:50'),(293,8,3,'Eius aliquid.','Quis vel voluptates eum autem. Est dolores adipisci quos ut.',389.54,'2018-06-19 13:51:34','2021-03-14 18:42:50'),(294,10,8,'Harum officia.','Perspiciatis quas sunt iste. Ullam et vel nemo. Ut eveniet praesentium asperiores non mollitia non. Perspiciatis nihil expedita ut perferendis.',55.50,'2013-06-20 04:12:41','2021-03-14 18:42:50'),(295,4,6,'Pariatur quasi.','Laudantium consequuntur sequi nihil reiciendis aut dolore est. Debitis tempore nobis est molestiae eum incidunt occaecati. Accusantium et alias sequi officiis qui quis.',98.88,'2015-03-28 09:55:44','2021-03-14 18:42:50'),(296,6,3,'Sint numquam quidem.','Est sit ut fugiat et aut facere. Incidunt autem ipsum voluptatem porro hic iusto dolor dolor. Distinctio quas et ab aut eligendi.',317.92,'2018-01-29 03:48:49','2021-03-14 18:42:50'),(297,6,8,'Soluta eaque alias.','Nostrum sed ex eveniet quia earum. Accusantium eum facilis labore culpa. Est dolorem consequatur ex voluptatem suscipit dolores nam itaque. Est voluptates repudiandae consequatur labore saepe inventore.',282.94,'2020-11-09 08:52:44','2021-03-14 18:42:50'),(298,9,8,'Omnis autem.','Voluptatem qui sed eius qui. Aut voluptatem aliquam voluptatibus asperiores. Quasi repellendus reprehenderit ipsa consequatur et eum.',450.93,'2017-09-21 11:35:44','2021-03-14 18:42:50'),(299,9,2,'Omnis qui inventore.','Nam quidem sit libero nostrum officia. Qui soluta dolore facilis cumque. Rem iusto odit et eaque voluptatum a odit. Sint repellendus omnis qui atque id est quas. Consequuntur in et est nemo exercitationem sit quia.',395.83,'2011-04-12 04:46:20','2021-03-14 18:42:50'),(300,4,8,'Deleniti voluptates corrupti.','Nihil cumque culpa ex dolorem officiis et. Debitis adipisci nihil porro magni. Ea est et consequatur. Iusto est voluptas nesciunt et.',616.38,'2016-03-25 07:35:13','2021-03-14 18:42:50');
/*!40000 ALTER TABLE `books` ENABLE KEYS */;
UNLOCK TABLES;

--
-- Table structure for table `clients`
--

DROP TABLE IF EXISTS `clients`;
/*!40101 SET @saved_cs_client     = @@character_set_client */;
/*!50503 SET character_set_client = utf8mb4 */;
CREATE TABLE `clients` (
  `id` int unsigned NOT NULL AUTO_INCREMENT,
  `first_name` varchar(100) CHARACTER SET utf8mb4 COLLATE utf8mb4_unicode_ci NOT NULL,
  `last_name` varchar(100) CHARACTER SET utf8mb4 COLLATE utf8mb4_unicode_ci NOT NULL,
  `email` varchar(100) CHARACTER SET utf8mb4 COLLATE utf8mb4_unicode_ci NOT NULL,
  `phone` varchar(100) CHARACTER SET utf8mb4 COLLATE utf8mb4_unicode_ci NOT NULL,
  `created_at` datetime DEFAULT CURRENT_TIMESTAMP,
  `updated_at` datetime DEFAULT CURRENT_TIMESTAMP ON UPDATE CURRENT_TIMESTAMP,
  PRIMARY KEY (`id`),
  UNIQUE KEY `email` (`email`),
  UNIQUE KEY `phone` (`phone`),
  KEY `clients_first_name_last_name_idx` (`first_name`,`last_name`)
) ENGINE=InnoDB AUTO_INCREMENT=101 DEFAULT CHARSET=utf8mb4 COLLATE=utf8mb4_unicode_ci COMMENT='Клиенты/покупатели';
/*!40101 SET character_set_client = @saved_cs_client */;

--
-- Dumping data for table `clients`
--

LOCK TABLES `clients` WRITE;
/*!40000 ALTER TABLE `clients` DISABLE KEYS */;
INSERT INTO `clients` VALUES (1,'Lolita','Hirthe','mstehr@example.net','1-209-489-5637x03506','2014-10-30 00:43:19','2020-02-04 04:14:54'),(2,'Clotilde','Welch','nmueller@example.org','1-996-014-2596x437','2018-06-28 21:03:26','2021-03-14 18:43:06'),(3,'Emmet','Johnson','prudence.rempel@example.net','(388)075-7821','2021-03-05 11:47:41','2021-03-14 18:43:06'),(4,'Celine','Armstrong','sroberts@example.net','136.231.6933x879','2016-06-06 01:37:38','2021-03-14 18:43:06'),(5,'Quentin','Farrell','laura87@example.org','245-237-1092x4406','2018-05-21 12:57:33','2020-01-07 09:39:27'),(6,'Andrew','Leannon','lionel.monahan@example.org','03246826316','2021-01-30 06:49:40','2021-03-14 18:43:06'),(7,'Lori','Nader','rbeier@example.com','(878)605-6439x998','2011-10-12 09:51:24','2012-06-30 09:46:43'),(8,'Arthur','Cummerata','deborah.langworth@example.com','837.270.1044x1670','2017-03-21 20:52:03','2021-03-14 18:43:06'),(9,'Connor','Donnelly','lester.abshire@example.com','(741)767-3481x988','2016-01-18 20:20:59','2017-01-24 12:16:22'),(10,'Joel','Bernhard','flesch@example.com','933.827.8285x724','2019-02-08 21:17:48','2021-03-14 18:43:06'),(11,'Amparo','Nikolaus','conn.cecile@example.org','1-666-851-0610','2016-05-26 00:53:58','2018-01-13 16:07:09'),(12,'Marilie','Ward','xlakin@example.net','(393)162-6920','2014-10-20 22:02:22','2021-03-14 18:43:06'),(13,'Alexandria','Schaefer','armstrong.ben@example.net','318.882.2102x84177','2013-11-01 10:45:10','2020-06-05 22:33:07'),(14,'Grayson','Harber','mitchell.rutherford@example.org','101.809.1421x037','2012-10-04 23:19:23','2021-03-14 18:43:06'),(15,'Gerda','Kertzmann','glover.pasquale@example.com','038.610.1461x81355','2017-09-18 17:03:15','2021-03-14 18:43:06'),(16,'Eliza','Balistreri','quitzon.judah@example.net','(236)932-1226','2015-07-18 19:52:58','2016-03-30 11:18:33'),(17,'Loyce','Kozey','ibogisich@example.org','05985788171','2021-01-12 15:08:13','2021-03-14 18:43:06'),(18,'Terry','Hermiston','kulas.judson@example.org','(846)458-3296x015','2020-10-18 21:29:28','2021-03-14 18:43:06'),(19,'Earlene','Senger','leatha.gleichner@example.net','195-734-3188x286','2011-05-14 19:19:25','2021-03-14 18:43:06'),(20,'Frances','Corkery','jenkins.petra@example.net','(056)596-4202x7416','2013-09-14 08:10:08','2021-03-14 18:43:06'),(21,'Davonte','Cruickshank','marquise.durgan@example.net','(976)055-6259','2013-09-03 06:47:08','2021-01-24 15:27:08'),(22,'Yoshiko','Klein','abbott.barton@example.com','+36(9)7457550791','2015-07-03 23:44:59','2017-02-10 01:06:10'),(23,'Lucinda','Thiel','lprice@example.org','+08(5)4799018390','2013-11-04 12:01:29','2014-10-25 13:51:10'),(24,'Josie','Reilly','lewis56@example.com','779.547.0560','2018-06-13 08:43:37','2020-08-13 13:22:07'),(25,'Bennie','Schowalter','christopher66@example.net','738-591-7970x06398','2013-03-18 20:30:06','2018-08-06 22:05:17'),(26,'Sallie','Simonis','kohler.jazmyne@example.com','1-397-388-0650x7695','2017-07-22 21:46:00','2021-03-14 18:43:06'),(27,'Chesley','Murphy','ijacobi@example.org','(614)024-9815','2013-10-08 05:31:34','2014-03-30 10:43:36'),(28,'Scot','Osinski','pblick@example.org','005.929.2660x4145','2015-05-31 23:08:08','2015-07-15 10:43:51'),(29,'Angus','Steuber','laurine.mitchell@example.org','826-198-8258','2019-07-08 02:59:13','2021-03-14 18:43:06'),(30,'Erica','Hammes','hschuster@example.net','1-483-543-7286','2018-01-18 18:13:39','2018-08-13 05:34:34'),(31,'Johan','Wiegand','broob@example.com','847.658.1157','2011-05-04 07:15:43','2011-08-07 02:32:17'),(32,'Katrine','Mertz','aliya.vonrueden@example.net','116-965-1430','2016-09-06 10:09:02','2020-03-19 14:43:22'),(33,'Aida','Larson','ali29@example.net','281-288-1230','2015-05-23 09:27:48','2021-03-14 18:43:06'),(34,'Eldred','Wintheiser','hackett.lolita@example.com','891-373-1339x1283','2012-12-05 03:47:16','2014-09-18 02:03:00'),(35,'Bridget','Marquardt','horacio44@example.org','1-489-766-4913','2017-06-14 23:57:50','2017-12-08 16:18:56'),(36,'Rashawn','Spencer','hsipes@example.net','04975996062','2014-10-14 23:51:30','2021-03-14 18:43:06'),(37,'Orin','Stanton','lang.coty@example.com','(946)869-0742x21963','2013-02-01 14:17:24','2019-08-09 07:17:20'),(38,'Lyric','Weber','nkuhn@example.net','1-565-394-7967x52100','2013-03-19 06:20:06','2013-03-22 08:07:24'),(39,'Pierce','Barton','walker07@example.org','436.891.2070','2019-08-11 05:57:08','2021-03-14 18:43:06'),(40,'Haylie','Stark','kimberly61@example.org','1-504-691-6393','2019-01-29 23:01:24','2021-03-14 18:43:06'),(41,'Luigi','Dare','stephania33@example.org','674.403.1411x416','2013-12-12 01:27:27','2015-12-24 22:32:11'),(42,'Dayton','Jones','laurence47@example.net','1-518-617-2626x5486','2016-06-28 21:25:37','2021-03-14 18:43:06'),(43,'Reinhold','Brakus','jamir47@example.com','(343)529-8345','2013-02-05 10:04:13','2014-10-06 04:44:44'),(44,'Mylene','Ledner','salvador51@example.org','(538)536-5477','2018-06-15 19:18:23','2021-03-14 18:43:06'),(45,'Milford','Mosciski','shawna29@example.com','734.447.5038x230','2017-03-12 11:17:41','2018-05-07 18:02:04'),(46,'Kristoffer','O\'Kon','schaden.jakob@example.net','(036)773-8793','2011-07-18 10:44:18','2020-08-19 01:26:06'),(47,'Leora','Schultz','adelia.vandervort@example.net','256.066.3804x37903','2020-01-16 15:13:48','2021-03-14 18:43:06'),(48,'Heather','Bins','treva13@example.net','09610777410','2015-12-11 22:33:00','2021-03-14 18:43:06'),(49,'Ciara','Rempel','rogers.o\'reilly@example.com','866-197-3876','2016-08-23 14:07:36','2019-11-06 04:31:26'),(50,'Price','Bins','adrien.dare@example.org','1-737-326-0248x758','2015-02-15 03:29:49','2020-08-14 03:35:23'),(51,'Fernando','Jacobi','christiana37@example.net','690.950.4920','2011-05-10 14:45:51','2016-02-09 20:36:21'),(52,'Citlalli','Schmidt','trace.luettgen@example.net','163.463.1933','2013-08-02 21:26:26','2014-09-20 10:49:45'),(53,'Jena','Mohr','magali.ankunding@example.org','1-475-574-4708x08246','2014-06-20 22:23:12','2014-07-25 00:56:45'),(54,'Emery','Nikolaus','catherine22@example.net','1-468-599-5821','2013-01-06 23:54:31','2019-12-14 06:00:09'),(55,'Zachary','O\'Reilly','casper54@example.com','05752116889','2014-04-28 12:00:25','2018-07-04 18:03:14'),(56,'Kaitlyn','Luettgen','pagac.anastasia@example.com','(610)990-2962x169','2018-08-10 05:14:01','2021-01-16 22:39:31'),(57,'Allene','Gutkowski','schneider.aniya@example.org','768.726.7640x29008','2018-12-28 09:57:14','2021-03-14 18:43:06'),(58,'Sophie','Pfeffer','colleen.lehner@example.net','378-478-3986','2018-05-13 22:51:42','2021-03-14 18:43:06'),(59,'Serenity','Orn','hfadel@example.org','665-796-2322x549','2015-01-26 20:26:57','2019-12-27 00:26:51'),(60,'Lolita','Effertz','gilbert65@example.com','720-936-7996','2015-12-29 08:25:58','2021-03-14 18:43:06'),(61,'Nelle','Heathcote','amedhurst@example.org','676-426-1497','2011-12-21 11:01:27','2020-03-03 10:05:31'),(62,'Hector','Hermann','alycia.hyatt@example.com','565.642.5571','2011-06-29 02:36:12','2013-07-08 19:10:29'),(63,'Amina','Stroman','fidel.spinka@example.org','(789)327-4488','2020-04-29 15:32:15','2021-03-14 18:43:06'),(64,'Syble','Nicolas','umurphy@example.com','744-261-3622','2020-01-25 01:34:10','2021-03-14 18:43:06'),(65,'Mya','Miller','bernadette.o\'reilly@example.org','552-296-6869x605','2020-02-20 05:17:44','2021-03-14 18:43:06'),(66,'Asha','Stracke','zemlak.nya@example.com','900.844.2969','2011-10-23 14:58:27','2018-11-13 00:26:20'),(67,'Chelsey','Klocko','bud59@example.net','+42(8)1608436193','2015-06-27 14:29:43','2016-05-03 11:41:38'),(68,'Edgardo','Dare','bogisich.cindy@example.com','1-307-250-8579','2017-03-03 15:45:31','2018-03-11 12:30:12'),(69,'Kacie','Okuneva','edythe50@example.org','(696)920-9559','2011-07-24 17:27:11','2012-08-18 04:42:21'),(70,'Sophie','McClure','cstracke@example.org','(885)296-2257x69781','2015-11-16 11:19:22','2021-03-14 18:43:06'),(71,'Ephraim','Johnston','lhane@example.net','1-336-116-0361','2011-12-12 11:24:24','2014-05-21 01:40:03'),(72,'Sandy','Batz','bergstrom.ashton@example.org','843.655.2471x603','2018-09-13 00:49:59','2021-03-14 18:43:06'),(73,'Clemmie','Gusikowski','harber.efren@example.net','399.439.8868x7479','2014-08-06 18:11:49','2021-03-14 18:43:06'),(74,'Moses','Hilll','julien.swaniawski@example.com','(130)893-4790x899','2015-02-20 17:29:42','2020-07-13 21:54:01'),(75,'Iva','Fadel','francis29@example.org','459-837-5080x65529','2020-12-06 08:07:43','2021-03-14 18:43:06'),(76,'Allison','Torphy','rhirthe@example.org','796-480-0579x37761','2011-09-29 11:40:12','2020-03-08 15:00:42'),(77,'Velva','Greenfelder','eula99@example.net','136.120.8744','2016-08-04 08:45:36','2021-03-14 18:43:06'),(78,'William','Wyman','josh44@example.net','+73(4)7834915097','2016-01-21 17:06:54','2020-03-11 12:54:54'),(79,'Toy','Nader','cathy.bernier@example.com','1-024-017-9254x115','2014-07-17 20:29:05','2021-03-14 18:43:06'),(80,'Charles','West','spencer.walker@example.org','(639)392-3971x514','2018-03-14 06:55:51','2021-03-14 18:43:06'),(81,'Jess','Prosacco','will.beahan@example.com','1-149-998-1689','2019-08-12 15:16:17','2019-10-12 19:18:45'),(82,'Theo','Rippin','schmeler.marcellus@example.net','069-652-4027x292','2012-10-07 17:34:59','2014-09-09 00:07:34'),(83,'Ashtyn','Johnson','fhettinger@example.org','(631)515-9431','2012-04-30 22:46:49','2020-05-23 10:08:09'),(84,'Raphaelle','Smitham','jo.renner@example.net','(284)238-1075x652','2011-03-17 00:17:14','2013-08-25 02:39:14'),(85,'Eldon','Ondricka','jarod.fadel@example.com','(996)756-6333','2011-04-01 19:57:06','2014-10-27 21:00:24'),(86,'Sydney','Kemmer','dewitt.daugherty@example.org','475-537-9084x760','2017-07-04 22:01:59','2020-11-01 08:19:59'),(87,'Jimmy','Okuneva','vheidenreich@example.net','804-272-4972x7263','2013-10-23 18:55:57','2016-02-27 04:39:20'),(88,'Gwen','Upton','thoppe@example.org','(065)970-8640x700','2011-09-17 23:04:25','2012-08-07 00:34:31'),(89,'Lorenz','Jones','jaren.upton@example.org','603.263.1027','2020-03-04 11:25:55','2021-03-14 18:43:06'),(90,'Ruthie','Rempel','dylan53@example.net','274.697.9833','2017-05-15 06:25:21','2019-05-21 04:21:19'),(91,'Ardella','Swift','sonya82@example.org','129.979.7671x32541','2015-08-27 14:38:02','2015-12-03 20:31:12'),(92,'Jovany','Schneider','hoeger.ettie@example.com','545-765-9898x03085','2016-11-14 08:59:00','2018-02-15 10:09:21'),(93,'Carrie','Murray','shyanne.powlowski@example.com','(507)115-1973x193','2019-04-17 06:05:48','2021-03-14 18:43:06'),(94,'Marilie','Mayert','denis34@example.com','1-947-580-4022','2017-03-05 19:16:29','2021-03-14 18:43:06'),(95,'Keira','Huel','muller.rod@example.net','+80(0)2779208425','2021-02-03 15:04:45','2021-03-14 18:43:06'),(96,'Lorenz','Paucek','zstamm@example.org','922-338-6288','2021-03-06 16:04:48','2021-03-14 18:43:06'),(97,'Modesto','Carter','plangworth@example.org','(533)887-1248','2017-04-28 19:15:37','2021-03-14 18:43:06'),(98,'Aaliyah','Hudson','xfranecki@example.org','1-386-632-4805x6034','2014-10-21 23:57:19','2015-05-08 20:58:54'),(99,'Angelica','McClure','leuschke.jarred@example.com','+22(8)7771377318','2020-03-19 21:25:36','2021-03-14 18:43:06'),(100,'Meda','Stokes','franz.vandervort@example.org','702-150-8183x2510','2019-10-20 10:44:21','2021-03-14 18:43:06');
/*!40000 ALTER TABLE `clients` ENABLE KEYS */;
UNLOCK TABLES;

--
-- Temporary view structure for view `full_information_clients`
--

DROP TABLE IF EXISTS `full_information_clients`;
/*!50001 DROP VIEW IF EXISTS `full_information_clients`*/;
SET @saved_cs_client     = @@character_set_client;
/*!50503 SET character_set_client = utf8mb4 */;
/*!50001 CREATE VIEW `full_information_clients` AS SELECT 
 1 AS `id`,
 1 AS `first_name`,
 1 AS `last_name`,
 1 AS `email`,
 1 AS `phone`,
 1 AS `city`,
 1 AS `address`,
 1 AS `birthday`,
 1 AS `gender`*/;
SET character_set_client = @saved_cs_client;

--
-- Table structure for table `orders`
--

DROP TABLE IF EXISTS `orders`;
/*!40101 SET @saved_cs_client     = @@character_set_client */;
/*!50503 SET character_set_client = utf8mb4 */;
CREATE TABLE `orders` (
  `id` int unsigned NOT NULL AUTO_INCREMENT,
  `client_id` int unsigned NOT NULL,
  `shop_id` int unsigned NOT NULL,
  `created_at` datetime DEFAULT CURRENT_TIMESTAMP,
  `updated_at` datetime DEFAULT CURRENT_TIMESTAMP ON UPDATE CURRENT_TIMESTAMP,
  PRIMARY KEY (`id`),
  KEY `orders_client_id_fk` (`client_id`),
  KEY `orders_shop_id_fk` (`shop_id`),
  CONSTRAINT `orders_client_id_fk` FOREIGN KEY (`client_id`) REFERENCES `clients` (`id`) ON DELETE CASCADE,
  CONSTRAINT `orders_shop_id_fk` FOREIGN KEY (`shop_id`) REFERENCES `shops` (`id`) ON DELETE CASCADE
) ENGINE=InnoDB AUTO_INCREMENT=301 DEFAULT CHARSET=utf8mb4 COLLATE=utf8mb4_unicode_ci COMMENT='Заказы';
/*!40101 SET character_set_client = @saved_cs_client */;

--
-- Dumping data for table `orders`
--

LOCK TABLES `orders` WRITE;
/*!40000 ALTER TABLE `orders` DISABLE KEYS */;
INSERT INTO `orders` VALUES (1,55,8,'2014-05-05 01:28:23','2021-03-14 18:43:02'),(2,88,3,'2011-08-23 10:09:06','2012-08-19 12:43:52'),(3,59,1,'2013-05-14 08:14:51','2016-03-20 00:50:58'),(4,64,10,'2014-06-14 03:10:58','2018-12-02 16:30:25'),(5,72,4,'2014-11-10 07:52:20','2019-12-08 17:40:46'),(6,31,7,'2017-11-07 06:26:19','2021-03-14 18:43:02'),(7,26,10,'2014-04-15 03:17:11','2016-04-18 18:43:38'),(8,32,6,'2016-07-05 12:41:01','2021-03-14 18:43:02'),(9,98,10,'2016-04-18 12:25:47','2021-03-14 18:43:02'),(10,57,3,'2013-07-23 12:37:06','2015-08-09 01:29:54'),(11,48,9,'2013-07-17 09:03:48','2014-03-19 14:07:19'),(12,34,5,'2014-05-24 00:43:36','2019-12-29 21:41:05'),(13,36,1,'2016-05-10 12:23:07','2018-03-07 11:37:29'),(14,34,3,'2014-02-19 21:52:03','2019-05-29 21:35:10'),(15,52,5,'2011-11-24 06:35:18','2019-04-04 23:53:55'),(16,96,7,'2015-02-26 04:04:34','2021-03-14 18:43:02'),(17,2,3,'2017-05-17 17:31:14','2020-09-22 01:43:21'),(18,47,8,'2017-06-16 11:04:47','2021-03-14 18:43:02'),(19,24,8,'2011-04-24 03:59:52','2019-05-29 00:59:09'),(20,32,10,'2017-11-19 19:49:10','2021-03-14 18:43:02'),(21,44,9,'2014-01-21 03:21:43','2017-04-14 06:06:42'),(22,34,3,'2018-07-03 04:12:46','2021-03-14 18:43:02'),(23,22,3,'2019-07-05 12:00:02','2019-07-19 00:33:18'),(24,86,2,'2018-03-27 23:05:33','2021-03-14 18:43:02'),(25,22,8,'2018-12-25 08:36:05','2021-03-14 18:43:02'),(26,31,5,'2018-08-22 05:56:44','2021-03-14 18:43:02'),(27,56,5,'2020-09-13 20:46:40','2021-03-14 18:43:02'),(28,17,9,'2016-08-03 05:05:33','2017-01-28 11:00:12'),(29,77,3,'2014-07-05 14:37:28','2018-02-23 07:54:20'),(30,14,1,'2011-10-24 12:29:07','2012-03-02 10:49:05'),(31,7,6,'2015-03-05 16:19:21','2021-03-14 18:43:02'),(32,54,3,'2011-07-20 19:40:53','2011-09-20 01:28:07'),(33,28,9,'2012-07-31 02:30:57','2016-05-04 04:56:24'),(34,74,7,'2018-03-11 23:39:25','2021-03-14 18:43:02'),(35,22,10,'2020-02-13 22:24:30','2021-03-14 18:43:02'),(36,50,9,'2012-10-09 17:28:23','2015-10-23 06:59:29'),(37,57,2,'2013-12-22 09:29:37','2017-12-19 05:38:14'),(38,24,3,'2021-01-01 22:55:50','2021-03-14 18:43:02'),(39,3,10,'2021-01-22 19:46:07','2021-03-14 18:43:02'),(40,25,1,'2014-11-21 15:28:34','2021-03-14 18:43:02'),(41,76,6,'2017-03-08 11:43:09','2021-03-14 18:43:02'),(42,18,8,'2013-01-13 04:45:09','2021-03-14 18:43:02'),(43,67,7,'2012-06-08 19:31:15','2016-12-30 14:55:29'),(44,3,2,'2017-12-19 03:54:52','2019-03-31 12:08:47'),(45,56,6,'2019-11-10 23:33:31','2021-01-28 23:10:37'),(46,45,1,'2020-11-08 20:28:01','2021-03-14 18:43:02'),(47,75,5,'2014-03-05 21:26:56','2016-03-28 13:46:52'),(48,71,2,'2020-03-05 17:00:37','2021-03-14 18:43:02'),(49,83,7,'2014-09-17 10:37:42','2017-08-27 01:05:30'),(50,32,6,'2011-09-30 04:41:30','2013-11-17 01:07:17'),(51,30,8,'2013-04-26 13:52:54','2015-11-10 07:49:48'),(52,40,1,'2014-06-21 09:08:22','2019-03-30 23:47:11'),(53,84,10,'2014-02-20 16:02:43','2014-11-18 21:07:45'),(54,16,8,'2014-10-31 01:24:24','2018-07-04 05:58:02'),(55,98,9,'2014-01-03 06:42:37','2017-07-20 09:56:03'),(56,55,8,'2012-07-01 12:46:05','2013-12-13 04:51:47'),(57,78,6,'2019-01-03 15:27:14','2021-03-14 18:43:02'),(58,64,1,'2018-12-17 19:13:04','2021-03-14 18:43:02'),(59,39,10,'2013-12-09 13:49:51','2021-03-14 18:43:02'),(60,47,8,'2013-06-04 06:20:56','2020-01-04 04:56:19'),(61,39,2,'2019-11-14 17:33:27','2021-03-14 18:43:02'),(62,77,3,'2016-12-06 04:54:08','2021-03-14 18:43:02'),(63,18,4,'2019-01-30 17:05:34','2021-03-14 18:43:02'),(64,93,9,'2012-03-05 16:31:14','2018-10-30 21:44:50'),(65,38,5,'2019-03-28 10:32:05','2021-03-14 18:43:02'),(66,31,5,'2017-05-05 06:32:04','2021-03-14 18:43:02'),(67,72,2,'2018-06-04 05:27:51','2021-03-14 18:43:02'),(68,11,3,'2011-06-26 20:25:18','2015-09-27 19:53:28'),(69,72,3,'2017-07-23 14:39:37','2021-03-14 18:43:02'),(70,17,10,'2013-07-27 15:50:28','2015-02-05 16:34:20'),(71,69,8,'2017-08-16 02:16:40','2021-03-14 18:43:02'),(72,56,3,'2017-02-05 00:34:33','2021-03-14 18:43:02'),(73,32,6,'2019-10-12 20:16:58','2020-08-02 02:35:57'),(74,6,3,'2020-11-27 13:32:55','2021-03-14 18:43:02'),(75,17,1,'2018-09-29 04:32:41','2021-03-14 18:43:02'),(76,45,10,'2015-05-31 15:43:36','2016-05-26 13:52:49'),(77,48,5,'2019-03-03 22:46:41','2019-07-25 09:35:16'),(78,27,3,'2020-12-09 06:08:35','2021-03-14 18:43:02'),(79,26,4,'2020-04-30 06:56:16','2021-03-14 18:43:02'),(80,87,6,'2015-09-22 12:44:49','2021-03-14 18:43:02'),(81,65,2,'2017-09-02 03:42:17','2021-03-14 18:43:02'),(82,25,10,'2014-05-15 04:59:32','2015-10-07 10:11:30'),(83,6,6,'2014-07-24 01:33:15','2019-06-09 22:03:14'),(84,70,6,'2015-02-08 13:41:37','2015-09-16 18:48:55'),(85,28,10,'2013-01-11 01:54:03','2019-04-10 11:14:39'),(86,79,9,'2016-09-23 21:34:06','2021-03-14 18:43:02'),(87,35,8,'2020-12-04 10:24:43','2021-03-14 18:43:02'),(88,9,8,'2015-05-26 12:11:33','2021-03-14 18:43:02'),(89,86,4,'2015-05-22 08:23:50','2015-12-21 06:08:41'),(90,67,1,'2015-04-30 04:36:21','2017-12-18 22:38:56'),(91,96,10,'2011-06-06 00:26:33','2019-08-27 11:52:50'),(92,45,4,'2016-05-23 18:26:40','2018-02-05 15:54:34'),(93,73,1,'2014-10-17 20:10:29','2021-03-14 18:43:02'),(94,24,5,'2019-09-21 14:38:01','2021-03-14 18:43:02'),(95,26,5,'2016-09-01 13:32:59','2017-08-31 07:51:23'),(96,9,3,'2019-11-21 17:44:44','2021-03-14 18:43:02'),(97,78,8,'2017-08-12 04:33:32','2018-01-09 05:27:24'),(98,40,7,'2016-07-25 21:06:01','2017-07-22 09:32:21'),(99,58,4,'2020-05-14 03:05:43','2021-03-14 18:43:02'),(100,33,1,'2019-10-29 19:58:48','2021-03-14 18:43:02'),(101,10,7,'2017-12-06 08:15:28','2021-03-14 18:43:02'),(102,43,5,'2019-04-05 16:52:24','2021-03-14 18:43:02'),(103,13,8,'2017-07-07 15:55:29','2018-07-02 00:27:08'),(104,19,6,'2011-05-14 08:40:16','2011-11-19 17:16:34'),(105,12,2,'2019-04-08 07:26:01','2021-03-14 18:43:02'),(106,53,5,'2021-02-10 07:58:25','2021-03-14 18:43:02'),(107,55,2,'2012-09-11 20:40:08','2013-08-26 05:31:49'),(108,82,5,'2012-05-04 23:28:17','2014-04-01 08:53:03'),(109,12,6,'2020-04-19 11:52:30','2021-03-14 18:43:02'),(110,23,5,'2019-12-16 15:50:02','2021-03-14 18:43:02'),(111,72,8,'2015-05-14 22:13:55','2017-05-31 11:18:29'),(112,13,9,'2013-10-12 04:54:06','2016-11-27 06:30:47'),(113,75,1,'2020-06-05 22:59:32','2021-03-14 18:43:02'),(114,76,8,'2013-02-19 19:45:37','2017-01-02 21:28:07'),(115,25,3,'2019-12-14 18:08:08','2021-03-14 18:43:02'),(116,25,7,'2015-10-20 03:35:39','2018-02-03 18:07:29'),(117,8,7,'2018-07-03 22:48:19','2021-03-14 18:43:02'),(118,61,2,'2017-09-15 09:42:48','2019-08-02 21:44:54'),(119,27,9,'2015-10-31 18:09:33','2021-03-14 18:43:02'),(120,9,2,'2017-08-01 00:46:21','2017-08-30 14:59:27'),(121,39,9,'2011-09-03 03:19:29','2019-11-16 06:33:17'),(122,96,5,'2020-08-07 20:16:35','2021-03-14 18:43:02'),(123,4,6,'2013-09-22 14:45:09','2014-12-18 21:19:38'),(124,28,3,'2013-03-15 10:20:38','2017-07-02 03:25:05'),(125,85,8,'2013-07-13 08:44:56','2020-07-28 00:25:58'),(126,41,4,'2015-11-22 20:46:09','2017-01-17 05:37:09'),(127,87,5,'2020-05-25 06:08:15','2021-03-14 18:43:02'),(128,24,7,'2019-11-29 22:50:08','2021-03-14 18:43:02'),(129,41,9,'2015-11-30 16:54:35','2021-03-14 18:43:02'),(130,80,8,'2016-10-18 12:16:48','2020-01-30 22:05:18'),(131,25,9,'2012-01-10 20:03:03','2012-02-06 18:24:22'),(132,46,7,'2016-12-04 10:37:38','2021-03-14 18:43:02'),(133,51,7,'2015-08-10 10:35:33','2021-03-14 18:43:02'),(134,13,5,'2016-03-04 20:38:19','2021-03-14 18:43:02'),(135,3,4,'2015-04-05 12:16:13','2017-10-14 23:44:16'),(136,84,10,'2021-01-16 11:35:13','2021-01-25 08:21:04'),(137,29,3,'2011-06-01 16:47:43','2012-08-04 02:21:58'),(138,39,2,'2020-03-28 11:01:15','2021-03-14 18:43:02'),(139,62,10,'2014-01-09 07:21:49','2021-03-14 18:43:02'),(140,26,7,'2011-07-05 22:23:44','2017-04-11 21:46:01'),(141,50,5,'2017-11-25 06:32:27','2021-03-14 18:43:02'),(142,55,8,'2020-11-15 21:13:50','2021-03-14 18:43:02'),(143,7,8,'2014-06-10 03:30:29','2019-11-19 03:25:01'),(144,20,2,'2019-09-19 22:45:44','2021-03-14 18:43:02'),(145,7,2,'2020-05-11 10:01:10','2021-03-14 18:43:02'),(146,55,8,'2013-02-05 14:49:26','2017-08-14 17:36:07'),(147,89,9,'2014-02-13 07:04:11','2017-11-14 23:56:56'),(148,68,7,'2012-12-30 22:24:45','2013-03-24 08:34:16'),(149,40,7,'2017-02-28 21:49:26','2020-07-31 22:17:31'),(150,54,10,'2012-04-30 12:51:19','2020-03-18 18:28:12'),(151,46,3,'2014-09-11 03:15:26','2019-09-15 14:15:45'),(152,6,9,'2011-12-31 07:55:16','2016-06-09 11:29:18'),(153,89,10,'2017-11-08 12:40:13','2020-05-23 16:24:19'),(154,95,3,'2011-06-25 18:25:59','2015-01-21 13:30:56'),(155,99,6,'2012-04-30 10:59:51','2014-04-30 06:20:46'),(156,13,7,'2014-07-14 17:02:51','2014-10-03 07:58:41'),(157,95,3,'2012-12-16 11:17:32','2015-08-09 19:21:51'),(158,51,9,'2016-11-07 02:09:05','2021-03-14 18:43:02'),(159,5,2,'2016-06-26 15:13:58','2020-07-07 00:04:47'),(160,43,6,'2013-01-15 18:07:50','2021-03-14 18:43:02'),(161,20,4,'2018-08-24 23:59:58','2021-03-14 18:43:02'),(162,83,3,'2020-08-28 10:48:04','2020-11-25 20:51:43'),(163,3,6,'2014-08-03 22:32:21','2016-08-12 03:46:48'),(164,62,3,'2016-02-01 20:21:10','2018-09-12 07:33:39'),(165,38,10,'2019-01-30 17:17:57','2021-03-14 18:43:02'),(166,3,10,'2014-07-18 04:51:10','2020-05-07 18:05:52'),(167,45,9,'2015-09-20 14:45:45','2021-03-14 18:43:02'),(168,37,9,'2019-01-24 10:29:05','2021-03-14 18:43:02'),(169,42,6,'2013-08-20 10:15:48','2020-09-16 23:08:22'),(170,51,8,'2011-07-30 14:26:41','2011-10-28 01:12:38'),(171,72,2,'2018-05-25 23:26:49','2021-03-14 18:43:02'),(172,68,1,'2016-08-20 04:01:44','2021-03-14 18:43:02'),(173,8,1,'2016-03-11 05:37:19','2021-03-14 18:43:02'),(174,57,10,'2019-02-05 22:54:44','2021-03-14 18:43:02'),(175,82,10,'2019-08-11 02:08:09','2021-03-14 18:43:02'),(176,99,2,'2016-04-21 04:50:22','2021-03-14 18:43:02'),(177,21,2,'2017-03-01 10:48:20','2021-03-14 18:43:02'),(178,81,7,'2020-05-12 15:19:51','2020-07-28 22:19:50'),(179,63,9,'2018-05-15 23:18:40','2021-03-14 18:43:02'),(180,59,8,'2011-11-28 17:10:26','2020-10-12 12:32:57'),(181,22,3,'2019-10-02 01:52:53','2021-03-14 18:43:02'),(182,76,1,'2014-05-28 11:15:45','2020-04-28 22:01:56'),(183,45,6,'2017-01-07 05:17:53','2017-08-07 13:14:24'),(184,44,3,'2014-07-09 10:35:57','2021-03-14 18:43:02'),(185,38,5,'2018-02-03 08:37:35','2019-07-20 15:15:06'),(186,36,9,'2012-01-20 01:45:59','2017-11-24 17:47:34'),(187,57,4,'2011-11-22 01:42:38','2016-06-28 16:03:53'),(188,46,2,'2013-08-17 01:51:53','2020-12-14 13:44:27'),(189,27,2,'2020-04-27 14:50:35','2021-03-14 18:43:02'),(190,32,1,'2011-03-17 05:00:01','2020-01-21 04:01:51'),(191,10,3,'2019-04-12 06:19:45','2021-03-14 18:43:02'),(192,71,5,'2012-09-27 14:13:53','2021-03-14 18:43:02'),(193,29,3,'2011-09-21 17:36:44','2014-06-16 19:59:50'),(194,49,1,'2011-07-31 04:14:22','2020-05-21 16:39:55'),(195,36,10,'2012-11-05 04:16:04','2021-02-10 18:00:27'),(196,24,2,'2013-10-21 19:20:49','2016-11-27 20:25:08'),(197,8,9,'2018-04-23 10:10:14','2021-03-14 18:43:02'),(198,93,10,'2011-08-05 02:50:57','2016-11-24 10:17:24'),(199,78,10,'2016-08-07 10:12:42','2021-03-14 18:43:02'),(200,76,1,'2014-10-02 10:42:20','2019-10-18 08:09:36'),(201,36,8,'2015-10-14 19:15:21','2020-12-06 21:57:29'),(202,73,4,'2013-05-03 02:19:13','2016-02-12 05:37:00'),(203,83,4,'2015-03-16 04:19:50','2021-03-14 18:43:02'),(204,26,4,'2017-01-21 10:23:48','2021-03-14 18:43:02'),(205,38,1,'2017-05-21 08:25:54','2021-03-14 18:43:02'),(206,25,2,'2013-08-05 15:11:49','2019-08-05 02:22:24'),(207,11,2,'2014-07-06 02:59:36','2016-04-24 06:14:18'),(208,12,7,'2017-08-05 21:14:53','2020-12-25 18:24:05'),(209,95,5,'2012-09-01 03:56:58','2015-09-22 22:00:07'),(210,53,9,'2015-07-25 20:54:50','2017-02-16 04:05:35'),(211,59,5,'2014-07-29 09:10:48','2021-03-14 18:43:02'),(212,14,7,'2020-05-10 23:42:28','2021-03-14 18:43:02'),(213,45,1,'2021-03-08 02:17:03','2021-03-14 18:43:02'),(214,34,9,'2013-07-08 19:37:49','2017-09-25 16:33:55'),(215,58,8,'2015-07-18 08:18:46','2020-02-09 10:33:24'),(216,94,7,'2018-10-06 11:56:45','2021-03-14 18:43:02'),(217,69,6,'2017-08-26 04:06:43','2021-03-14 18:43:02'),(218,100,7,'2018-07-19 08:49:35','2021-03-14 18:43:02'),(219,24,2,'2021-02-22 14:22:41','2021-03-14 18:43:02'),(220,90,5,'2013-01-27 08:05:43','2014-08-22 11:09:46'),(221,41,8,'2016-04-15 14:06:22','2021-03-14 18:43:02'),(222,67,5,'2015-09-22 18:26:26','2020-06-28 15:28:51'),(223,64,5,'2018-02-05 16:45:39','2021-03-14 18:43:02'),(224,12,1,'2018-11-09 06:51:50','2021-03-14 18:43:02'),(225,66,8,'2012-09-19 10:08:58','2015-07-28 21:21:47'),(226,45,6,'2014-04-11 12:28:59','2020-01-12 00:09:31'),(227,94,8,'2013-12-25 19:34:19','2018-04-13 03:14:15'),(228,95,2,'2019-09-02 13:23:36','2021-03-14 18:43:02'),(229,33,6,'2013-08-08 15:54:03','2018-11-11 01:00:57'),(230,56,4,'2017-11-18 21:52:43','2017-12-22 14:53:09'),(231,19,5,'2016-08-04 21:31:58','2021-03-14 18:43:02'),(232,47,9,'2015-06-17 09:24:54','2015-09-25 02:29:35'),(233,18,2,'2012-01-26 20:24:11','2015-04-09 00:41:56'),(234,26,8,'2020-09-29 20:30:23','2021-03-14 18:43:02'),(235,100,9,'2017-02-02 10:39:09','2021-03-14 18:43:02'),(236,32,10,'2013-11-01 22:27:26','2021-03-14 18:43:02'),(237,15,2,'2017-11-10 20:08:48','2021-03-14 18:43:02'),(238,21,4,'2016-07-12 23:56:10','2020-10-25 05:55:49'),(239,25,2,'2014-11-10 21:00:41','2016-07-08 01:06:12'),(240,41,5,'2019-05-24 08:04:24','2021-03-14 18:43:02'),(241,23,1,'2015-09-04 09:50:49','2021-03-14 18:43:02'),(242,83,3,'2015-09-29 13:04:29','2021-03-14 18:43:02'),(243,28,7,'2011-06-13 11:42:48','2012-12-15 11:01:50'),(244,57,4,'2012-05-27 22:29:10','2016-07-16 19:25:21'),(245,61,5,'2018-10-24 17:52:32','2021-03-14 18:43:02'),(246,82,6,'2015-01-03 12:28:56','2018-05-13 16:53:38'),(247,28,1,'2014-02-19 19:14:44','2014-11-29 14:45:33'),(248,41,8,'2013-01-08 14:08:36','2021-03-14 18:43:02'),(249,99,9,'2012-07-14 03:15:57','2021-03-14 18:43:02'),(250,81,7,'2015-11-26 13:37:45','2016-04-04 02:01:56'),(251,99,8,'2020-02-03 16:15:56','2021-03-14 18:43:02'),(252,25,3,'2013-02-09 23:54:43','2015-12-22 22:41:19'),(253,37,6,'2020-05-09 16:33:55','2021-03-14 18:43:02'),(254,17,8,'2017-07-05 19:38:48','2021-03-14 18:43:02'),(255,3,2,'2012-05-14 17:14:30','2015-10-21 03:57:49'),(256,13,8,'2021-01-15 15:10:09','2021-03-14 18:43:02'),(257,10,7,'2011-12-14 10:47:00','2021-03-14 10:49:09'),(258,19,8,'2013-01-04 09:38:40','2021-03-14 18:43:02'),(259,93,6,'2014-02-24 09:14:26','2021-03-14 18:43:02'),(260,56,4,'2012-08-15 05:19:36','2019-05-29 22:04:39'),(261,98,9,'2012-08-24 18:11:10','2021-03-14 18:43:02'),(262,52,5,'2017-12-18 18:53:54','2021-03-14 18:43:02'),(263,42,10,'2020-11-23 05:53:08','2021-03-14 18:43:02'),(264,1,9,'2012-01-24 10:19:20','2014-05-22 04:45:20'),(265,25,2,'2016-04-22 17:17:07','2020-07-03 16:51:09'),(266,73,7,'2020-12-15 09:27:51','2021-03-14 18:43:02'),(267,88,7,'2018-01-13 03:26:25','2021-03-14 18:43:02'),(268,31,8,'2016-07-09 20:18:31','2017-06-27 11:13:43'),(269,55,7,'2018-11-01 12:18:33','2021-03-14 18:43:02'),(270,35,1,'2019-04-22 11:49:51','2021-03-14 18:43:02'),(271,43,3,'2017-06-23 00:10:33','2021-03-14 18:43:02'),(272,48,5,'2014-01-26 19:09:08','2021-03-14 18:43:02'),(273,62,7,'2013-08-07 10:45:28','2017-04-22 20:37:34'),(274,65,2,'2016-07-22 23:42:10','2021-03-14 18:43:02'),(275,66,8,'2013-10-24 10:19:16','2014-08-24 15:28:51'),(276,40,1,'2013-04-24 10:11:32','2021-03-14 18:43:02'),(277,34,3,'2017-01-20 18:46:56','2021-03-14 18:43:02'),(278,55,4,'2011-10-07 04:52:16','2013-03-10 11:42:28'),(279,86,2,'2012-05-08 12:21:15','2017-08-02 00:41:17'),(280,59,10,'2013-02-21 10:38:43','2016-09-15 00:24:29'),(281,37,4,'2020-09-15 02:54:14','2021-03-14 18:43:02'),(282,11,9,'2013-10-19 20:12:23','2021-03-14 18:43:02'),(283,95,7,'2017-01-06 07:32:58','2020-01-22 14:07:36'),(284,14,1,'2016-01-23 10:19:39','2021-03-14 18:43:02'),(285,87,7,'2019-10-18 21:57:11','2021-03-14 18:43:02'),(286,99,3,'2014-10-10 07:21:09','2017-04-24 15:01:24'),(287,61,4,'2015-11-29 06:27:44','2021-03-14 18:43:02'),(288,23,9,'2012-03-01 16:27:30','2014-12-04 03:50:46'),(289,92,7,'2020-04-20 20:05:21','2021-03-14 18:43:02'),(290,90,4,'2012-11-06 19:06:19','2016-12-20 08:58:15'),(291,42,5,'2012-03-21 01:33:34','2021-03-14 18:43:02'),(292,41,5,'2020-12-13 03:50:48','2021-03-14 18:43:02'),(293,60,7,'2014-06-03 19:27:10','2015-05-19 00:37:17'),(294,50,3,'2015-04-29 00:18:58','2021-03-14 18:43:02'),(295,64,1,'2015-10-19 20:31:19','2018-10-13 04:53:59'),(296,74,1,'2014-04-03 01:30:11','2021-03-14 18:43:02'),(297,65,10,'2017-07-17 09:57:07','2021-03-14 18:43:02'),(298,28,4,'2012-07-16 13:32:45','2016-07-20 12:43:32'),(299,95,10,'2020-10-16 12:56:57','2021-03-14 18:43:02'),(300,82,4,'2016-09-07 02:25:22','2021-02-05 07:32:22');
/*!40000 ALTER TABLE `orders` ENABLE KEYS */;
UNLOCK TABLES;

--
-- Table structure for table `orders_products`
--

DROP TABLE IF EXISTS `orders_products`;
/*!40101 SET @saved_cs_client     = @@character_set_client */;
/*!50503 SET character_set_client = utf8mb4 */;
CREATE TABLE `orders_products` (
  `id` int unsigned NOT NULL AUTO_INCREMENT,
  `order_id` int unsigned NOT NULL,
  `products_category_id` int unsigned NOT NULL,
  `product_id` int unsigned NOT NULL,
  `count` int unsigned NOT NULL,
  `created_at` datetime DEFAULT CURRENT_TIMESTAMP,
  `updated_at` datetime DEFAULT CURRENT_TIMESTAMP ON UPDATE CURRENT_TIMESTAMP,
  PRIMARY KEY (`id`),
  KEY `orders_products_order_id_fk` (`order_id`),
  KEY `orders_products_category_id_fk` (`products_category_id`),
  CONSTRAINT `orders_products_category_id_fk` FOREIGN KEY (`products_category_id`) REFERENCES `products_categories` (`id`),
  CONSTRAINT `orders_products_order_id_fk` FOREIGN KEY (`order_id`) REFERENCES `orders` (`id`) ON DELETE CASCADE
) ENGINE=InnoDB AUTO_INCREMENT=402 DEFAULT CHARSET=utf8mb4 COLLATE=utf8mb4_unicode_ci COMMENT='Позиции заказа';
/*!40101 SET character_set_client = @saved_cs_client */;

--
-- Dumping data for table `orders_products`
--

LOCK TABLES `orders_products` WRITE;
/*!40000 ALTER TABLE `orders_products` DISABLE KEYS */;
INSERT INTO `orders_products` VALUES (1,136,1,3,3,'2020-07-09 08:45:23','2021-03-14 18:43:04'),(2,107,1,7,3,'2018-10-08 10:22:24','2021-03-14 18:43:04'),(3,148,1,8,4,'2011-11-30 07:06:19','2018-05-14 15:02:54'),(4,188,2,5,4,'2016-11-04 21:33:39','2021-03-14 18:43:04'),(5,242,1,9,3,'2018-05-14 15:50:43','2021-03-14 18:43:04'),(6,246,2,3,3,'2017-04-04 03:45:58','2021-03-14 18:43:04'),(7,23,2,9,4,'2019-05-11 20:20:59','2021-03-14 18:43:04'),(8,200,2,9,4,'2013-10-25 09:09:53','2021-03-14 18:43:04'),(9,37,2,2,4,'2019-02-02 12:28:21','2021-03-14 18:43:04'),(10,238,1,6,1,'2015-05-23 11:09:08','2021-03-14 18:43:04'),(11,269,2,4,1,'2020-09-20 06:06:17','2021-03-14 18:43:04'),(12,105,2,3,1,'2011-07-29 00:34:06','2020-08-30 21:11:48'),(13,181,1,9,2,'2019-04-07 07:12:20','2021-03-14 18:43:04'),(14,98,2,3,4,'2019-09-18 09:28:48','2021-03-14 18:43:04'),(15,155,1,2,4,'2016-02-25 09:42:23','2021-03-14 18:43:04'),(16,45,1,5,3,'2012-05-31 04:07:59','2013-01-29 04:15:45'),(17,52,1,5,4,'2017-03-04 02:56:21','2021-03-14 18:43:04'),(18,282,1,2,2,'2013-03-02 06:32:31','2018-03-22 13:32:52'),(19,79,1,1,2,'2015-11-17 06:34:17','2018-07-03 11:35:35'),(20,132,1,4,2,'2019-02-12 11:13:21','2021-03-14 18:43:04'),(21,292,1,1,1,'2012-06-01 09:01:38','2021-03-14 18:43:04'),(22,192,1,2,3,'2014-11-17 19:26:58','2021-01-21 16:03:59'),(23,130,1,1,3,'2015-11-09 05:28:46','2021-03-14 18:43:04'),(24,277,1,9,4,'2013-08-09 01:16:03','2017-09-27 16:55:38'),(25,196,2,5,1,'2018-03-18 19:12:49','2021-03-14 18:43:04'),(26,73,1,6,1,'2014-03-10 08:24:03','2021-03-14 18:43:04'),(27,137,2,7,2,'2012-05-18 01:14:38','2015-09-25 01:46:43'),(28,51,1,7,3,'2014-07-18 19:28:46','2015-10-27 04:37:09'),(29,50,1,1,1,'2011-09-23 09:00:33','2019-04-11 21:03:06'),(30,45,1,1,3,'2017-11-18 17:49:58','2020-06-12 15:04:34'),(31,8,2,4,2,'2015-04-06 22:38:18','2019-09-24 05:41:21'),(32,240,1,7,4,'2018-08-22 12:48:23','2021-03-14 18:43:04'),(33,168,1,2,2,'2019-09-22 21:13:51','2020-02-09 04:55:16'),(34,48,2,9,4,'2017-11-02 16:54:47','2020-03-01 12:20:11'),(35,252,1,5,2,'2020-08-31 21:20:14','2021-03-14 18:43:04'),(36,150,1,3,2,'2018-09-21 20:35:29','2020-08-24 13:36:22'),(37,83,2,6,1,'2017-04-12 22:22:06','2019-11-26 23:14:50'),(38,33,1,8,4,'2013-05-05 22:38:47','2017-03-25 21:44:13'),(39,293,2,1,4,'2014-11-08 02:25:00','2021-03-14 18:43:04'),(40,240,1,2,1,'2017-08-24 21:55:57','2021-03-14 18:43:04'),(41,108,1,6,2,'2018-10-05 08:56:35','2021-03-14 18:43:04'),(42,111,1,8,3,'2012-11-05 14:35:43','2021-03-14 18:43:04'),(43,159,2,5,4,'2020-06-20 13:25:01','2021-03-14 18:43:04'),(44,99,1,3,4,'2018-06-26 03:21:32','2021-03-14 18:43:04'),(45,85,2,5,3,'2017-12-07 07:04:28','2021-01-25 13:41:59'),(46,45,2,4,1,'2013-01-20 14:13:09','2021-03-14 18:43:04'),(47,60,2,2,1,'2017-09-04 20:20:56','2021-03-14 18:43:04'),(48,50,2,5,3,'2017-11-17 09:38:13','2018-08-17 03:07:42'),(49,38,2,8,2,'2018-08-03 09:16:29','2021-03-14 18:43:04'),(50,114,1,1,2,'2015-04-11 05:45:09','2021-03-14 18:43:04'),(51,246,2,5,2,'2017-03-29 14:44:43','2017-09-09 10:30:39'),(52,76,2,6,3,'2020-07-04 01:23:11','2021-03-14 18:43:04'),(53,103,2,1,3,'2019-01-11 11:45:43','2021-03-14 18:43:04'),(54,128,1,1,3,'2014-08-21 14:50:28','2020-03-08 06:39:25'),(55,57,2,8,4,'2013-12-17 08:27:41','2015-10-28 16:58:01'),(56,164,2,1,3,'2017-03-25 21:08:23','2021-03-14 18:43:04'),(57,8,1,3,1,'2015-08-21 21:58:46','2020-02-04 15:29:34'),(58,130,2,7,3,'2021-02-19 02:54:35','2021-03-14 18:43:04'),(59,69,2,9,2,'2018-01-28 00:47:13','2020-07-03 13:05:14'),(60,99,1,4,4,'2020-12-30 06:22:04','2021-03-14 18:43:04'),(61,101,2,9,4,'2012-05-28 14:09:28','2018-07-25 13:26:20'),(62,15,1,5,2,'2013-12-30 13:33:36','2021-03-14 18:43:04'),(63,60,2,9,2,'2019-03-14 07:51:58','2021-03-14 18:43:04'),(64,156,1,7,4,'2017-02-23 08:35:48','2017-10-26 08:32:52'),(65,199,1,6,3,'2018-03-19 15:33:07','2021-03-14 18:43:04'),(66,264,2,6,2,'2016-09-21 23:20:56','2021-03-14 18:43:04'),(67,135,1,7,3,'2020-08-04 02:20:09','2021-03-14 18:43:04'),(68,8,1,2,2,'2013-03-21 21:01:38','2017-10-13 15:19:41'),(69,296,1,8,3,'2015-09-12 14:24:23','2019-06-24 05:29:42'),(70,244,2,1,4,'2021-02-22 19:18:44','2021-03-14 18:43:04'),(71,118,2,4,4,'2017-09-30 11:43:23','2019-09-23 15:10:11'),(72,94,1,5,1,'2011-09-12 23:33:28','2018-12-10 02:25:02'),(73,100,1,3,2,'2015-08-23 09:40:35','2021-03-14 18:43:04'),(74,28,2,2,4,'2017-02-02 15:22:41','2021-03-14 18:43:04'),(75,35,1,9,2,'2011-03-20 10:46:39','2020-07-15 16:31:52'),(76,115,2,8,4,'2011-06-21 03:37:06','2014-02-12 02:58:06'),(77,49,1,1,4,'2014-11-17 05:02:17','2021-03-14 18:43:04'),(78,29,1,4,3,'2018-08-24 02:09:27','2018-08-27 08:29:33'),(79,50,1,3,1,'2019-01-01 08:29:19','2021-03-14 18:43:04'),(80,4,2,3,2,'2013-06-30 14:53:37','2019-06-25 04:58:49'),(81,279,1,2,4,'2014-06-09 15:26:15','2021-03-14 18:43:04'),(82,38,2,2,4,'2011-05-07 09:03:00','2011-12-01 00:32:49'),(83,96,2,9,1,'2016-08-31 01:25:55','2016-09-25 10:22:14'),(84,220,2,3,2,'2017-01-17 05:08:18','2020-08-21 21:59:07'),(85,216,1,4,2,'2020-11-10 03:43:28','2021-03-14 18:43:04'),(86,126,2,8,1,'2011-12-19 07:40:47','2015-11-27 18:21:22'),(87,196,1,9,3,'2019-04-24 19:33:27','2021-03-14 18:43:04'),(88,88,2,8,4,'2011-07-12 18:07:48','2018-07-14 14:18:41'),(89,3,2,5,1,'2021-02-02 09:34:39','2021-03-14 18:43:04'),(90,300,1,9,4,'2019-04-23 15:31:13','2021-03-14 18:43:04'),(91,1,1,1,4,'2021-02-01 19:23:21','2021-03-14 18:43:04'),(92,127,2,5,2,'2018-03-09 02:21:19','2021-03-14 18:43:04'),(93,142,2,9,3,'2019-07-17 16:27:01','2021-03-14 18:43:04'),(94,89,1,2,1,'2018-02-04 12:39:35','2021-03-14 18:43:04'),(95,219,1,5,1,'2014-01-04 14:20:49','2017-09-14 09:25:37'),(96,164,2,9,3,'2014-06-21 04:17:20','2021-03-14 18:43:04'),(97,139,1,9,1,'2013-07-03 03:53:03','2018-10-23 18:12:03'),(98,236,1,3,4,'2013-11-01 03:29:52','2021-03-14 18:43:04'),(99,91,2,6,2,'2017-09-07 19:48:23','2021-03-14 18:43:04'),(100,68,1,5,2,'2012-12-10 22:16:10','2019-09-07 07:01:21'),(101,58,1,4,1,'2020-10-20 16:21:58','2021-03-14 18:43:04'),(102,254,1,3,2,'2015-01-08 08:17:32','2021-03-14 18:43:04'),(103,196,1,3,2,'2017-08-08 06:23:12','2021-01-11 15:08:33'),(104,220,2,3,1,'2014-05-04 13:40:55','2021-02-21 06:50:58'),(105,114,1,9,1,'2016-07-23 13:38:45','2018-11-05 20:01:40'),(106,233,2,8,1,'2012-10-22 03:47:59','2018-12-07 19:46:24'),(107,122,1,5,3,'2019-03-19 13:06:47','2021-03-14 18:43:04'),(108,260,2,9,4,'2014-03-22 17:21:05','2020-04-17 21:41:55'),(109,193,1,3,1,'2018-03-03 19:37:30','2021-03-14 18:43:04'),(110,295,2,9,4,'2019-03-28 04:54:24','2019-05-22 05:13:53'),(111,287,1,2,1,'2013-11-24 09:11:07','2021-03-14 18:43:04'),(112,125,2,1,1,'2019-05-27 17:52:46','2021-03-14 18:43:04'),(113,289,2,4,4,'2017-02-07 04:55:07','2017-09-17 03:33:50'),(114,29,2,1,1,'2018-10-28 02:30:09','2021-03-14 18:43:04'),(115,240,2,6,2,'2021-01-17 09:45:03','2021-03-14 18:43:04'),(116,103,2,8,1,'2013-06-08 00:39:15','2016-02-25 09:59:25'),(117,278,2,7,4,'2020-01-25 23:36:53','2021-03-14 18:43:04'),(118,235,1,7,4,'2012-03-22 16:54:16','2012-07-07 12:18:09'),(119,232,2,2,2,'2012-07-09 10:56:09','2017-04-21 15:20:26'),(120,281,1,5,4,'2013-01-03 05:36:58','2019-02-09 16:54:57'),(121,103,2,7,1,'2015-11-04 14:26:05','2020-07-11 20:44:56'),(122,7,2,9,1,'2020-04-18 01:04:31','2021-03-14 18:43:04'),(123,79,1,2,1,'2013-12-11 04:46:11','2014-10-24 12:18:17'),(124,139,2,9,4,'2011-09-24 20:30:14','2015-10-10 02:13:32'),(125,83,2,4,2,'2018-07-31 05:26:43','2021-03-14 18:43:04'),(126,217,1,3,1,'2018-03-11 01:21:28','2021-03-14 18:43:04'),(127,176,2,7,1,'2016-07-09 14:28:33','2018-08-14 21:17:44'),(128,69,1,1,1,'2017-02-10 23:01:00','2021-03-14 18:43:04'),(129,264,2,7,1,'2013-05-26 00:09:05','2021-03-14 18:43:04'),(130,297,2,4,2,'2014-05-07 05:20:19','2020-12-02 16:36:20'),(131,72,1,2,4,'2017-09-22 04:29:38','2018-05-31 07:53:24'),(132,19,2,3,3,'2015-05-04 04:43:49','2016-03-20 03:09:42'),(133,67,1,1,4,'2014-03-13 15:39:28','2019-09-12 23:12:31'),(134,261,1,6,1,'2012-11-06 09:44:27','2016-07-17 14:04:15'),(135,229,2,8,1,'2015-08-01 08:45:41','2021-03-14 18:43:04'),(136,22,1,5,3,'2017-03-19 20:09:51','2021-03-14 18:43:04'),(137,89,2,9,2,'2014-03-26 17:39:02','2021-03-14 18:43:04'),(138,230,2,7,2,'2019-02-20 13:26:00','2020-01-13 19:46:36'),(139,266,2,3,1,'2016-04-28 21:13:29','2021-03-14 18:43:04'),(140,114,2,5,2,'2016-09-05 21:09:41','2021-03-14 18:43:04'),(141,72,2,3,3,'2020-11-18 20:12:28','2021-03-14 18:43:04'),(142,4,2,4,2,'2011-08-16 04:31:13','2016-04-09 16:47:04'),(143,70,1,8,2,'2019-02-14 02:44:13','2020-06-20 08:41:48'),(144,191,1,5,1,'2017-12-27 07:38:41','2018-10-05 05:03:05'),(145,252,2,6,1,'2018-12-26 15:10:42','2021-03-14 18:43:04'),(146,264,2,7,1,'2016-12-15 16:22:26','2021-03-14 18:43:04'),(147,160,1,8,2,'2014-01-17 09:19:58','2018-01-16 11:55:34'),(148,156,1,7,4,'2016-06-06 15:25:42','2021-03-14 18:43:04'),(149,29,1,1,1,'2018-02-15 07:44:22','2021-03-14 18:43:04'),(150,26,1,3,1,'2016-01-30 09:23:14','2021-03-14 18:43:04'),(151,117,2,8,1,'2020-05-24 09:45:38','2021-03-14 18:43:04'),(152,24,1,8,1,'2017-03-13 18:39:25','2021-03-14 18:43:04'),(153,170,1,5,2,'2019-09-25 12:57:10','2021-03-14 18:43:04'),(154,50,2,9,3,'2018-07-19 18:27:45','2018-09-08 18:00:39'),(155,216,2,9,2,'2016-10-10 21:56:21','2020-12-06 00:27:01'),(156,169,2,6,4,'2015-04-17 14:15:56','2018-04-19 02:49:58'),(157,252,1,7,4,'2016-12-06 08:26:24','2017-01-19 05:19:58'),(158,266,2,8,4,'2020-02-09 18:44:41','2021-03-14 18:43:04'),(159,228,2,8,4,'2013-08-26 03:13:55','2015-07-05 18:18:55'),(160,106,2,9,4,'2011-09-26 04:19:35','2020-04-14 02:14:47'),(161,125,1,1,1,'2020-04-26 03:10:15','2021-03-14 18:43:04'),(162,54,1,4,4,'2017-06-06 00:19:50','2021-03-14 18:43:04'),(163,127,2,3,3,'2012-06-27 13:57:12','2021-03-14 18:43:04'),(164,132,2,7,1,'2014-02-13 11:11:08','2017-11-28 17:53:34'),(165,239,2,9,2,'2015-06-18 01:09:02','2019-12-11 09:00:36'),(166,7,1,4,3,'2013-10-04 02:05:00','2016-05-20 10:34:31'),(167,54,1,7,4,'2019-07-20 15:03:36','2021-03-14 18:43:04'),(168,5,1,8,2,'2019-05-29 06:19:57','2021-03-14 18:43:04'),(169,284,1,8,3,'2016-05-22 03:14:44','2021-03-14 18:43:04'),(170,123,1,4,3,'2013-11-10 09:56:37','2017-02-24 06:25:46'),(171,5,2,2,4,'2020-03-01 00:30:10','2021-03-14 18:43:04'),(172,172,1,7,1,'2013-09-29 08:41:38','2021-03-14 18:43:04'),(173,12,1,5,2,'2018-01-21 19:57:33','2021-03-14 18:43:04'),(174,74,2,6,4,'2019-04-15 14:00:51','2021-03-14 18:43:04'),(175,30,1,8,3,'2012-10-28 12:15:50','2020-10-21 12:30:14'),(176,183,2,4,1,'2013-04-14 09:19:14','2020-08-30 10:08:21'),(177,167,2,5,2,'2015-09-11 01:04:12','2020-12-30 15:47:45'),(178,281,1,9,1,'2013-06-14 03:20:12','2020-05-01 04:08:45'),(179,239,1,9,4,'2018-08-12 16:29:14','2021-03-14 18:43:04'),(180,112,2,3,3,'2018-05-06 10:40:10','2019-06-28 14:46:14'),(181,222,2,5,1,'2020-06-14 22:41:49','2021-03-14 18:43:04'),(182,100,2,3,3,'2011-09-14 19:34:58','2021-03-14 18:43:04'),(183,277,2,3,1,'2013-05-06 23:22:08','2018-01-17 17:11:15'),(184,267,2,1,4,'2020-01-20 03:13:29','2021-03-14 18:43:04'),(185,153,1,4,2,'2016-05-07 17:32:51','2021-03-14 18:43:04'),(186,261,1,5,1,'2020-05-04 02:04:03','2021-03-14 18:43:04'),(187,169,2,7,2,'2019-07-19 18:11:19','2021-03-14 18:43:04'),(188,274,2,3,1,'2020-07-16 00:54:44','2021-03-14 18:43:04'),(189,137,1,9,2,'2017-10-09 07:14:41','2021-03-14 18:43:04'),(190,238,2,3,2,'2016-12-29 17:18:18','2018-02-03 03:40:14'),(191,139,2,1,2,'2018-02-12 22:06:52','2021-03-14 18:43:04'),(192,180,1,2,4,'2016-03-09 16:54:11','2018-02-11 20:37:29'),(193,243,2,4,1,'2017-07-01 18:10:59','2021-03-14 18:43:04'),(194,285,2,7,4,'2016-10-19 06:51:21','2021-03-14 18:43:04'),(195,114,1,6,2,'2012-09-03 23:59:42','2017-12-28 21:56:35'),(196,120,1,7,3,'2019-06-21 09:17:14','2021-03-14 18:43:04'),(197,161,2,3,1,'2014-11-11 13:35:17','2019-05-07 19:01:48'),(198,172,1,5,4,'2011-10-11 13:06:04','2012-09-11 22:03:53'),(199,3,2,8,3,'2012-10-22 23:07:01','2016-04-16 22:27:05'),(200,206,1,8,4,'2013-08-03 09:28:47','2021-03-14 18:43:04'),(201,66,1,4,1,'2013-07-05 04:11:04','2020-05-14 16:55:10'),(202,256,2,4,4,'2011-07-02 04:18:12','2013-06-04 13:38:26'),(203,261,1,6,1,'2011-09-07 10:56:20','2012-11-29 16:29:33'),(204,202,1,4,1,'2012-06-28 06:09:33','2016-02-18 16:23:53'),(205,31,1,6,2,'2019-10-21 11:07:30','2019-11-05 18:12:02'),(206,55,2,4,3,'2011-11-12 08:50:39','2014-10-10 13:03:39'),(207,94,2,7,4,'2019-10-13 21:13:05','2020-10-12 03:38:59'),(208,152,1,1,4,'2011-12-04 09:44:27','2015-01-04 02:58:46'),(209,43,1,8,1,'2017-07-24 10:29:04','2021-03-14 18:43:04'),(210,143,1,8,3,'2020-08-18 08:15:13','2021-03-14 18:43:04'),(211,257,1,4,1,'2018-01-08 15:52:06','2021-03-14 18:43:04'),(212,112,2,1,3,'2017-02-19 16:11:14','2021-03-14 18:43:04'),(213,89,1,8,1,'2019-01-12 20:26:08','2021-03-14 18:43:04'),(214,240,2,2,4,'2020-09-27 07:06:11','2021-03-14 18:43:04'),(215,208,1,3,1,'2017-01-12 13:35:51','2017-06-09 19:36:27'),(216,184,1,6,1,'2013-08-21 07:56:02','2019-02-24 07:05:37'),(217,274,1,6,4,'2013-08-20 15:52:32','2016-08-06 07:43:08'),(218,92,1,5,1,'2013-12-09 03:05:49','2021-02-19 18:10:54'),(219,189,2,1,4,'2017-07-22 18:08:30','2020-06-26 04:22:55'),(220,37,2,2,3,'2021-02-14 00:42:57','2021-03-14 18:43:04'),(221,296,2,1,3,'2018-09-22 07:44:10','2021-03-14 18:43:04'),(222,4,2,4,3,'2020-10-22 02:40:10','2021-03-14 18:43:04'),(223,180,2,1,2,'2018-08-25 16:47:36','2021-01-02 06:39:01'),(224,234,1,9,2,'2020-04-27 06:09:18','2021-03-14 18:43:04'),(225,279,1,5,4,'2021-03-13 11:29:10','2021-03-14 18:43:04'),(226,33,1,1,2,'2015-03-09 10:54:33','2021-03-14 18:43:04'),(227,258,1,4,3,'2013-02-15 04:11:31','2016-08-03 19:08:02'),(228,217,2,6,4,'2013-05-13 02:47:33','2017-09-18 11:54:06'),(229,59,2,6,3,'2017-11-16 12:46:06','2021-03-14 18:43:04'),(230,165,2,6,2,'2016-02-17 10:42:14','2019-09-02 11:55:26'),(231,122,2,6,2,'2011-10-21 02:53:10','2018-01-10 20:02:20'),(232,275,1,8,3,'2019-05-14 05:42:07','2021-03-14 18:43:04'),(233,211,2,7,2,'2018-04-29 03:20:01','2020-09-07 09:57:46'),(234,242,2,9,1,'2014-08-27 21:33:49','2020-04-10 18:35:25'),(235,207,1,7,4,'2013-02-25 04:20:13','2013-04-13 22:36:07'),(236,219,1,3,4,'2017-09-17 07:46:51','2021-03-14 18:43:04'),(237,88,1,6,3,'2017-12-15 05:25:19','2021-03-14 18:43:04'),(238,87,1,4,2,'2018-11-26 01:09:48','2021-03-14 18:43:04'),(239,290,1,3,1,'2017-03-08 11:35:40','2019-03-08 02:34:53'),(240,244,2,7,3,'2015-01-02 08:27:15','2021-03-14 18:43:04'),(241,171,1,2,3,'2011-11-14 21:38:59','2013-10-17 01:56:49'),(242,247,2,5,3,'2015-09-17 22:24:35','2021-03-14 18:43:04'),(243,55,1,5,1,'2020-03-22 06:14:08','2021-03-14 18:43:04'),(244,58,1,5,1,'2016-07-31 14:57:37','2020-07-13 21:58:59'),(245,169,2,2,2,'2021-01-21 20:32:15','2021-03-14 18:43:04'),(246,225,2,5,3,'2017-01-16 12:59:10','2021-03-14 18:43:04'),(247,232,1,3,3,'2019-04-12 20:33:08','2019-08-21 02:08:19'),(248,162,2,3,4,'2019-03-08 14:28:34','2021-03-14 18:43:04'),(249,4,1,6,1,'2016-09-14 21:35:10','2021-03-14 18:43:04'),(250,161,1,7,3,'2021-01-01 00:48:05','2021-03-14 18:43:04'),(251,260,1,8,4,'2015-08-14 01:03:55','2019-11-21 20:36:21'),(252,110,2,7,3,'2021-03-06 21:53:14','2021-03-14 18:43:04'),(253,137,1,7,1,'2017-03-15 13:35:41','2021-03-14 18:43:04'),(254,8,1,4,3,'2011-08-24 22:50:23','2018-06-30 12:13:39'),(255,166,2,6,2,'2019-09-18 16:48:28','2021-03-14 18:43:04'),(256,166,2,1,2,'2013-08-01 18:25:39','2020-03-13 05:49:18'),(257,247,1,2,3,'2019-02-09 09:55:37','2020-10-31 13:38:57'),(258,10,1,3,2,'2012-12-27 19:53:31','2018-10-06 06:56:08'),(259,198,2,7,4,'2013-10-31 23:37:00','2015-01-07 21:38:29'),(260,224,2,3,1,'2011-05-27 10:34:10','2017-08-29 03:08:45'),(261,241,1,6,3,'2013-05-18 01:19:09','2020-05-19 02:07:50'),(262,73,1,2,2,'2013-10-01 23:59:56','2013-10-28 10:37:47'),(263,51,1,4,3,'2020-02-19 00:54:33','2021-03-14 18:43:04'),(264,217,1,7,3,'2019-06-23 20:56:02','2021-03-14 18:43:04'),(265,283,2,4,2,'2011-11-07 07:57:43','2013-05-29 11:21:23'),(266,2,2,4,1,'2016-08-06 17:25:01','2019-05-18 07:46:10'),(267,152,2,8,2,'2020-08-07 08:38:24','2021-03-14 18:43:04'),(268,29,2,7,3,'2011-12-23 07:49:36','2012-05-12 22:44:08'),(269,272,2,6,4,'2019-09-17 01:24:47','2021-03-14 18:43:04'),(270,287,1,9,1,'2020-10-21 17:15:11','2021-03-14 18:43:04'),(271,111,2,9,2,'2014-10-06 20:09:42','2021-03-14 18:43:04'),(272,63,1,8,2,'2014-01-04 06:31:44','2016-06-15 15:19:09'),(273,51,2,6,2,'2018-02-06 02:27:05','2019-11-07 08:44:05'),(274,148,2,5,1,'2018-10-16 22:20:55','2020-11-22 14:02:06'),(275,119,2,6,2,'2020-02-16 12:58:30','2021-03-14 18:43:04'),(276,130,2,2,2,'2015-01-17 07:19:38','2016-12-05 04:04:02'),(277,33,1,6,2,'2018-08-14 15:35:16','2021-03-14 18:43:04'),(278,224,1,8,1,'2011-03-22 16:22:07','2013-04-27 02:26:38'),(279,103,1,1,2,'2015-12-12 14:21:21','2021-03-14 18:43:04'),(280,102,2,5,1,'2018-11-02 23:17:03','2020-09-09 22:57:23'),(281,12,1,2,1,'2018-04-10 23:50:59','2018-06-29 16:03:13'),(282,287,2,4,4,'2018-11-09 00:38:39','2021-03-14 18:43:04'),(283,249,1,2,1,'2020-09-25 17:20:49','2021-03-14 18:43:04'),(284,247,2,5,2,'2019-07-09 17:20:47','2021-03-14 18:43:04'),(285,87,2,5,1,'2015-12-11 22:56:10','2016-08-25 14:32:58'),(286,252,2,2,1,'2012-08-15 07:48:41','2021-03-14 18:43:04'),(287,13,2,4,2,'2014-10-05 08:56:44','2019-02-06 01:25:15'),(288,25,1,3,2,'2012-04-25 03:59:40','2018-05-23 01:30:07'),(289,33,2,6,2,'2014-12-06 20:11:39','2021-03-14 18:43:04'),(290,287,1,5,3,'2013-05-02 05:58:43','2020-05-31 05:01:57'),(291,24,1,9,1,'2016-01-25 10:35:40','2019-12-05 13:36:20'),(292,53,1,5,2,'2014-11-18 10:39:47','2016-01-16 08:51:14'),(293,260,2,5,4,'2016-01-03 17:42:41','2021-03-14 18:43:04'),(294,207,1,5,3,'2012-04-20 09:56:07','2019-09-02 15:30:47'),(295,6,1,7,1,'2012-09-04 06:20:47','2015-09-15 20:00:48'),(296,192,2,9,2,'2018-11-12 16:40:27','2020-04-22 20:59:07'),(297,256,2,7,2,'2018-09-18 05:20:23','2019-09-04 07:17:01'),(298,195,1,4,4,'2018-01-13 06:19:46','2018-10-03 19:28:59'),(299,148,1,6,4,'2014-06-23 22:01:59','2021-03-14 18:43:04'),(300,177,1,5,1,'2012-05-14 15:11:01','2014-11-12 10:45:42'),(301,129,2,2,4,'2016-08-07 14:03:53','2021-03-14 18:43:04'),(302,265,2,9,4,'2016-08-13 22:00:57','2021-03-14 18:43:04'),(303,24,1,9,3,'2019-06-22 15:14:18','2021-03-14 18:43:04'),(304,1,2,3,3,'2012-08-26 10:36:42','2017-06-23 00:32:44'),(305,85,2,9,2,'2013-11-06 03:57:31','2021-03-14 18:43:04'),(306,203,2,6,3,'2017-09-21 07:21:39','2020-03-12 17:18:20'),(307,64,1,3,4,'2020-05-18 00:55:51','2021-03-14 18:43:04'),(308,90,1,1,3,'2020-02-06 23:29:04','2021-03-14 18:43:04'),(309,90,2,4,4,'2016-03-29 11:22:51','2021-03-14 18:43:04'),(310,32,1,4,4,'2013-08-04 17:17:18','2019-10-25 23:59:37'),(311,48,2,2,3,'2020-04-07 09:04:16','2021-03-14 18:43:04'),(312,30,2,8,2,'2015-08-09 20:04:16','2021-01-08 19:31:07'),(313,144,2,7,2,'2011-04-16 17:39:38','2018-10-12 14:13:03'),(314,234,1,4,2,'2014-04-18 07:42:55','2020-02-08 17:47:55'),(315,59,2,8,2,'2011-07-25 16:44:53','2020-06-25 03:12:36'),(316,157,2,6,4,'2011-10-13 21:24:34','2014-02-17 17:26:31'),(317,262,2,3,1,'2013-09-13 09:54:17','2014-08-10 08:35:40'),(318,144,1,4,1,'2019-03-04 06:35:51','2020-07-30 22:40:31'),(319,260,1,5,3,'2015-07-26 23:30:11','2021-03-14 18:43:04'),(320,57,1,8,4,'2013-01-01 06:17:01','2013-05-10 16:08:19'),(321,86,1,1,2,'2015-08-26 16:16:16','2016-01-02 20:49:57'),(322,80,2,1,2,'2019-08-09 00:49:33','2020-11-24 13:37:25'),(323,149,2,2,2,'2012-07-18 23:53:21','2013-04-17 13:27:37'),(324,79,2,6,4,'2014-12-23 17:04:23','2021-03-14 18:43:04'),(325,122,1,3,4,'2017-02-01 23:01:28','2018-11-20 02:34:50'),(326,42,2,1,4,'2011-04-16 06:39:12','2021-02-07 14:34:23'),(327,218,2,5,1,'2011-07-26 19:58:24','2020-01-29 05:05:40'),(328,12,1,5,3,'2020-08-19 16:57:36','2021-03-14 18:43:04'),(329,162,2,9,1,'2011-03-29 06:46:08','2018-09-25 04:45:48'),(330,223,2,3,4,'2012-06-11 16:35:19','2020-07-17 18:05:47'),(331,229,2,6,2,'2016-02-01 08:08:54','2021-03-14 18:43:04'),(332,100,1,7,1,'2017-10-09 14:58:10','2021-03-14 18:43:04'),(333,284,2,8,4,'2020-07-25 17:31:42','2021-03-14 18:43:04'),(334,32,1,7,2,'2012-12-22 10:19:56','2018-12-19 17:09:25'),(335,278,2,7,1,'2013-05-07 18:35:21','2021-03-14 18:43:04'),(336,297,1,3,2,'2011-08-03 06:37:23','2015-04-06 06:57:04'),(337,154,2,7,4,'2011-07-12 17:38:05','2012-04-26 18:20:13'),(338,17,1,9,2,'2020-07-05 22:51:30','2021-03-14 18:43:04'),(339,99,1,3,4,'2014-07-19 09:44:10','2021-03-14 18:43:04'),(340,267,1,7,3,'2018-05-19 01:09:16','2021-03-14 18:43:04'),(341,164,1,5,3,'2020-08-03 06:52:16','2021-03-14 18:43:04'),(342,77,2,5,2,'2011-04-02 11:33:56','2020-12-21 18:56:52'),(343,191,2,8,1,'2012-10-08 04:49:53','2016-09-06 00:08:27'),(344,62,1,6,3,'2017-12-08 03:55:30','2019-02-18 13:33:19'),(345,233,1,8,3,'2013-03-18 21:12:19','2021-03-14 18:43:04'),(346,178,2,3,4,'2011-06-17 23:45:17','2020-04-04 09:57:42'),(347,40,2,4,1,'2015-01-07 02:20:26','2020-06-24 23:00:23'),(348,152,2,6,4,'2019-01-07 23:10:24','2020-12-25 03:38:27'),(349,185,1,8,4,'2020-09-07 17:11:44','2021-03-14 18:43:04'),(350,70,1,4,4,'2011-04-28 19:43:38','2018-11-08 18:37:40'),(351,298,1,6,3,'2012-10-28 01:30:42','2021-03-14 18:43:04'),(352,62,1,5,2,'2012-08-13 05:04:54','2021-03-14 18:43:04'),(353,171,1,1,4,'2013-03-07 00:36:51','2013-12-30 13:01:59'),(354,86,2,4,4,'2013-11-19 23:54:13','2014-10-07 02:38:10'),(355,159,2,1,3,'2015-07-30 13:24:38','2021-03-14 18:43:04'),(356,89,2,9,2,'2015-12-14 18:45:53','2021-03-14 18:43:04'),(357,3,2,9,1,'2016-07-26 05:51:51','2019-11-08 13:27:57'),(358,159,2,5,2,'2011-10-20 17:12:24','2020-02-10 22:37:27'),(359,72,1,3,1,'2017-10-24 03:52:08','2021-03-14 18:43:04'),(360,214,1,6,2,'2017-04-12 07:30:57','2021-03-14 18:43:04'),(361,67,2,1,3,'2021-01-19 12:10:16','2021-03-14 18:43:04'),(362,104,2,5,1,'2016-10-28 12:59:19','2020-06-04 21:21:52'),(363,224,1,8,1,'2018-08-26 08:52:12','2018-09-23 05:41:22'),(364,61,1,1,1,'2016-08-17 23:13:42','2021-03-14 18:43:04'),(365,277,2,8,4,'2012-02-01 03:41:16','2021-03-14 18:43:04'),(366,103,2,9,1,'2018-02-18 11:18:28','2021-03-14 18:43:04'),(367,297,2,3,4,'2020-06-14 10:45:28','2021-03-14 18:43:04'),(368,139,1,8,3,'2016-05-12 11:04:29','2021-03-14 18:43:04'),(369,248,1,9,3,'2020-08-23 20:53:57','2021-03-14 18:43:04'),(370,220,1,7,2,'2017-08-22 19:51:01','2021-03-14 18:43:04'),(371,186,1,2,4,'2018-11-13 06:13:15','2021-03-14 18:43:04'),(372,190,1,7,2,'2015-01-26 09:19:26','2021-03-14 18:43:04'),(373,246,1,2,1,'2011-08-13 23:41:02','2018-06-07 09:56:37'),(374,159,2,8,2,'2015-10-26 16:46:43','2021-03-14 18:43:04'),(375,65,2,1,1,'2013-06-11 12:26:36','2014-11-26 14:46:39'),(376,182,1,6,3,'2019-09-04 12:35:11','2021-03-14 18:43:04'),(377,82,2,9,4,'2013-09-02 07:24:08','2017-12-21 06:04:27'),(378,231,1,6,2,'2016-10-26 01:38:32','2021-03-14 18:43:04'),(379,101,1,7,2,'2014-04-11 21:48:17','2021-03-14 18:43:04'),(380,272,1,6,2,'2017-03-27 07:59:27','2021-03-14 18:43:04'),(381,35,1,8,3,'2018-07-06 01:47:31','2021-03-14 18:43:04'),(382,132,2,1,4,'2017-09-13 06:52:50','2021-03-14 18:43:04'),(383,80,2,6,3,'2014-06-21 20:25:57','2021-03-14 18:43:04'),(384,35,1,1,2,'2018-02-25 20:16:02','2020-03-23 23:44:11'),(385,162,1,2,1,'2011-07-01 03:26:26','2011-11-29 04:47:56'),(386,64,2,7,2,'2015-01-05 01:01:29','2018-04-15 17:40:53'),(387,199,2,6,2,'2019-04-02 02:19:52','2021-03-14 18:43:04'),(388,280,2,8,4,'2012-05-19 03:38:11','2014-08-21 14:28:49'),(389,191,1,9,4,'2020-01-20 01:26:28','2021-03-14 18:43:04'),(390,249,1,2,2,'2020-02-09 15:41:20','2021-03-14 18:43:04'),(391,267,2,2,1,'2011-08-23 05:46:44','2014-05-21 01:20:39'),(392,108,1,6,2,'2011-08-07 03:41:59','2013-10-09 20:57:17'),(393,123,1,3,4,'2014-07-30 08:10:57','2021-03-14 18:43:04'),(394,75,2,5,1,'2019-01-29 14:52:19','2021-03-14 18:43:04'),(395,165,1,2,4,'2013-10-19 00:33:25','2021-03-14 18:43:04'),(396,221,1,6,4,'2019-10-02 00:44:17','2021-03-14 18:43:04'),(397,103,1,5,3,'2017-11-13 10:14:42','2021-03-14 18:43:04'),(398,288,2,5,2,'2013-01-25 18:10:34','2020-06-26 21:45:49'),(399,251,1,2,3,'2013-08-17 10:05:43','2014-01-28 00:14:38'),(400,108,1,7,1,'2017-10-27 13:07:50','2021-03-14 18:43:04'),(401,5,1,200,1,'2021-03-20 10:01:25','2021-03-20 10:01:25');
/*!40000 ALTER TABLE `orders_products` ENABLE KEYS */;
UNLOCK TABLES;
/*!50003 SET @saved_cs_client      = @@character_set_client */ ;
/*!50003 SET @saved_cs_results     = @@character_set_results */ ;
/*!50003 SET @saved_col_connection = @@collation_connection */ ;
/*!50003 SET character_set_client  = utf8mb4 */ ;
/*!50003 SET character_set_results = utf8mb4 */ ;
/*!50003 SET collation_connection  = utf8mb4_0900_ai_ci */ ;
/*!50003 SET @saved_sql_mode       = @@sql_mode */ ;
/*!50003 SET sql_mode              = 'ONLY_FULL_GROUP_BY,STRICT_TRANS_TABLES,NO_ZERO_IN_DATE,NO_ZERO_DATE,ERROR_FOR_DIVISION_BY_ZERO,NO_ENGINE_SUBSTITUTION' */ ;
DELIMITER ;;
/*!50003 CREATE*/ /*!50017 DEFINER=`root`@`localhost`*/ /*!50003 TRIGGER `orders_products_validation_insert` BEFORE INSERT ON `orders_products` FOR EACH ROW BEGIN
  IF !is_row_exists(NEW.product_id, NEW.products_category_id) THEN
    SIGNAL SQLSTATE "45000"
    SET MESSAGE_TEXT = "Error adding! Target table doesn't contain row id provided!";
  END IF;
END */;;
DELIMITER ;
/*!50003 SET sql_mode              = @saved_sql_mode */ ;
/*!50003 SET character_set_client  = @saved_cs_client */ ;
/*!50003 SET character_set_results = @saved_cs_results */ ;
/*!50003 SET collation_connection  = @saved_col_connection */ ;
/*!50003 SET @saved_cs_client      = @@character_set_client */ ;
/*!50003 SET @saved_cs_results     = @@character_set_results */ ;
/*!50003 SET @saved_col_connection = @@collation_connection */ ;
/*!50003 SET character_set_client  = utf8mb4 */ ;
/*!50003 SET character_set_results = utf8mb4 */ ;
/*!50003 SET collation_connection  = utf8mb4_0900_ai_ci */ ;
/*!50003 SET @saved_sql_mode       = @@sql_mode */ ;
/*!50003 SET sql_mode              = 'ONLY_FULL_GROUP_BY,STRICT_TRANS_TABLES,NO_ZERO_IN_DATE,NO_ZERO_DATE,ERROR_FOR_DIVISION_BY_ZERO,NO_ENGINE_SUBSTITUTION' */ ;
DELIMITER ;;
/*!50003 CREATE*/ /*!50017 DEFINER=`root`@`localhost`*/ /*!50003 TRIGGER `orders_products_validation_update` BEFORE UPDATE ON `orders_products` FOR EACH ROW BEGIN
  IF !is_row_exists(NEW.product_id, NEW.products_category_id) THEN
    SIGNAL SQLSTATE "45000"
    SET MESSAGE_TEXT = "Error adding! Target table doesn't contain row id provided!";
  END IF;
END */;;
DELIMITER ;
/*!50003 SET sql_mode              = @saved_sql_mode */ ;
/*!50003 SET character_set_client  = @saved_cs_client */ ;
/*!50003 SET character_set_results = @saved_cs_results */ ;
/*!50003 SET collation_connection  = @saved_col_connection */ ;

--
-- Temporary view structure for view `orders_to_North_Carolinaton_shop`
--

DROP TABLE IF EXISTS `orders_to_North_Carolinaton_shop`;
/*!50001 DROP VIEW IF EXISTS `orders_to_North_Carolinaton_shop`*/;
SET @saved_cs_client     = @@character_set_client;
/*!50503 SET character_set_client = utf8mb4 */;
/*!50001 CREATE VIEW `orders_to_North_Carolinaton_shop` AS SELECT 
 1 AS `order_id`,
 1 AS `name`,
 1 AS `address`*/;
SET character_set_client = @saved_cs_client;

--
-- Temporary view structure for view `part_information_clients`
--

DROP TABLE IF EXISTS `part_information_clients`;
/*!50001 DROP VIEW IF EXISTS `part_information_clients`*/;
SET @saved_cs_client     = @@character_set_client;
/*!50503 SET character_set_client = utf8mb4 */;
/*!50001 CREATE VIEW `part_information_clients` AS SELECT 
 1 AS `id`,
 1 AS `first_name`,
 1 AS `last_name`,
 1 AS `birthday`,
 1 AS `gender`*/;
SET character_set_client = @saved_cs_client;

--
-- Table structure for table `products_categories`
--

DROP TABLE IF EXISTS `products_categories`;
/*!40101 SET @saved_cs_client     = @@character_set_client */;
/*!50503 SET character_set_client = utf8mb4 */;
CREATE TABLE `products_categories` (
  `id` int unsigned NOT NULL AUTO_INCREMENT,
  `name` varchar(100) CHARACTER SET utf8mb4 COLLATE utf8mb4_unicode_ci DEFAULT NULL,
  `created_at` datetime DEFAULT CURRENT_TIMESTAMP,
  PRIMARY KEY (`id`)
) ENGINE=InnoDB AUTO_INCREMENT=3 DEFAULT CHARSET=utf8mb4 COLLATE=utf8mb4_unicode_ci COMMENT='Категории продукции';
/*!40101 SET character_set_client = @saved_cs_client */;

--
-- Dumping data for table `products_categories`
--

LOCK TABLES `products_categories` WRITE;
/*!40000 ALTER TABLE `products_categories` DISABLE KEYS */;
INSERT INTO `products_categories` VALUES (1,'books','2021-03-14 18:42:59'),(2,'related products','2021-03-14 18:42:59');
/*!40000 ALTER TABLE `products_categories` ENABLE KEYS */;
UNLOCK TABLES;

--
-- Table structure for table `profiles`
--

DROP TABLE IF EXISTS `profiles`;
/*!40101 SET @saved_cs_client     = @@character_set_client */;
/*!50503 SET character_set_client = utf8mb4 */;
CREATE TABLE `profiles` (
  `client_id` int unsigned NOT NULL AUTO_INCREMENT,
  `city` varchar(100) CHARACTER SET utf8mb4 COLLATE utf8mb4_unicode_ci DEFAULT NULL,
  `address` varchar(100) CHARACTER SET utf8mb4 COLLATE utf8mb4_unicode_ci DEFAULT NULL,
  `birthday` date DEFAULT NULL,
  `gender` enum('M','F') COLLATE utf8mb4_unicode_ci DEFAULT NULL,
  `created_at` datetime DEFAULT CURRENT_TIMESTAMP,
  `updated_at` datetime DEFAULT CURRENT_TIMESTAMP ON UPDATE CURRENT_TIMESTAMP,
  PRIMARY KEY (`client_id`),
  KEY `profiles_birthday_idx` (`birthday`),
  CONSTRAINT `profiles_client_id_fk` FOREIGN KEY (`client_id`) REFERENCES `clients` (`id`) ON DELETE CASCADE
) ENGINE=InnoDB AUTO_INCREMENT=101 DEFAULT CHARSET=utf8mb4 COLLATE=utf8mb4_unicode_ci COMMENT='Профили клиентов/покупателей';
/*!40101 SET character_set_client = @saved_cs_client */;

--
-- Dumping data for table `profiles`
--

LOCK TABLES `profiles` WRITE;
/*!40000 ALTER TABLE `profiles` DISABLE KEYS */;
INSERT INTO `profiles` VALUES (1,'Lake Lambert','07172 Sasha Grove\nMohrshire, WV 62125-8338','1991-09-12','M','2019-11-22 12:58:36','2020-06-22 17:03:14'),(2,'West Salma','7381 Gabriella Walk Apt. 402\nNorth Aylinview, NH 69581','2009-02-26','F','2017-03-14 09:36:44','2019-09-02 21:11:24'),(3,'Port Tierrastad','260 Anderson Burg Suite 596\nWest Raul, CO 96617','1976-12-10','F','2012-10-09 05:17:56','2014-04-08 04:09:43'),(4,'Port Israelfurt','2081 Carson Plains\nLake Norwood, WY 53677','2004-03-25','M','2017-04-29 16:18:11','2021-03-14 18:43:08'),(5,'Lake Kayport','805 Eldora Manor Suite 657\nLake Audreyville, KS 93250','2016-05-15','F','2019-11-08 21:53:43','2021-03-14 18:43:08'),(6,'East Hal','41177 Quigley Wells Apt. 679\nSouth Merlin, ND 97582-6493','2005-07-27','M','2017-09-20 14:53:11','2020-03-08 15:57:01'),(7,'South Micahchester','43372 Schowalter Ports Suite 963\nBrycenburgh, MN 23418-7440','2012-04-20','M','2011-05-19 23:11:26','2016-07-07 15:30:25'),(8,'Port Shana','742 Letitia Mall\nNorth Alexandra, GA 89103','1984-12-30','M','2012-09-19 03:18:04','2014-12-07 18:10:24'),(9,'Littleborough','5365 Kylie Lake\nStrosintown, KS 44725-2723','1970-07-07','M','2012-01-05 22:22:16','2014-01-07 05:19:32'),(10,'North Michaelahaven','25575 Dayne Bypass\nO\'Connellview, NY 08422-7281','1970-12-15','F','2015-08-27 15:20:04','2021-03-14 18:43:08'),(11,'Fritschside','5162 Evert Valleys\nLake Jacynthe, GA 49338-2564','2020-12-21','M','2012-08-20 03:30:21','2021-03-14 18:43:08'),(12,'Lake Nickolashaven','404 Nitzsche Estates Apt. 824\nHillsland, HI 84707','2004-06-23','M','2019-07-28 02:19:55','2021-03-14 18:43:08'),(13,'Port Zander','261 Richmond Gateway\nNorth Maud, HI 74603-2735','2017-05-28','M','2018-07-03 14:17:18','2021-03-14 18:43:08'),(14,'East Markus','615 Isabella Mountains\nNorth Savannahside, AL 13928-5041','1983-10-19','F','2016-01-07 14:27:47','2017-09-29 02:22:06'),(15,'Lake Carterberg','54937 Swaniawski Pike Apt. 834\nAmiramouth, UT 67013-1162','1979-09-23','F','2011-03-18 21:15:41','2018-04-30 22:47:44'),(16,'Padbergstad','64478 Reichel Key Apt. 106\nEast Helenberg, SD 76571-1024','1982-02-20','M','2018-04-28 14:06:09','2021-03-14 18:43:08'),(17,'Reganside','3864 Imani Ville Suite 159\nNorth Braulio, OK 56566','1994-03-15','F','2019-05-08 07:02:59','2021-03-14 18:43:08'),(18,'Adamsshire','65118 Brekke Squares\nSouth Heaven, HI 38971','1996-08-15','M','2014-06-11 14:16:07','2019-11-24 01:13:49'),(19,'North Cindy','684 Aliya Station Suite 355\nLake Twilamouth, NJ 30545','2006-06-27','F','2013-03-08 21:19:00','2018-06-21 18:49:00'),(20,'Lake Lea','40700 Brennan Lodge\nKaitlynstad, NJ 78927','2018-11-14','M','2017-08-14 15:52:29','2019-02-08 20:32:05'),(21,'South Emelieborough','75966 Bartoletti Isle\nNew Citlallishire, MN 98988','2013-04-11','M','2018-06-29 03:54:47','2021-03-14 18:43:08'),(22,'Lake Angelinaville','4502 Britney Lights\nPort Travisview, WV 53935','1973-05-04','F','2013-09-23 18:50:10','2014-03-01 12:00:43'),(23,'Roobberg','355 Kreiger Trail Apt. 294\nWest Hattie, DC 65308','1993-01-23','M','2018-09-30 07:16:33','2021-03-14 18:43:08'),(24,'Lolitaport','91585 Chase Trace Apt. 635\nCrystalmouth, MD 42955','1973-04-10','F','2013-03-29 17:13:26','2018-07-01 06:53:47'),(25,'Kingborough','939 Jabari Course Apt. 389\nRodrigohaven, HI 16477-0764','2011-05-19','F','2014-10-03 21:15:01','2016-06-30 04:00:36'),(26,'North Anjalifort','805 Eulah Harbor\nLake Ransom, IL 44498','2009-05-04','F','2014-10-11 08:41:52','2020-05-07 03:26:15'),(27,'Oraberg','1364 Heathcote Hollow Suite 893\nPort Corbinborough, NM 23168-7584','1973-08-31','M','2020-08-01 20:09:12','2020-12-30 12:34:28'),(28,'Weimannborough','35639 Mraz Camp Suite 954\nColeview, KS 55015','1992-12-27','F','2017-11-12 10:06:01','2019-11-08 17:59:00'),(29,'Mariannaburgh','691 Harvey Union\nEllsworthside, MD 33411','1995-04-16','F','2018-06-23 03:31:57','2021-03-14 18:43:08'),(30,'East Zackchester','4353 Lina Rapids\nEast Kailynport, NE 09836-6420','2013-01-21','F','2020-09-27 15:40:11','2021-03-14 18:43:08'),(31,'Uptonfort','20878 Haley Locks Apt. 598\nLuisashire, NJ 43039','2002-06-17','F','2012-03-23 19:17:09','2021-03-14 18:43:08'),(32,'Croninton','3558 Darryl Brooks\nSouth Maymie, ND 68168-0603','2020-09-17','M','2014-04-08 23:26:17','2021-03-14 18:43:08'),(33,'Lake Adaline','5898 Roselyn Trafficway Suite 109\nBeahanstad, DE 76573-9712','2020-05-20','F','2020-12-21 16:42:11','2021-03-14 18:43:08'),(34,'Port Mariano','15040 Cummerata Fort\nPort Isaiah, TX 59001','1988-12-09','M','2013-09-20 02:53:10','2016-09-10 11:58:15'),(35,'East Jo','4900 Veum Ports\nDachburgh, MD 01666','1999-02-23','F','2013-10-11 11:09:29','2020-04-22 08:45:54'),(36,'Lake Siennaland','132 Moore Landing\nNorth Giovanimouth, NC 91914','1985-02-17','M','2011-12-03 01:27:40','2015-05-12 18:36:23'),(37,'Princeport','579 Paula Flats\nEvieside, MT 34695','1987-01-28','F','2015-11-26 06:35:44','2021-03-14 18:43:08'),(38,'New Reinholdmouth','73628 Auer Forges Suite 329\nNew Tiana, VA 04243-9020','2005-04-15','M','2018-01-06 01:39:19','2021-03-14 18:43:08'),(39,'Faustinoview','76433 Garrick Forks Suite 103\nWest Raymondmouth, WV 55303-3500','1998-09-17','M','2019-09-24 20:31:30','2021-03-14 18:43:08'),(40,'Lakinfurt','1206 Athena Path Apt. 966\nBartonmouth, MI 86046','1971-09-23','M','2017-08-26 08:47:53','2021-03-14 18:43:08'),(41,'South Ethelyn','16794 Batz Walks\nHartmannbury, OK 89194','2001-07-21','F','2019-01-15 21:36:50','2021-03-14 18:43:08'),(42,'West Nikita','5451 Jaqueline Shore Apt. 934\nPort Altaville, OK 22763','1983-09-29','F','2018-10-24 02:27:40','2021-03-14 18:43:08'),(43,'Hegmannside','892 Maryjane Brook Apt. 249\nEast Kathryne, WA 19253','2017-08-21','M','2019-05-09 23:53:12','2021-03-14 18:43:08'),(44,'Tonifort','00488 Ahmad Square\nPort Melanyfurt, AK 68046-6205','2008-05-28','M','2012-08-07 13:07:00','2013-04-03 06:50:05'),(45,'South Lizeth','26006 Moore Village Suite 540\nNorth Palma, ME 71816','1987-10-12','F','2012-07-21 02:18:20','2021-01-27 15:23:52'),(46,'Millsstad','2852 Claud Views Apt. 592\nAdamsville, TN 41894-8622','2000-11-10','F','2013-08-15 21:41:14','2021-03-14 18:43:08'),(47,'South Tiaside','1664 Crist Valley Apt. 391\nSouth Alenefurt, WY 05943','2001-09-30','F','2012-04-01 01:14:14','2021-03-14 18:43:08'),(48,'West Jaysonview','5684 Sheila Key Suite 118\nPetramouth, MO 87058','2000-11-14','F','2016-06-08 08:27:16','2021-03-14 18:43:08'),(49,'North Darion','92318 Sibyl Lock Apt. 777\nWest Siennamouth, MN 84336-3896','1990-03-27','F','2017-04-20 16:40:37','2021-03-14 18:43:08'),(50,'Collierburgh','1277 Gottlieb Loaf Suite 490\nEast Lenna, ND 64806','2019-08-09','M','2012-07-25 12:36:34','2017-09-21 15:09:43'),(51,'New Daishamouth','4746 Clair Ferry\nGarrettport, IN 15520-4435','2007-10-22','M','2019-08-29 12:28:48','2021-03-14 18:43:08'),(52,'Alexysview','463 Chet Highway\nStrackeborough, OK 66312-1109','1994-08-05','M','2016-06-16 04:27:33','2020-02-29 22:02:06'),(53,'South Luisshire','54493 Edison Flat\nPort Ian, OR 69439','2007-04-20','F','2021-01-08 23:10:05','2021-03-14 18:43:08'),(54,'Wymanchester','481 Abel Wells Apt. 317\nDerrickport, SD 28071-2760','2008-05-20','M','2012-08-04 03:06:32','2012-11-14 09:27:18'),(55,'South Dashawn','522 Howe Islands\nTheodorestad, NY 46419-2064','1992-01-21','F','2019-04-15 02:25:24','2021-03-14 18:43:08'),(56,'Bartolettiview','7117 Gaylord Drive\nEast Majorville, VT 78847','2015-07-31','M','2015-11-18 04:24:50','2021-03-14 18:43:08'),(57,'Lake Percy','190 Langworth Glens\nDavidbury, OR 80465','1998-04-24','M','2019-05-03 11:47:43','2021-03-14 18:43:08'),(58,'Langstad','1350 Rutherford Branch Suite 154\nNorth Kathryn, CT 78087-3245','1981-11-10','M','2013-10-23 03:36:18','2021-03-14 18:43:08'),(59,'Champlinhaven','88259 Destiny Unions\nPort Alysaborough, DE 42560','2015-03-25','M','2020-09-30 22:29:52','2021-03-14 18:43:08'),(60,'Bradyburgh','22047 Margaretta Manor\nNorth Mauricemouth, KS 66917','2018-02-01','M','2015-12-15 23:18:38','2015-12-22 19:41:23'),(61,'North Allisonside','41848 Doyle Rapids\nLegroston, KY 26658-3309','2005-10-10','F','2017-05-25 04:35:31','2018-03-29 07:26:35'),(62,'Feeneyton','1982 Dallin Expressway\nWestleyport, WY 52352-9089','1997-11-05','F','2014-08-07 10:25:11','2015-01-20 16:48:41'),(63,'Sophiafort','498 Hollie Lock\nBorisburgh, ND 56104','1983-09-16','F','2019-07-08 11:43:50','2021-03-14 18:43:08'),(64,'Lebsackmouth','605 Kub Court\nLake Tremainehaven, KS 16891','1970-01-19','M','2013-06-14 22:10:18','2020-01-30 02:31:06'),(65,'West Arlomouth','604 Marlon Route\nEast Mathewshire, SC 60733-2548','1986-01-01','M','2012-10-18 23:44:46','2019-07-30 05:41:44'),(66,'South Chynabury','189 Langworth Valleys\nBlakemouth, IA 89468-0024','2016-08-07','M','2014-11-27 15:05:01','2021-03-14 18:43:08'),(67,'East Delilah','60451 Tamia Cape Apt. 585\nSouth Micheal, TN 95937','2016-03-12','M','2018-07-18 10:15:14','2021-03-14 18:43:08'),(68,'Kuvalisburgh','30834 Lakin Brooks Apt. 356\nTomland, RI 38579-1688','2021-01-13','M','2013-02-24 05:53:06','2021-03-14 18:43:08'),(69,'South Marcland','951 Estella Mountain\nMannburgh, TX 95093','2006-06-22','F','2015-08-10 13:55:55','2021-03-14 18:43:08'),(70,'Haagborough','304 Dawson Ports\nNorth Christinaport, MO 96060-5935','2019-04-15','F','2019-02-02 12:04:42','2021-03-14 18:43:08'),(71,'Port Amely','578 Goodwin Pike Apt. 111\nMurrayshire, AK 05417-7045','1996-07-17','F','2014-10-27 02:57:50','2021-03-14 18:43:08'),(72,'New Freidashire','23257 Kade River Suite 753\nAufderharmouth, NC 54707','1991-05-16','F','2017-12-18 20:53:16','2021-03-14 18:43:08'),(73,'Volkmanland','512 Jones Mission\nSouth Vern, ND 77764-9499','1977-08-15','F','2017-11-11 17:57:53','2021-03-14 18:43:08'),(74,'Dillanmouth','52586 Kling Pike Apt. 979\nWest Bridgettebury, NH 33242-0280','1983-08-18','F','2011-07-09 20:57:33','2012-01-04 01:17:35'),(75,'Pacochachester','119 Cydney Walk Apt. 517\nMedhurstland, TN 80711','1978-12-26','F','2011-09-10 11:55:08','2020-01-04 07:16:38'),(76,'Port Evert','94170 Rempel Key Suite 557\nLeuschkefurt, DC 90672-8823','1979-07-27','F','2013-07-21 10:55:29','2021-03-14 18:43:08'),(77,'East Holly','7488 Schaefer Stravenue\nSchuliststad, NH 69404','1997-08-06','M','2014-12-26 15:53:03','2016-12-27 02:27:52'),(78,'East Asa','8301 Bogan Lodge\nHaylieland, CT 79203','2008-05-24','F','2019-03-21 08:28:48','2021-03-14 18:43:08'),(79,'West Travon','6727 Koepp Lock Apt. 008\nBoyershire, MN 72099','2020-01-21','M','2020-04-05 18:45:58','2021-03-14 18:43:08'),(80,'Champlinside','0045 Aufderhar Orchard Apt. 477\nNorth Liliane, FL 19526-1831','2020-10-02','M','2011-09-09 22:42:48','2019-09-08 18:01:45'),(81,'East Toniport','3878 Elna Lodge\nPort Ryleyfort, AL 79068-6399','1979-02-28','M','2018-06-11 12:57:35','2020-04-10 10:02:15'),(82,'Braunfort','09069 Johathan Gardens Suite 434\nPort Sunnymouth, MS 88649-7474','1988-01-19','F','2021-01-26 18:17:38','2021-03-14 18:43:08'),(83,'North Billfurt','0383 Jake Crossroad Apt. 765\nSouth Willy, MI 46315-3856','2009-04-17','M','2016-04-25 04:02:02','2021-03-14 18:43:08'),(84,'Lake Keeganside','39885 Wilfred Cliff Suite 142\nHirtheborough, AR 09942-2665','1991-08-11','F','2021-01-13 10:46:37','2021-03-14 18:43:08'),(85,'Rodrigoshire','1382 Kutch Grove\nSouth Linnie, MI 75697-5374','1992-12-30','F','2015-06-30 16:16:15','2017-07-05 22:04:22'),(86,'East Chanelle','88527 Thea Passage Suite 273\nEast Edyth, DC 33304','2012-09-28','F','2016-05-02 05:05:42','2021-03-14 18:43:08'),(87,'West Earnestborough','45287 Champlin Place Apt. 541\nRosellafurt, ND 00408','2017-12-03','F','2017-08-19 02:59:11','2021-03-14 18:43:08'),(88,'Willhaven','92190 Hand Extensions Suite 112\nEast Deion, OH 62927-6861','2014-02-03','F','2019-01-03 11:59:54','2021-03-14 18:43:08'),(89,'Uliseshaven','925 Jeremie Shores\nLake Floy, TN 32327','2008-01-12','M','2016-02-28 07:50:59','2017-02-16 07:10:01'),(90,'Robelburgh','40845 Barton Valleys Apt. 916\nMariamstad, NC 38279','2002-05-23','M','2012-09-11 13:12:50','2018-09-16 04:11:00'),(91,'East Godfrey','227 Lilliana Passage Suite 127\nEast Asa, KS 95530-5164','1985-12-22','F','2011-03-20 19:54:31','2019-09-30 07:07:55'),(92,'Lake Valerie','230 Emmerich Extensions\nRicochester, CT 24159','1989-02-13','F','2016-07-30 22:28:00','2019-05-16 02:12:09'),(93,'Willmouth','53874 Nikolaus Tunnel\nPaucekview, AK 84358','2003-09-11','F','2017-08-26 07:16:09','2021-03-14 18:43:08'),(94,'West Sid','011 Dickens Row\nLebsackborough, AR 72198','2002-12-14','F','2018-09-08 15:19:16','2021-03-14 18:43:08'),(95,'Sophiemouth','0384 Alf Ridge\nNew Sydnee, MI 65331','1993-07-18','F','2015-08-27 06:01:59','2017-10-18 19:39:30'),(96,'Lake Bessiemouth','790 Aditya Alley Apt. 840\nAbbottburgh, FL 75506','2009-05-07','F','2012-01-09 14:08:30','2019-05-27 16:48:31'),(97,'Jermaineland','3613 Effertz Drives Apt. 288\nSchambergerport, MD 59636-8682','2000-09-15','M','2014-06-19 18:50:04','2015-02-06 11:02:06'),(98,'Murazikton','5785 Cedrick Bridge Apt. 397\nSouth Tyresefurt, OH 41081-7659','1992-10-27','M','2016-02-07 16:59:53','2021-03-14 18:43:08'),(99,'Newtonport','2982 Lilla Pines\nKunzeport, ND 37371','2003-01-21','M','2011-09-15 17:59:47','2021-03-14 18:43:08'),(100,'Port Rodrigo','8133 Green Hollow Suite 352\nSouth Samson, NH 19494-8812','1985-03-25','F','2017-04-26 08:17:28','2018-03-20 04:36:49');
/*!40000 ALTER TABLE `profiles` ENABLE KEYS */;
UNLOCK TABLES;

--
-- Table structure for table `publishing_houses`
--

DROP TABLE IF EXISTS `publishing_houses`;
/*!40101 SET @saved_cs_client     = @@character_set_client */;
/*!50503 SET character_set_client = utf8mb4 */;
CREATE TABLE `publishing_houses` (
  `id` int unsigned NOT NULL AUTO_INCREMENT,
  `name` varchar(100) CHARACTER SET utf8mb4 COLLATE utf8mb4_unicode_ci DEFAULT NULL,
  `created_at` datetime DEFAULT CURRENT_TIMESTAMP,
  PRIMARY KEY (`id`),
  KEY `publishing_houses_name_idx` (`name`)
) ENGINE=InnoDB AUTO_INCREMENT=11 DEFAULT CHARSET=utf8mb4 COLLATE=utf8mb4_unicode_ci COMMENT='Издательства';
/*!40101 SET character_set_client = @saved_cs_client */;

--
-- Dumping data for table `publishing_houses`
--

LOCK TABLES `publishing_houses` WRITE;
/*!40000 ALTER TABLE `publishing_houses` DISABLE KEYS */;
INSERT INTO `publishing_houses` VALUES (1,'Mollitia voluptates.','2019-07-12 15:24:31'),(2,'Qui eius recusandae.','2012-01-01 08:30:40'),(3,'Deleniti reiciendis autem.','2019-10-28 11:03:19'),(4,'A est.','2018-12-16 13:34:04'),(5,'Incidunt perferendis.','2014-05-18 04:03:18'),(6,'Sunt numquam.','2014-12-25 05:38:39'),(7,'Dolores expedita voluptate.','2015-09-27 19:18:06'),(8,'Et quo.','2012-01-16 20:24:44'),(9,'Voluptas dolores quae.','2013-09-11 10:35:36'),(10,'Quis debitis voluptatem.','2020-12-22 20:15:47');
/*!40000 ALTER TABLE `publishing_houses` ENABLE KEYS */;
UNLOCK TABLES;

--
-- Table structure for table `related_product_categories`
--

DROP TABLE IF EXISTS `related_product_categories`;
/*!40101 SET @saved_cs_client     = @@character_set_client */;
/*!50503 SET character_set_client = utf8mb4 */;
CREATE TABLE `related_product_categories` (
  `id` int unsigned NOT NULL AUTO_INCREMENT,
  `name` varchar(100) CHARACTER SET utf8mb4 COLLATE utf8mb4_unicode_ci DEFAULT NULL,
  `created_at` datetime DEFAULT CURRENT_TIMESTAMP,
  PRIMARY KEY (`id`)
) ENGINE=InnoDB AUTO_INCREMENT=4 DEFAULT CHARSET=utf8mb4 COLLATE=utf8mb4_unicode_ci COMMENT='Категории сопутствующих товаров ';
/*!40101 SET character_set_client = @saved_cs_client */;

--
-- Dumping data for table `related_product_categories`
--

LOCK TABLES `related_product_categories` WRITE;
/*!40000 ALTER TABLE `related_product_categories` DISABLE KEYS */;
INSERT INTO `related_product_categories` VALUES (1,'souvenirs','2021-03-14 18:42:44'),(2,'stationery','2021-03-14 18:42:44'),(3,'creativity','2021-03-14 18:42:44');
/*!40000 ALTER TABLE `related_product_categories` ENABLE KEYS */;
UNLOCK TABLES;

--
-- Table structure for table `related_products`
--

DROP TABLE IF EXISTS `related_products`;
/*!40101 SET @saved_cs_client     = @@character_set_client */;
/*!50503 SET character_set_client = utf8mb4 */;
CREATE TABLE `related_products` (
  `id` int unsigned NOT NULL AUTO_INCREMENT,
  `category_id` int unsigned NOT NULL,
  `name` varchar(100) CHARACTER SET utf8mb4 COLLATE utf8mb4_unicode_ci DEFAULT NULL,
  `price` decimal(11,2) DEFAULT NULL,
  `description` text CHARACTER SET utf8mb4 COLLATE utf8mb4_unicode_ci,
  `created_at` datetime DEFAULT CURRENT_TIMESTAMP,
  `updated_at` datetime DEFAULT CURRENT_TIMESTAMP ON UPDATE CURRENT_TIMESTAMP,
  PRIMARY KEY (`id`),
  KEY `related_products_name_idx` (`name`),
  KEY `related_products_category_id_price_idx` (`category_id`,`price`),
  CONSTRAINT `related_products_category_id_fk` FOREIGN KEY (`category_id`) REFERENCES `related_product_categories` (`id`)
) ENGINE=InnoDB AUTO_INCREMENT=301 DEFAULT CHARSET=utf8mb4 COLLATE=utf8mb4_unicode_ci COMMENT='Сопутствующие товары';
/*!40101 SET character_set_client = @saved_cs_client */;

--
-- Dumping data for table `related_products`
--

LOCK TABLES `related_products` WRITE;
/*!40000 ALTER TABLE `related_products` DISABLE KEYS */;
INSERT INTO `related_products` VALUES (1,3,'Possimus aut aliquid.',884.39,'Sed est rerum provident deserunt fuga qui provident. Consequatur beatae maxime non beatae possimus.','2015-01-22 07:37:38','2021-03-14 18:42:53'),(2,3,'Velit enim aut.',562.83,'Aliquid veritatis molestias provident ullam necessitatibus quibusdam. Porro adipisci at voluptas illum. Velit quisquam iste qui nam earum.','2014-07-28 10:41:03','2021-03-14 18:42:53'),(3,1,'Molestiae repellat.',150.95,'Aut at magni at iure similique odio. Qui qui quis vel est ut reiciendis. Animi nesciunt sit qui asperiores architecto earum veritatis. Dolore saepe quidem perspiciatis impedit voluptas.','2020-01-09 08:47:10','2021-03-14 18:42:53'),(4,3,'Qui libero qui.',56.30,'Fugit dolorem pariatur aut adipisci vero atque sit. Aut dolores perferendis officiis aut impedit fugit cumque. Minima praesentium occaecati eaque quasi expedita. Repudiandae sequi culpa rerum ex illo officia sapiente. Quo aut totam debitis cupiditate et ex sed vel.','2019-07-22 20:59:36','2021-03-14 18:42:53'),(5,3,'Consectetur sed.',818.62,'Eaque perspiciatis qui magnam odit. Quam sed et sit sint possimus atque. Cum odit aut enim ut dignissimos fugiat.','2012-05-27 12:05:43','2021-03-14 18:42:53'),(6,2,'Expedita beatae exercitationem.',914.20,'Similique harum rem expedita molestias inventore sunt. Aut incidunt minus ab quae nam accusamus expedita iste. Pariatur velit in recusandae non numquam error.','2020-10-31 01:44:41','2021-03-14 18:42:53'),(7,1,'Molestias vel repellendus.',105.15,'Sit cupiditate ut magnam ut consequatur. Atque exercitationem aut adipisci reprehenderit unde consequatur. Velit natus et deleniti soluta.','2012-12-20 09:46:48','2021-03-14 18:42:53'),(8,3,'Id placeat officiis.',773.14,'Magnam ex repellat a aut non assumenda similique. Optio aut fugit sed. Eum accusamus in enim ratione consequatur ut.','2012-05-22 00:47:08','2021-03-14 18:42:53'),(9,3,'Hic corporis autem.',540.25,'Qui sequi sit autem. Rerum magni reprehenderit explicabo nam fugiat ut sit nemo. Laudantium repellat accusantium sit facere doloribus.','2019-01-12 16:23:36','2021-03-14 18:42:53'),(10,1,'Impedit voluptatibus rerum.',371.83,'Autem cumque molestiae rerum. Ut est eos dolor dicta et. Corrupti enim nostrum quia atque accusamus dolore. Qui voluptatem dicta sit voluptatibus aperiam quam libero aut.','2018-03-13 08:02:07','2021-03-14 18:42:53'),(11,1,'Illum dicta.',228.39,'Facere ratione ut assumenda quia velit ut iusto. Illo ut dolor eaque amet. Molestiae quo qui quia voluptatibus.','2013-10-20 22:08:28','2021-03-14 18:42:53'),(12,3,'Similique et rem.',16.45,'Rerum voluptas qui recusandae nam vel facere hic. Rerum hic praesentium facilis qui neque natus dolore. Illo delectus reprehenderit animi eos fugit.','2011-04-22 16:18:21','2021-03-14 18:42:53'),(13,1,'Tempore rem magnam.',387.11,'Ut delectus facere magni in. Molestiae aut soluta perferendis quaerat repellendus minus magnam. Non recusandae dolor voluptates eum aliquam est. Voluptatem eligendi tenetur nihil.','2018-05-30 01:22:20','2021-03-14 18:42:53'),(14,2,'Voluptas nihil.',876.17,'Non adipisci et eveniet ea minima aut. Incidunt ipsum aliquam vero blanditiis qui similique.','2017-07-09 19:54:13','2021-03-14 18:42:53'),(15,3,'Et perspiciatis itaque.',209.53,'Voluptas officiis eveniet quibusdam omnis quia officiis. Enim eaque doloremque doloribus minus. Tempore nisi sit consequatur sequi. Voluptates velit ea non dolor earum harum.','2012-04-27 17:17:08','2021-03-14 18:42:53'),(16,3,'Soluta quibusdam.',409.16,'Consequatur aliquid in non eum consequatur. Odio temporibus et commodi quis.','2013-07-24 06:39:51','2021-03-14 18:42:53'),(17,3,'Similique reprehenderit.',407.20,'Asperiores quam iste libero et voluptas praesentium optio tempora. Autem doloribus id expedita accusantium. Accusamus voluptas temporibus sed quidem. Explicabo possimus harum et illo aliquid dignissimos.','2014-05-01 08:01:16','2021-03-14 18:42:53'),(18,3,'Quo architecto officia.',798.52,'Ut nam maiores accusantium aut. Hic unde inventore quibusdam quaerat quasi quidem totam vero. Deleniti et sequi architecto et veritatis.','2016-06-26 12:59:09','2021-03-14 18:42:53'),(19,1,'Voluptas occaecati.',761.01,'Est ab rerum ratione facere non laborum assumenda. Laudantium doloribus est ut quas voluptas mollitia qui. Et voluptatibus veniam a modi in. Corrupti nemo ad in aut. Architecto nisi aut tenetur saepe vitae ut.','2018-07-18 17:20:56','2021-03-14 18:42:53'),(20,3,'Ut dignissimos.',399.49,'Eligendi nihil ullam voluptatem. Quidem sunt cumque quisquam sunt at. Dignissimos est eum accusamus perspiciatis. Aut qui quidem ut qui adipisci. Eveniet eum quod impedit.','2012-04-10 09:57:46','2021-03-14 18:42:53'),(21,1,'Rerum qui quia.',704.42,'Aliquam explicabo ut perspiciatis vel quia illum. Et eum vel saepe sed tempora provident officia. Aut vitae ipsa commodi corrupti nostrum dolore tenetur voluptas.','2013-06-12 16:02:52','2021-03-14 18:42:53'),(22,1,'Voluptatem iusto.',313.64,'Voluptatem illo molestiae modi est corrupti ducimus distinctio. Ut recusandae perspiciatis reprehenderit ad. Nisi voluptatem rerum accusamus optio nulla maxime non. Unde cum ut sapiente consequatur hic.','2019-12-14 10:58:58','2021-03-14 18:42:53'),(23,1,'Sunt illum quia.',444.94,'Architecto ad eligendi fuga aliquid maxime. Ut eveniet repudiandae recusandae non vel. Et doloremque quia libero enim nesciunt. Ipsa rerum quos culpa placeat totam ipsa fugiat.','2012-06-23 09:14:51','2021-03-14 18:42:53'),(24,2,'Omnis accusantium ab.',273.76,'Debitis dolores ut et ducimus quia adipisci. Ut odio natus eum aperiam suscipit quos soluta. Velit accusantium necessitatibus temporibus autem fugit id. Vel asperiores voluptatum id minima.','2021-01-30 11:35:12','2021-03-14 18:42:53'),(25,1,'Qui sunt quos.',24.00,'Praesentium illum autem quae impedit. Eius est id laborum possimus omnis inventore. Aut in ducimus exercitationem et voluptatem optio. Ad sapiente quisquam repellendus et nobis labore id.','2012-10-13 04:25:10','2021-03-14 18:42:53'),(26,3,'Aut nemo quo.',288.69,'Laudantium eveniet accusantium dolor veritatis ut ea. Sed repellat fuga harum voluptatem ipsa qui illo ipsa. Officiis nemo molestiae et libero.','2014-02-19 03:21:41','2021-03-14 18:42:53'),(27,2,'Quia debitis consectetur.',361.47,'Ratione rerum quisquam unde deleniti quod. Possimus consequatur et est. Odio quisquam eius est et vitae. Provident vel eius deserunt et facere alias.','2020-01-03 00:31:51','2021-03-14 18:42:53'),(28,3,'Ipsum sint.',931.28,'Blanditiis consequatur aut sed repudiandae et velit voluptatibus. Dicta voluptas aliquam nesciunt nihil modi cumque similique. Maxime et vero illo vel.','2016-10-06 12:55:07','2021-03-14 18:42:53'),(29,2,'Similique nulla placeat.',562.01,'Voluptatem architecto expedita magni ut enim illum voluptatem. Harum quo quia illum dolore ipsa ut. Commodi magni asperiores quae magnam sint aut praesentium sed. Rerum et quo sunt ut porro.','2011-05-19 10:37:15','2021-03-14 18:42:53'),(30,2,'Molestiae esse.',1006.18,'In modi fuga voluptas officiis quia. Nesciunt ex error in est est magni et. Quae numquam ducimus aspernatur ullam voluptatem vitae eum. Beatae et voluptas aut quis occaecati voluptatem quod.','2018-07-26 17:24:56','2021-03-14 18:42:53'),(31,2,'Iste cumque.',334.88,'Rem dolores laboriosam dolore. Facere qui quaerat itaque ipsam eveniet quae. Dolorum saepe eveniet voluptatem voluptatem non nisi magnam.','2020-01-01 22:49:14','2021-03-14 18:42:53'),(32,2,'Consequatur quod et.',645.84,'Eveniet aliquid qui tenetur esse omnis. Similique libero at aut aspernatur et hic repellat soluta. Quis nesciunt corporis et. Recusandae quod aut nihil amet.','2018-09-08 15:00:49','2021-03-14 18:42:53'),(33,3,'Id quos.',214.59,'In vero quae provident ut omnis vel fugiat nihil. Modi nemo similique at laboriosam consectetur sint. Natus voluptatem et et omnis aliquam repudiandae.','2011-06-02 21:22:42','2021-03-14 18:42:53'),(34,2,'Voluptates quis.',125.40,'Ut sed eum culpa animi ut quo. Perspiciatis qui enim corrupti commodi dolor ex ex consequatur. Sunt tenetur odio in reprehenderit hic eum. In eaque enim repellendus voluptatem rem qui. Nihil quis voluptas beatae nihil quia voluptatem.','2014-01-14 10:03:34','2021-03-14 18:42:53'),(35,1,'Nobis fuga.',973.26,'Et dignissimos fuga esse earum. Facilis perferendis quo sunt voluptatum. Est nulla qui at pariatur ipsa officiis asperiores recusandae.','2020-02-21 11:30:58','2021-03-14 18:42:53'),(36,2,'Accusamus et.',480.09,'Quo eveniet in blanditiis sunt ratione molestiae velit hic. Aut autem qui sunt neque commodi sapiente sunt.','2011-03-24 10:10:11','2021-03-14 18:42:53'),(37,2,'Similique id quod.',470.68,'Reiciendis est quia eum inventore expedita labore doloremque in. Quod reiciendis consequatur voluptatem et voluptatum. Reiciendis temporibus eaque est sit expedita cum. Praesentium eos asperiores veritatis quisquam.','2013-06-05 02:35:48','2021-03-14 18:42:53'),(38,3,'Fugit aliquam impedit.',903.11,'Quo autem consequatur consequuntur et. Exercitationem aut pariatur in reprehenderit eum est sequi atque. Nam sunt rerum est aut delectus nesciunt.','2020-02-20 08:54:19','2021-03-14 18:42:53'),(39,2,'Exercitationem magni illum.',93.51,'Voluptatem quaerat dolorem eos tempora molestiae cupiditate. A architecto quibusdam praesentium id nihil. Nihil molestiae a alias ut.','2012-02-12 07:28:26','2021-03-14 18:42:53'),(40,2,'Sit a.',748.22,'Aut rerum eos voluptatem quas. Voluptatem veritatis sit culpa et quo accusantium. Earum illo dolorum aliquam odio doloribus incidunt vel.','2020-10-10 11:48:45','2021-03-14 18:42:53'),(41,3,'Vel quo aut.',450.59,'Est ad blanditiis necessitatibus. Est necessitatibus eligendi et eum et blanditiis. Enim temporibus minima voluptas qui. Blanditiis reiciendis omnis iusto iure iure ad totam reiciendis. Ut et eligendi nihil harum.','2020-05-13 01:08:40','2021-03-14 18:42:53'),(42,3,'Maxime quis.',998.27,'Enim tempora occaecati non eum porro voluptas. Laudantium fugit quas sint quia non. Sunt et alias eligendi sint quam eum sunt et. Id labore pariatur et architecto et tempore.','2012-02-16 13:32:59','2021-03-14 18:42:53'),(43,2,'Quia aperiam architecto.',629.60,'Dolor est perferendis in quo suscipit. Et dolores veritatis sunt molestiae.','2015-08-22 07:32:26','2021-03-14 18:42:53'),(44,2,'Maiores provident nesciunt.',143.18,'Velit saepe voluptates quos. Est accusantium rerum id non. Quos velit sequi nisi libero et.','2019-11-21 19:24:58','2021-03-14 18:42:53'),(45,1,'Voluptas id amet.',817.10,'Est aut nam amet occaecati eos. Corporis officia minima asperiores provident. Aliquid ratione natus aut et ut modi recusandae. Atque sunt cum est quis harum.','2012-08-18 17:08:05','2021-03-14 18:42:53'),(46,2,'Ratione soluta.',645.96,'Numquam qui dolor vero officia deserunt aut nisi. In laudantium ut at et nulla. Veritatis qui mollitia iure. Adipisci hic dolorem ut debitis perspiciatis excepturi.','2014-01-25 22:48:10','2021-03-14 18:42:53'),(47,3,'Sunt dolores et.',768.49,'Error dolor sit quia consequatur. Ducimus dolorem error architecto minus non et. Nihil ab optio molestiae recusandae ab magnam ipsa aut. Sit aliquam laborum soluta quam.','2016-08-03 12:56:43','2021-03-14 18:42:53'),(48,1,'Suscipit dolores.',894.58,'Eaque assumenda eius et ut reprehenderit possimus. Et facere ab placeat tempore consequatur exercitationem omnis. Ipsam sed sint provident magni laudantium vel.','2012-02-27 16:43:23','2021-03-14 18:42:53'),(49,2,'Nam voluptas quod.',157.41,'Illo quos eos necessitatibus voluptatem sed blanditiis ab. Alias recusandae praesentium voluptas blanditiis. Repudiandae voluptas voluptatem alias ea aut amet. Et tenetur in voluptas deleniti et voluptas et quidem.','2011-06-13 21:54:37','2021-03-14 18:42:53'),(50,1,'Rem repudiandae.',93.33,'Omnis mollitia corrupti inventore mollitia maiores. Repudiandae accusamus error ratione ex facilis. Et voluptatem labore sit delectus animi quod. Voluptatum sunt voluptas quaerat modi veniam quia.','2014-09-06 13:37:19','2021-03-14 18:42:53'),(51,1,'Omnis ut.',984.41,'Qui sed quaerat sunt quas. Ut omnis ex perferendis exercitationem odit laboriosam. Reiciendis nihil et rem. Quasi assumenda voluptates ipsa alias similique esse.','2019-08-22 03:28:10','2021-03-14 18:42:53'),(52,3,'At eos.',632.06,'In qui aspernatur voluptates quos. Veritatis et pariatur hic qui nisi minima. A vitae quos architecto numquam reprehenderit et temporibus. Officiis qui et voluptas impedit alias nesciunt.','2015-08-01 04:21:51','2021-03-14 18:42:53'),(53,1,'Nesciunt quo.',197.07,'Id sed et dicta placeat corrupti laborum. Impedit neque qui molestias blanditiis in aut nulla. Temporibus soluta quam reprehenderit et tenetur. Omnis cum consectetur vel sunt nihil doloremque.','2015-01-30 21:12:57','2021-03-14 18:42:53'),(54,2,'Facere incidunt.',79.17,'Illum et eos blanditiis dolore. Accusantium provident ullam nam sunt illum tenetur officia. Esse nulla et voluptatum ad modi ut. Iure aut quia perspiciatis nihil debitis consequatur.','2020-01-09 11:22:19','2021-03-14 18:42:53'),(55,1,'Est ducimus sunt.',794.63,'Id excepturi adipisci esse sit labore tenetur. Temporibus quasi repellat consequatur pariatur est mollitia excepturi. Cumque ea quo itaque ab. Pariatur facere eveniet eos qui quo.','2014-09-12 03:53:04','2021-03-14 18:42:53'),(56,2,'Ab non quibusdam.',725.66,'At nobis deserunt non adipisci ut expedita. Dicta fugiat cupiditate a qui dolor. Et sit veritatis perferendis dolorem in voluptates voluptatum. Reiciendis non et ad molestias cumque.','2014-09-07 13:19:24','2021-03-14 18:42:53'),(57,3,'Rerum voluptatem sed.',234.41,'Earum quo officia itaque quod. Est animi eos aut. Ut cumque vero et velit.','2015-05-30 15:47:14','2021-03-14 18:42:53'),(58,3,'Recusandae sequi et.',985.08,'Sit aut aut commodi ut ut facere. Accusamus hic vel iure et explicabo sed. Placeat minima odio impedit. Pariatur et ipsam quae sed. Qui error dolorem est dolor inventore expedita.','2016-03-17 17:42:58','2021-03-14 18:42:53'),(59,2,'Neque ratione.',212.18,'Quo quia sint dolorem ut architecto vel. Voluptatem explicabo et voluptates odit odit esse delectus a. Qui ratione quia consequatur officia.','2013-02-08 23:14:46','2021-03-14 18:42:53'),(60,2,'Quo amet et.',95.63,'Architecto tempore provident rem rerum corrupti impedit. Harum consequatur amet deleniti quaerat quasi commodi libero. Dignissimos et ea quia exercitationem provident ex iure error.','2013-12-15 22:28:39','2021-03-14 18:42:53'),(61,3,'Voluptatibus facilis fugit.',831.62,'Optio tempora provident perferendis dolore fugiat at. Consequatur hic ad et molestiae amet. Deleniti laboriosam ullam beatae amet officiis quod magnam.','2018-08-27 18:28:54','2021-03-14 18:42:53'),(62,1,'Animi quaerat iste.',861.22,'Excepturi ex beatae id aut qui. Velit corrupti omnis ex rerum molestias molestiae accusantium.','2017-10-04 04:45:19','2021-03-14 18:42:53'),(63,2,'Consequatur tempore.',801.22,'Aut sed voluptas rerum quam beatae. Non deserunt est asperiores praesentium. Ullam distinctio nulla explicabo quasi omnis.','2020-04-22 08:04:03','2021-03-14 18:42:53'),(64,1,'Maiores qui et.',412.44,'Optio sit earum culpa consequatur unde asperiores. Alias odit sint velit voluptatem consequuntur laudantium illum. Quisquam fuga beatae repellendus eveniet qui.','2016-05-25 23:31:43','2021-03-14 18:42:53'),(65,2,'Facere assumenda.',648.54,'Distinctio dolor omnis est quas deleniti id suscipit. Aut exercitationem harum ut voluptatum ipsa cupiditate autem. Sed ut ipsam dolor vel quos eligendi velit. Dolor repellat quo repudiandae aspernatur sint.','2016-08-15 19:22:42','2021-03-14 18:42:53'),(66,2,'Veniam error.',995.37,'Voluptatem quod cupiditate accusantium illo est est. Numquam provident nostrum in amet. Et rem velit ipsum voluptas iusto perferendis tempora. Id exercitationem non quo quia iusto.','2020-12-12 07:29:46','2021-03-14 18:42:53'),(67,1,'Aut laudantium.',21.25,'Reprehenderit eveniet optio est et. Molestiae debitis id dolorum autem omnis sed aut. Repudiandae quam aut fugiat est at autem. Id ipsa porro sequi.','2015-07-09 07:23:34','2021-03-14 18:42:53'),(68,2,'Eos ut.',110.12,'In autem eveniet vitae eum. Et commodi quia nobis qui earum possimus. Quaerat enim numquam soluta ut. Recusandae nostrum distinctio nobis.','2015-02-19 23:08:26','2021-03-14 18:42:53'),(69,1,'Rem nihil sequi.',476.85,'Consequatur voluptate id fugit perferendis consectetur fugit omnis. Ut ad sit quam natus. Id nesciunt et cupiditate qui.','2013-05-13 16:08:46','2021-03-14 18:42:53'),(70,1,'Rerum commodi.',43.91,'Laudantium et dicta quaerat voluptatem. Laboriosam cumque tenetur et omnis odio voluptatem. Mollitia ducimus ut sed consequatur placeat.','2013-04-13 23:47:09','2021-03-14 18:42:53'),(71,3,'Illum architecto.',778.99,'Facere at error nihil. Molestiae aliquam cum officiis vitae. Odio non omnis blanditiis in eveniet iste. Quis sed ducimus earum qui ut.','2017-02-17 04:05:09','2021-03-14 18:42:53'),(72,3,'Et et optio.',753.23,'Distinctio voluptatem ratione porro necessitatibus exercitationem id quae dolorum. Enim enim ab error consequuntur repellat veniam molestiae. Explicabo odit sunt vero beatae voluptatem labore qui. Eligendi hic ab eum sunt.','2018-10-19 21:51:10','2021-03-14 18:42:53'),(73,3,'Iste sit tempora.',419.16,'Quis voluptas vero aut eaque suscipit totam sunt aut. Qui cumque mollitia magni delectus. Deserunt provident itaque deserunt vel omnis.','2014-01-01 21:59:57','2021-03-14 18:42:53'),(74,2,'Accusamus quia voluptates.',826.14,'Provident et recusandae est facere. Officia repudiandae soluta ipsam provident voluptatem. Dolores quibusdam excepturi doloribus officiis dolorem.','2020-04-08 06:47:54','2021-03-14 18:42:53'),(75,2,'Itaque quidem.',863.21,'Quis et aliquam accusamus in maxime dolore voluptatem. Modi labore veritatis eveniet culpa quidem qui doloremque. Ab aut at magni voluptas labore nobis nisi harum. Sit possimus qui molestiae.','2012-01-03 01:26:33','2021-03-14 18:42:53'),(76,3,'Ratione deserunt.',827.62,'Corrupti ipsa qui iusto voluptas. Amet pariatur occaecati assumenda. Molestiae eligendi minus expedita. Ex velit repellendus culpa est sapiente ea occaecati.','2014-07-17 17:09:36','2021-03-14 18:42:53'),(77,2,'Voluptatem provident.',538.47,'Similique et sed occaecati voluptatem et. Est commodi quis modi illum quia distinctio. Et fuga dolor fuga soluta. Sit mollitia ea perspiciatis rem ut.','2011-03-16 21:18:46','2021-03-14 18:42:53'),(78,3,'Eos molestiae ipsum.',199.50,'Magnam sequi nihil aut vero et quasi. Aut odio illo et vel veniam. Ut doloribus doloribus voluptas et quod corrupti ut est. Quidem quia magni libero sunt voluptas sit aut.','2020-10-15 20:37:14','2021-03-14 18:42:53'),(79,2,'Inventore dolores odio.',372.06,'Quia repellat rerum saepe non ut quibusdam. Rerum deleniti illo laudantium et laboriosam id. Consequuntur ut dolorum rerum et omnis rem. Animi odit repudiandae et maxime consequuntur provident.','2017-02-05 23:36:38','2021-03-14 18:42:53'),(80,2,'Dignissimos beatae.',251.84,'Labore sint dolorem ut alias. Quis corrupti vitae incidunt.','2016-12-12 06:20:57','2021-03-14 18:42:53'),(81,3,'Ut commodi sunt.',132.99,'Sed officia adipisci odio et. Vitae quia aut et nobis expedita harum harum id. Deleniti id dolorum optio dolorum quo qui exercitationem. Vero accusamus eum consequatur aut optio. Ut laborum consequatur laborum quo rem qui voluptas.','2012-10-23 04:27:05','2021-03-14 18:42:53'),(82,2,'Ipsa recusandae.',899.42,'Temporibus enim voluptas qui exercitationem. Cum minus eos tenetur ut. Cumque enim sint vitae odio molestias soluta.','2020-05-18 11:11:56','2021-03-14 18:42:53'),(83,3,'Est ipsam quos.',88.14,'Saepe qui id eum nemo similique labore. Sunt error vitae deleniti in qui illum. Veniam asperiores et numquam delectus tempore vel qui. Sit laborum cumque accusantium quia.','2012-10-01 08:01:05','2021-03-14 18:42:53'),(84,1,'Reiciendis aut aut.',732.45,'Neque eos quae saepe facere nulla soluta enim ipsam. Nobis vero consequuntur praesentium architecto nesciunt doloribus. Quidem praesentium et nisi odio asperiores qui voluptas iste.','2018-08-22 14:47:11','2021-03-14 18:42:53'),(85,2,'Dolores iusto.',387.83,'Provident aliquid placeat minima laboriosam maxime porro. Nesciunt ab voluptatem iste quibusdam placeat. Aut ab expedita sed sed. Est autem rerum minus voluptatum illum quos et.','2015-01-13 21:48:03','2021-03-14 18:42:53'),(86,3,'Officiis minus sed.',731.82,'Nobis officiis optio a earum molestiae quidem. Autem assumenda distinctio est. Nihil ipsam expedita aspernatur cupiditate veritatis earum aut. Consequuntur expedita nihil ipsum occaecati quos fugiat est.','2011-05-23 13:46:18','2021-03-14 18:42:53'),(87,2,'Dolores occaecati voluptatem.',485.58,'Rerum minima non qui neque beatae nostrum est. Odio omnis deleniti mollitia facilis aspernatur accusamus id vel. Aut et mollitia magnam placeat minus unde.','2011-05-08 02:58:05','2021-03-14 18:42:53'),(88,3,'Blanditiis maxime.',222.44,'Porro aut aut et voluptas. Dolor impedit ea ipsam hic quo pariatur error. Alias quos cupiditate saepe voluptas ea sunt.','2012-02-19 07:42:29','2021-03-14 18:42:53'),(89,1,'A doloribus et.',645.48,'Cum quia aut ullam voluptas. Blanditiis quos est minus quaerat quaerat. Aut ipsa dolor harum. Beatae rem enim magni sit.','2013-03-13 04:39:31','2021-03-14 18:42:53'),(90,2,'Tempora corrupti.',550.06,'Minus rerum placeat tenetur maxime esse quae doloremque. Voluptas dicta recusandae tempore esse voluptatem. Non aut amet in.','2021-02-27 13:58:20','2021-03-14 18:42:53'),(91,3,'Quis est aut.',803.87,'Et doloremque odio ut aut placeat vel totam. Minima recusandae et itaque unde eum quia ex. Quod voluptatem consectetur doloremque perspiciatis.','2011-07-30 02:24:46','2021-03-14 18:42:53'),(92,1,'Consectetur iusto.',359.17,'Perspiciatis dolore aperiam ut. Voluptas inventore rerum est quasi et in. Porro totam et consequuntur. Facere eaque consectetur magnam sed.','2017-09-30 20:28:04','2021-03-14 18:42:53'),(93,2,'Qui molestiae consequatur.',374.26,'Enim autem rem delectus soluta beatae sit. Ipsum odio occaecati magni ullam ea non vel. Assumenda tenetur necessitatibus ea necessitatibus facere eos asperiores.','2018-10-09 05:39:08','2021-03-14 18:42:53'),(94,1,'Saepe corporis aut.',783.76,'Doloribus voluptatem qui tenetur eligendi. Et omnis voluptatem mollitia ipsum quo autem ex. Ea inventore delectus eum iusto atque. Dolorum fuga sed quibusdam omnis architecto qui cupiditate voluptatem.','2019-08-07 19:46:33','2021-03-14 18:42:53'),(95,1,'Modi magnam dolores.',786.03,'Aut aspernatur voluptas autem adipisci nesciunt quo nemo. Velit quod corporis qui incidunt vel dolor libero. Rerum molestias fuga ex iusto assumenda et sit.','2018-05-11 12:16:04','2021-03-14 18:42:53'),(96,1,'Qui molestiae.',568.86,'Atque porro repellat aperiam enim facere similique reiciendis iure. Eligendi in impedit provident eum unde consequuntur. Eaque cum et nulla molestiae qui qui.','2016-05-21 11:47:44','2021-03-14 18:42:53'),(97,3,'Suscipit nulla.',476.21,'Esse architecto qui tempore fugiat. Dolores omnis assumenda consequuntur et voluptas. Nobis ipsa tempore aut ipsa rerum. Vel nobis qui rerum nostrum.','2013-03-29 02:49:25','2021-03-14 18:42:53'),(98,1,'Velit praesentium est.',664.46,'Optio quis est qui ut et neque enim. Neque voluptas ad et. Rem officiis dolores et aut nihil neque. Non pariatur aperiam tempore facere ut non. Explicabo aliquam numquam et.','2012-12-16 23:13:57','2021-03-14 18:42:53'),(99,1,'Iusto fugit odit.',883.68,'Quae cupiditate sit magni magnam eum repellat sed. In explicabo maxime blanditiis quos similique. At eum eos numquam. Odio sed itaque non.','2011-06-03 06:37:45','2021-03-14 18:42:53'),(100,1,'Odit totam.',415.04,'Est et at autem. Aperiam officiis quo et. Earum velit quia ea debitis quia occaecati sunt. Optio nisi laboriosam omnis fugit.','2015-10-23 04:28:33','2021-03-14 18:42:53'),(101,3,'Magni ut.',414.14,'Perspiciatis ut quia amet. Modi et voluptate quo beatae. Non nemo laborum veniam ex placeat. Est repellendus tenetur fugiat quisquam accusamus quam et.','2011-04-18 06:45:21','2021-03-14 18:42:53'),(102,3,'Neque voluptatem.',815.59,'Ut omnis placeat recusandae molestiae enim architecto exercitationem repellat. Exercitationem corrupti eveniet eius est magni. Minima nam ut exercitationem mollitia.','2020-02-25 09:01:49','2021-03-14 18:42:53'),(103,1,'Consequatur soluta.',825.54,'Iure consequatur rerum voluptatum eos voluptas amet dolorum. Ab doloribus sunt unde eos aut qui consequatur. Et occaecati quia recusandae vero ipsa fuga. Neque magni nobis in ut.','2017-11-08 18:06:06','2021-03-14 18:42:53'),(104,1,'Itaque deleniti aut.',670.91,'Dolores similique dicta voluptatem recusandae et voluptas. Vel deserunt ex quod architecto id. Eos est laudantium quis neque accusamus voluptas. Odit atque magni blanditiis tempore. Nesciunt ullam est qui dolor consequatur magnam rem.','2015-11-25 11:28:05','2021-03-14 18:42:53'),(105,1,'Odit officia aperiam.',867.93,'Sit sit dolor ipsum voluptas rerum. Exercitationem harum non magni autem ut ullam nisi. Quibusdam qui consectetur eius eos provident quasi minus.','2019-04-04 00:17:15','2021-03-14 18:42:53'),(106,1,'Et ex.',316.93,'Eaque fugit beatae harum mollitia nostrum. Corporis est possimus aut. Non laudantium laboriosam voluptates cum labore consequatur.','2016-08-02 23:31:00','2021-03-14 18:42:53'),(107,1,'Et nostrum.',970.85,'Amet sed consequuntur voluptatem consequatur id quia eos. Voluptatem vero quia voluptas sit. Et porro et voluptatum pariatur autem sit.','2020-05-05 20:20:25','2021-03-14 18:42:53'),(108,1,'Dolorum ut.',893.47,'Est aperiam soluta sunt excepturi voluptas natus ea. Et ut ut doloremque qui est. Provident assumenda quos aut et.','2016-04-14 05:58:45','2021-03-14 18:42:53'),(109,1,'Modi dolor blanditiis.',544.80,'Dolorem quidem tenetur impedit sed. Ipsum quos dolorem voluptatem aut omnis illum ducimus dolore. Asperiores aperiam et excepturi illum in consequatur iusto a.','2017-05-30 06:11:06','2021-03-14 18:42:53'),(110,3,'Hic autem dolores.',33.57,'Dolorum esse accusamus iste. Enim veniam autem reiciendis. Sint cumque exercitationem qui. Enim alias quia quod dolore est.','2016-05-15 22:43:02','2021-03-14 18:42:53'),(111,3,'Rerum quia est.',523.48,'In ad blanditiis inventore nihil dolor voluptatibus id. At molestiae suscipit sit quia. Aliquam quidem rerum ipsam nihil.','2018-11-25 16:49:48','2021-03-14 18:42:53'),(112,3,'Minima quia a.',506.66,'Doloribus officia modi blanditiis et. Distinctio rerum deleniti nihil voluptas.','2017-01-08 12:46:28','2021-03-14 18:42:53'),(113,1,'Pariatur explicabo iure.',952.87,'Neque adipisci accusamus quia aperiam. Omnis vitae vel nulla nihil. Nam atque ut aut vitae.','2018-02-28 10:35:04','2021-03-14 18:42:53'),(114,3,'Doloremque eos sint.',234.36,'Unde qui dolor natus consequuntur porro unde. Sit possimus quam officia quaerat reprehenderit optio. Dolores qui qui odit accusamus veniam sit.','2012-11-04 22:51:35','2021-03-14 18:42:53'),(115,2,'Sed corrupti.',303.19,'Eum laborum earum impedit et voluptas. Nostrum quae maiores ducimus voluptatem dolorem aut. Velit voluptas minus in.','2018-10-04 04:45:08','2021-03-14 18:42:53'),(116,2,'Tenetur expedita.',802.89,'Esse vero consequatur dolorum et laborum. Rerum recusandae sed consequatur sapiente maiores. Consequatur totam modi sed voluptatibus odit non. Quis quis aut cum qui.','2018-06-28 21:37:26','2021-03-14 18:42:53'),(117,3,'Eos iste quo.',94.89,'Dolore quis natus repellendus quo. Porro fugiat quis labore eos labore esse. At et tempora sed laborum dolore. Perferendis et autem enim distinctio corporis quae. Eveniet voluptates perspiciatis porro occaecati inventore.','2019-11-18 02:25:16','2021-03-14 18:42:53'),(118,1,'Et sit.',55.75,'Consequatur dolorum velit ullam eum est. Repudiandae adipisci consectetur ut et vel. Quia aut est illum nisi illo ipsam.','2018-01-01 17:23:59','2021-03-14 18:42:53'),(119,2,'Temporibus dolorem adipisci.',984.08,'Iure expedita ut sequi blanditiis. Commodi harum possimus nulla omnis. Similique temporibus et voluptatem sit consequatur perferendis impedit vitae. Temporibus totam magnam voluptatem voluptates tenetur et.','2013-02-14 15:18:54','2021-03-14 18:42:53'),(120,3,'Et aut.',743.14,'Et eum sequi iusto nobis. Exercitationem perspiciatis accusamus aperiam nihil dolor rerum. Necessitatibus nesciunt et exercitationem tempore quo facere est.','2020-04-10 00:19:10','2021-03-14 18:42:53'),(121,2,'Consequuntur in hic.',753.49,'Voluptas harum nihil rerum et. Pariatur rerum quaerat molestiae et quo consectetur. Veniam deleniti quis quis ullam voluptates doloremque nesciunt.','2011-05-16 00:10:31','2021-03-14 18:42:53'),(122,2,'Veritatis excepturi.',528.03,'Aut et asperiores exercitationem vitae. Et ex debitis temporibus libero. Tenetur quis quod veritatis asperiores est. Ratione asperiores sit fuga.','2019-10-14 04:41:02','2021-03-14 18:42:53'),(123,1,'Cupiditate tenetur.',369.68,'Id nulla quisquam cumque. Reiciendis architecto laudantium blanditiis porro et. Odio quia quidem dolore ducimus saepe. Non nostrum qui accusantium molestias et. Iure porro labore velit accusantium laudantium debitis cum repellat.','2012-03-10 03:32:59','2021-03-14 18:42:53'),(124,3,'Veritatis sed quaerat.',254.31,'Consequatur tempore debitis aliquam nam voluptatum. Et odit impedit eveniet adipisci tenetur ut voluptatum ut. Sint maiores et esse est laudantium laudantium perferendis.','2014-09-13 21:02:29','2021-03-14 18:42:53'),(125,2,'Ut iusto.',152.52,'Quis distinctio voluptates deleniti sit dicta sint. Voluptatem quis alias enim consequatur quos voluptatem.','2015-12-17 08:31:25','2021-03-14 18:42:53'),(126,1,'Eum quos dolores.',989.64,'Nulla a sunt quia cum deserunt. Vel est non blanditiis non explicabo est sint. Quisquam sed voluptatem possimus vero occaecati.','2020-04-02 02:50:01','2021-03-14 18:42:53'),(127,1,'Accusamus ab necessitatibus.',480.66,'Eveniet harum maiores aliquid. Cupiditate hic autem voluptatem consequuntur fugit. Voluptas quidem est delectus quia recusandae. Libero non et et et at sunt quo quibusdam. Quia officiis doloremque dolorum.','2011-03-15 14:50:24','2021-03-14 18:42:53'),(128,1,'Rerum cupiditate est.',424.37,'Natus aliquam dicta voluptatem placeat dicta sit laudantium. Dolores non occaecati eos quis assumenda alias soluta ab. Beatae error quos quis ut quas sed vel.','2021-01-17 23:44:31','2021-03-14 18:42:53'),(129,2,'Id voluptas voluptatem.',669.88,'Recusandae quia animi excepturi porro. Assumenda rerum consectetur sint quisquam corrupti. Sed consectetur ipsa tempore numquam eum aut.','2018-02-04 18:51:53','2021-03-14 18:42:53'),(130,3,'Corporis assumenda qui.',66.28,'Eius et quis eligendi in. Culpa impedit magnam voluptatibus quasi. Ut maiores sint dolor est id qui est.','2015-12-07 21:12:16','2021-03-14 18:42:53'),(131,3,'Dolores aspernatur.',311.77,'Id accusantium illum fugit reprehenderit sint a totam sint. Aspernatur optio vel eos esse odit omnis minima velit.','2014-10-17 06:43:32','2021-03-14 18:42:53'),(132,2,'Qui ex.',350.00,'Aut voluptas consequatur est qui. Consequatur quos id soluta at quibusdam. Dolor et eum consequuntur corrupti.','2011-12-27 22:54:00','2021-03-14 18:42:53'),(133,1,'Dolor laudantium.',804.71,'Ut molestias similique aliquid accusantium eum. Et perspiciatis aperiam sit qui perspiciatis exercitationem. Nostrum expedita officiis quia enim est.','2014-06-20 18:50:11','2021-03-14 18:42:53'),(134,3,'Qui amet doloremque.',963.55,'Tenetur repudiandae ut ut similique. Animi quia ipsa error est perspiciatis. In occaecati necessitatibus aliquam iure ut voluptas incidunt. Et aliquid explicabo fuga sequi.','2019-11-07 05:19:24','2021-03-14 18:42:53'),(135,1,'Sapiente eum.',393.62,'Inventore voluptatibus quidem dicta nulla voluptatem expedita molestiae. Ut laudantium est dolore sed aut qui. Qui impedit quis et odio.','2014-04-19 15:33:46','2021-03-14 18:42:53'),(136,2,'Dolorum sit doloremque.',67.43,'Mollitia neque ut exercitationem omnis unde odio eveniet. Voluptate id sunt ut ut vel neque reiciendis. Dolore earum quas et harum unde consectetur. Magnam aut earum et veritatis earum perspiciatis voluptatem.','2018-06-02 23:24:53','2021-03-14 18:42:53'),(137,1,'Vel commodi.',146.28,'Doloribus nulla repellat quas a. Tenetur velit molestias est autem minus. Nulla aperiam occaecati adipisci quis velit ea quis.','2011-05-31 21:53:41','2021-03-14 18:42:53'),(138,1,'Molestiae et beatae.',519.14,'Aut dicta ad expedita. Est ad sequi vel unde et. Perspiciatis ducimus possimus libero soluta quas minus rerum.','2017-04-27 14:48:30','2021-03-14 18:42:53'),(139,2,'Ipsam unde blanditiis.',146.85,'Eos officiis maiores fugiat aut. Aut qui qui quia quis. Enim molestiae ut et sapiente debitis. Nisi saepe in placeat saepe qui ut ut.','2017-09-04 17:40:38','2021-03-14 18:42:53'),(140,1,'Velit reprehenderit vel.',166.81,'Corrupti minus explicabo dolorem qui quia. Quibusdam nemo itaque ullam ipsam ipsam quisquam unde quo. In magnam nulla consequatur qui at.','2012-10-15 00:08:37','2021-03-14 18:42:53'),(141,3,'Molestiae laudantium.',383.53,'Culpa ab molestias in et minus quod. Est sit accusamus rerum dolor. Beatae consequatur doloribus et et harum quia qui inventore.','2017-12-14 17:52:08','2021-03-14 18:42:53'),(142,2,'Quia ut.',407.23,'Aut et et enim aliquam voluptas voluptas necessitatibus. Consequuntur nihil molestias aut esse repellat est. Culpa delectus et magni doloribus enim.','2020-06-24 14:37:12','2021-03-14 18:42:53'),(143,2,'Eius ex non.',875.54,'Mollitia neque vero asperiores fugiat ipsa sed et. Vel ipsam eum quia quo. At ea iste itaque qui non cum ut.','2011-11-03 09:31:23','2021-03-14 18:42:53'),(144,2,'Adipisci quis.',146.01,'Voluptatum ut consequuntur consequatur. Voluptas magnam nihil nulla veniam voluptas rerum perspiciatis. Eligendi quas eaque et cum.','2012-11-24 14:04:54','2021-03-14 18:42:53'),(145,3,'Placeat aliquid provident.',93.41,'Unde minus eius ut voluptatem. Atque quia laboriosam aut ullam eos assumenda pariatur.','2019-08-05 09:15:36','2021-03-14 18:42:53'),(146,1,'Blanditiis in.',19.04,'Quam occaecati soluta voluptatum quis optio vero harum quasi. Aliquid dicta facilis est officia. Molestias magnam sit dolor id sunt. Eos et suscipit maxime non nesciunt hic.','2016-07-06 16:38:32','2021-03-14 18:42:53'),(147,3,'Sequi temporibus molestiae.',804.98,'Fugiat veniam reprehenderit qui labore. Ut quod adipisci ea consequuntur dolorum est tempore. Natus expedita eaque error veritatis quod nemo.','2018-09-21 20:40:51','2021-03-14 18:42:53'),(148,1,'Maxime ea dolores.',957.79,'Occaecati eos natus atque esse aut tenetur. Tempora consequuntur fuga eaque facere illum nobis. Excepturi enim similique natus molestias minima omnis nesciunt. Sit ut aut vel dolorem est.','2019-07-31 08:00:58','2021-03-14 18:42:53'),(149,1,'Consequatur temporibus est.',364.00,'Praesentium qui voluptatibus perspiciatis voluptatem expedita neque. Iusto quis incidunt iure quo numquam omnis. Dolore voluptates non explicabo iure et culpa. Magni perferendis doloribus velit aut cumque repudiandae quod.','2020-12-05 23:32:42','2021-03-14 18:42:53'),(150,2,'Corporis eveniet.',936.64,'Id modi repudiandae illum. Architecto vero laudantium aut eaque adipisci ad nihil. Sit corporis corrupti aut magni quaerat nam quia eum. Facere eligendi ut magnam.','2016-04-04 08:57:14','2021-03-14 18:42:53'),(151,2,'Voluptatem ipsum fugiat.',581.18,'Consectetur culpa voluptas est consectetur est et. Culpa ipsam provident minus. Id a odit dolore mollitia eos ipsum nulla.','2011-05-18 12:41:01','2021-03-14 18:42:53'),(152,1,'Accusamus sed aut.',86.00,'Est architecto provident cumque. Sit quo ut repellendus totam aut laborum nisi recusandae. Qui cum corrupti ipsam aut architecto.','2012-09-23 03:42:56','2021-03-14 18:42:53'),(153,2,'Est aut id.',676.45,'Eum commodi dolorum ducimus dolore. Facere explicabo autem iure rerum unde necessitatibus corporis quia. Architecto omnis maiores nihil sed. Omnis molestias qui suscipit molestias impedit non quia.','2017-08-30 14:59:52','2021-03-14 18:42:53'),(154,3,'Est officiis.',114.24,'Sit quae nisi vel debitis esse accusantium. Vitae eum eligendi excepturi impedit quis quis. Ut labore fuga nulla. Voluptatum natus labore repudiandae.','2017-03-17 18:05:23','2021-03-14 18:42:53'),(155,2,'Non harum.',531.86,'Cumque non enim sequi omnis non. Autem dicta maxime voluptatem neque adipisci. Explicabo perspiciatis eum rem non corrupti alias saepe.','2018-07-11 07:58:18','2021-03-14 18:42:53'),(156,1,'Nobis rerum commodi.',306.60,'Autem dignissimos aut beatae. Sit accusantium laborum aut et tempora similique. Aut architecto vitae quo quibusdam. Doloribus accusamus et voluptatem repellat necessitatibus impedit aut.','2014-07-04 07:44:02','2021-03-14 18:42:53'),(157,3,'Iure sit.',927.40,'Sapiente incidunt fugit ab sint rerum ab. Laboriosam cupiditate commodi aut omnis reprehenderit. Iste id ad omnis aut quasi. Voluptatum omnis saepe accusamus omnis iusto et.','2020-01-31 19:16:52','2021-03-14 18:42:53'),(158,1,'Quis quis rerum.',707.20,'Unde exercitationem temporibus molestiae voluptate. Sunt aut eveniet architecto esse ut eveniet laborum. Ut et doloremque repellat voluptatem et dolores. Non accusantium at adipisci harum quis.','2014-07-02 11:39:21','2021-03-14 18:42:53'),(159,3,'Quam id.',743.81,'Quisquam quis voluptates quibusdam consequuntur nihil. Et qui sed tenetur voluptate quia. Quis quibusdam qui cupiditate dolorem. Excepturi architecto deleniti porro non et earum. Quia vel facere eum ipsum odit doloremque commodi.','2017-08-07 14:24:55','2021-03-14 18:42:53'),(160,2,'Architecto quasi est.',587.43,'Quia eveniet rem odit incidunt ut. Molestias quasi ut facere deleniti numquam et. Molestiae sequi voluptas quae molestiae.','2019-02-16 21:05:39','2021-03-14 18:42:53'),(161,1,'Commodi error autem.',695.74,'Dignissimos fugit qui sequi. Dolorem veritatis voluptatem qui occaecati facilis magnam. Repudiandae odit nostrum tempore illum ipsum a. Voluptate et quas velit ut id dignissimos exercitationem.','2017-09-22 02:52:04','2021-03-14 18:42:53'),(162,3,'Voluptas vel.',706.40,'Pariatur deserunt cum alias dolorum. Quas eligendi rem temporibus repudiandae. Enim officia mollitia porro unde rerum iusto. Impedit natus et unde modi incidunt odit fugit.','2018-02-27 18:56:17','2021-03-14 18:42:53'),(163,3,'Possimus molestiae quisquam.',434.80,'Neque expedita qui similique vel ipsum ullam. Est omnis quos repudiandae quae voluptatibus enim. Non fuga amet voluptatum nihil et. Soluta ipsum sed rerum laboriosam et repudiandae quisquam porro. Quis qui necessitatibus quia ducimus sed.','2014-09-27 18:34:34','2021-03-14 18:42:53'),(164,2,'Et laudantium vel.',44.79,'Et eum similique sed aut inventore eius nobis. Consequatur laborum sed vel ipsa fugit enim eligendi. Eius nostrum ut voluptatem ipsa sed nisi aut. Cum enim corporis reprehenderit odit.','2016-07-02 17:50:23','2021-03-14 18:42:53'),(165,1,'Ipsam porro.',909.55,'Adipisci explicabo itaque sint molestiae deleniti voluptatem sint. Harum sit exercitationem consectetur est optio illum quasi. Reiciendis quibusdam rerum et natus suscipit ex. Fugiat in quam alias optio ratione.','2019-09-10 00:57:38','2021-03-14 18:42:53'),(166,3,'Autem deserunt.',403.38,'Nihil officiis omnis est veniam ut alias repellat. Aspernatur ea quis dicta atque accusamus. Provident maxime molestiae delectus et vitae qui. Quod alias voluptatem eos delectus at vel.','2020-08-09 01:04:07','2021-03-14 18:42:53'),(167,2,'Nostrum est.',278.25,'Saepe qui est debitis voluptatibus architecto deserunt. Id magni distinctio nihil.','2011-04-29 22:30:42','2021-03-14 18:42:53'),(168,2,'Aut eius amet.',171.13,'Est eos sit similique aut beatae facilis. Rem tenetur culpa vel delectus occaecati. Praesentium voluptas architecto excepturi voluptatibus doloremque optio nisi velit.','2018-12-06 09:32:52','2021-03-14 18:42:53'),(169,3,'Et doloribus.',10.88,'Impedit sed laudantium laboriosam sit rem deserunt voluptatem praesentium. Non error consequuntur voluptate dicta eum voluptatibus. Ullam sit unde expedita et. Qui dolor hic eaque molestiae unde.','2019-11-26 02:11:45','2021-03-14 18:42:53'),(170,1,'Eaque non est.',531.03,'Omnis deleniti omnis reiciendis culpa sequi aut praesentium. In excepturi expedita odio. Velit dolores ea harum cum. Est aliquid vel debitis sequi soluta. Aliquam deleniti reprehenderit velit aut sint deserunt dolor rem.','2020-06-12 08:11:40','2021-03-14 18:42:53'),(171,1,'A consectetur.',612.49,'Qui vel occaecati esse aliquid facilis fuga et. Asperiores quia omnis illum sapiente dolorem sit minus. Nobis autem aut exercitationem nihil. Non sapiente libero beatae necessitatibus repudiandae et.','2018-03-30 11:09:17','2021-03-14 18:42:53'),(172,2,'Sed voluptatibus.',459.37,'Tempora earum minima ex voluptas ab quia recusandae. Beatae nihil at voluptatibus sed recusandae quisquam magni accusantium. Sed earum velit nisi laborum omnis iure temporibus.','2018-04-12 11:02:40','2021-03-14 18:42:53'),(173,3,'Expedita dolorem ut.',449.38,'Quis voluptatem minima nisi voluptatem aspernatur quidem. Molestiae nemo hic qui doloribus sit doloremque. Ducimus non nisi aspernatur aut aut. Est earum et eos quos.','2019-06-18 01:35:03','2021-03-14 18:42:53'),(174,3,'Harum nam.',858.78,'Veritatis aut cumque facere sed ut porro nihil ut. Similique praesentium at sapiente magni quas. Debitis sit eius velit quis.','2011-07-10 16:45:18','2021-03-14 18:42:53'),(175,3,'Ipsam earum voluptates.',935.77,'Inventore quis et quia voluptatibus totam possimus molestias. Nisi non voluptas pariatur itaque debitis nesciunt. Doloribus labore itaque est deleniti.','2018-08-25 17:21:24','2021-03-14 18:42:53'),(176,2,'Recusandae molestiae.',92.51,'Consectetur praesentium veritatis et aut non deleniti. Ad odio error quasi harum labore.','2012-02-19 04:29:54','2021-03-14 18:42:53'),(177,2,'Illum omnis eveniet.',645.23,'Inventore eum magni sed quia ea praesentium. Exercitationem rerum natus velit asperiores non et. Id et soluta aut sapiente recusandae accusantium sit.','2012-04-10 04:26:27','2021-03-14 18:42:53'),(178,3,'Id quibusdam.',938.63,'Commodi dolorem reprehenderit quia. Eum deleniti labore aspernatur laudantium sequi doloremque. Porro modi commodi velit quisquam voluptas excepturi.','2014-01-07 01:48:17','2021-03-14 18:42:53'),(179,2,'Perferendis quae omnis.',747.45,'Accusantium blanditiis et deleniti et vel tempora mollitia. Temporibus delectus dignissimos non nihil. Dolorum vel ea eum ut. Expedita sint qui impedit.','2016-02-02 09:52:47','2021-03-14 18:42:53'),(180,3,'In rem dolorem.',911.38,'Quae accusamus natus sit repudiandae vel sunt. Sit temporibus rerum earum quia rem aut. Ut voluptate ea aperiam dolore ut et. Ut dicta est placeat est nisi magnam nemo ratione.','2016-12-23 02:52:27','2021-03-14 18:42:53'),(181,2,'Provident excepturi.',304.54,'Et occaecati id laborum. Ut officiis nam voluptatum autem ut ducimus. Quos deleniti error aut accusantium. Non molestias ut odit qui earum earum sunt iure.','2013-08-28 06:26:10','2021-03-14 18:42:53'),(182,2,'Suscipit porro laborum.',778.55,'Omnis in incidunt quidem ipsum. Odit dolorum excepturi ipsam necessitatibus autem ipsam. Quis voluptatem in nam veritatis sint in nam ducimus. Ut aliquam quia optio repellendus facilis sint.','2011-05-28 00:03:20','2021-03-14 18:42:53'),(183,2,'Et voluptatem itaque.',969.13,'Molestiae saepe explicabo nostrum quidem. Quia inventore aliquid et ut corrupti similique. Non corrupti magni ducimus eos aut. Dignissimos cumque nihil atque quisquam dolorum.','2012-10-25 12:52:27','2021-03-14 18:42:53'),(184,3,'Eligendi atque.',500.02,'Quos magni iusto labore eos. Molestiae magni illum quidem nesciunt corporis cupiditate fuga. Ullam corporis excepturi minima pariatur. Doloribus unde dolores pariatur autem enim quod enim cupiditate.','2016-07-20 18:36:53','2021-03-14 18:42:53'),(185,3,'Dolorum asperiores.',582.71,'Quo maxime quas ad omnis quo exercitationem molestiae aut. Perspiciatis et dignissimos eligendi placeat et ratione. Hic dolor sit sit voluptatum iure. Non laudantium et quia aliquid voluptatem atque consequatur repellendus. Qui sunt cumque sunt et id quia.','2015-04-23 11:52:43','2021-03-14 18:42:53'),(186,2,'Sint a et.',403.50,'Rerum fugiat non placeat et. Occaecati corporis harum et enim nam.','2016-05-12 03:10:12','2021-03-14 18:42:53'),(187,1,'Et qui.',259.37,'Amet voluptatem et alias animi provident consequatur explicabo. Aut odio rem ipsa similique ducimus quaerat dignissimos. Error qui architecto et culpa voluptatem consequatur. Voluptatibus et illum quaerat.','2016-01-07 00:24:07','2021-03-14 18:42:53'),(188,3,'Ipsa nam animi.',76.35,'Fuga deserunt possimus est dicta. Ut aut et voluptatem. Asperiores est dolore eos eligendi nihil.','2019-11-06 13:20:11','2021-03-14 18:42:53'),(189,1,'Dolor quo quam.',593.63,'Doloribus non sit inventore ipsam molestiae. Aliquid iusto inventore assumenda neque. Accusantium velit aut enim autem possimus consequatur rerum. Quam laboriosam similique vitae reiciendis veritatis iste.','2018-12-01 00:58:01','2021-03-14 18:42:53'),(190,2,'Perferendis molestiae.',729.12,'Reprehenderit aut dolores pariatur cumque sint. Quia placeat enim aut nam voluptatibus eos in et. Possimus natus quod et laudantium ut et.','2013-02-04 18:00:29','2021-03-14 18:42:53'),(191,1,'Tempora consequatur sed.',854.70,'Nisi molestiae ut officia consequuntur nostrum voluptatem neque. Facilis molestiae explicabo occaecati voluptas in qui omnis. Facilis expedita est nulla eligendi veritatis.','2012-01-03 13:29:09','2021-03-14 18:42:53'),(192,1,'Qui dolores.',76.12,'Et eligendi enim et rerum. Praesentium et animi laudantium sed et molestias esse. Aut assumenda ducimus temporibus cumque doloremque illum.','2014-11-15 08:31:22','2021-03-14 18:42:53'),(193,3,'Quia dignissimos dolorem.',806.50,'Suscipit ea est voluptas voluptates. Voluptate ut qui in est dolor similique. Accusamus sequi beatae impedit.','2013-07-20 10:45:37','2021-03-14 18:42:53'),(194,1,'Praesentium aliquam.',794.17,'Consectetur nobis voluptate minima molestiae. Soluta quos odio deserunt laboriosam doloribus ut aut accusamus.','2019-01-13 08:57:23','2021-03-14 18:42:53'),(195,1,'Adipisci autem aut.',541.33,'Quo tempora et dolore sunt. Sunt aut est quos sint doloribus et. Earum numquam quia hic et quasi dolor.','2018-10-29 16:37:22','2021-03-14 18:42:53'),(196,3,'Ex maxime molestiae.',314.15,'Nostrum minus ratione porro autem magni. Quia libero alias enim iste. Perspiciatis asperiores autem minus fuga provident sed mollitia fugiat. Qui tenetur eveniet perferendis corrupti aut.','2014-05-27 15:23:11','2021-03-14 18:42:53'),(197,2,'Et animi.',936.74,'Et inventore magni omnis expedita ea. Velit voluptas qui cumque incidunt quam voluptas eaque ratione. Ipsam et enim dolor. Voluptas et ad et dolores voluptatum consequatur et.','2021-03-11 08:11:32','2021-03-14 18:42:53'),(198,1,'Omnis in beatae.',731.24,'Excepturi cum ea ratione voluptate ad sed. Reprehenderit explicabo molestiae laboriosam consequatur delectus. Magnam asperiores magni neque vero asperiores recusandae tempora.','2021-02-17 03:22:44','2021-03-14 18:42:53'),(199,1,'Sit est.',836.00,'Illum eum quis sed veniam et. Aut voluptatem et et est voluptas corporis. Quas ea rerum atque fuga cumque dicta. Ut id itaque in consequuntur doloremque beatae id.','2017-12-24 06:20:19','2021-03-14 18:42:53'),(200,1,'Velit qui nam.',976.29,'Quis velit ipsam id hic consequatur blanditiis. Consequatur expedita officiis ut voluptatem nostrum quo. Est dolores aut molestiae nesciunt et.','2016-05-21 07:15:43','2021-03-14 18:42:53'),(201,1,'Laboriosam sit.',363.43,'Commodi sint sapiente ea ipsam quis. Eveniet eum id et expedita eius reiciendis. At voluptates quia est sit assumenda praesentium.','2013-11-27 12:26:04','2021-03-14 18:42:53'),(202,1,'Voluptatibus adipisci.',878.27,'Assumenda delectus et enim voluptate. Neque praesentium et modi officia consequuntur sit. Ad atque et ut.','2020-10-31 18:54:36','2021-03-14 18:42:53'),(203,2,'Consequatur non et.',291.09,'Distinctio expedita unde qui alias. Tenetur illum numquam magnam voluptatem sint quisquam et. Quo non explicabo omnis perferendis quis nihil porro. Eveniet molestias ut dolores deleniti sint laudantium deleniti.','2013-07-27 08:08:34','2021-03-14 18:42:53'),(204,2,'Unde eos.',810.62,'Labore voluptatem omnis repudiandae ad voluptas. Non qui quia odit facilis modi blanditiis laudantium. Commodi placeat delectus reiciendis quidem beatae. Doloribus alias temporibus quis nihil velit odio.','2018-09-15 17:15:26','2021-03-14 18:42:53'),(205,1,'Aut nihil cum.',169.85,'Eos recusandae nisi temporibus labore iusto nisi. Sed est sapiente vitae quidem dolorem non facilis. Sit ut modi nesciunt dolore dolorem commodi. Debitis quod rerum saepe facilis magnam voluptatem porro. Suscipit eius unde in quae consequuntur.','2021-01-16 20:51:29','2021-03-14 18:42:53'),(206,1,'Libero et.',407.37,'Laudantium et assumenda illo rerum beatae rerum. Voluptatibus vel qui voluptate velit accusamus quaerat consequuntur. Occaecati pariatur sed magnam placeat fugiat. Est error cum ex accusamus cumque et fugit. Aperiam nulla occaecati et nam sit deserunt.','2014-05-20 00:58:29','2021-03-14 18:42:53'),(207,3,'Quisquam est.',517.33,'Perferendis ducimus quis sunt itaque voluptatem deleniti sed. Inventore natus ducimus corporis. Debitis harum cumque iure eaque autem repellendus placeat.','2019-05-25 07:52:06','2021-03-14 18:42:53'),(208,1,'Qui veniam sed.',354.50,'Inventore voluptas atque dolorem voluptatem. Tenetur enim ut et. Deleniti consequatur officiis voluptatibus sequi. Repellat possimus consectetur voluptatem nostrum sit.','2013-02-01 23:52:53','2021-03-14 18:42:53'),(209,3,'Animi consequatur cupiditate.',210.55,'Dolorem omnis sunt et distinctio. Sapiente possimus blanditiis enim aliquid et id. Exercitationem occaecati recusandae et numquam dignissimos.','2020-01-01 18:40:20','2021-03-14 18:42:53'),(210,3,'Veniam saepe voluptatem.',979.22,'Ex fugit assumenda perferendis aspernatur velit commodi et eos. Qui voluptas consequatur placeat in aut. Ut facere fugit non assumenda. Ut neque quas distinctio.','2013-09-15 17:07:01','2021-03-14 18:42:53'),(211,1,'Consectetur et quaerat.',254.46,'Itaque quo qui repellat exercitationem natus. Ad totam sunt alias ipsum sit consectetur. Aspernatur pariatur consectetur vel adipisci. Sit magni praesentium a provident.','2018-10-16 06:50:36','2021-03-14 18:42:53'),(212,2,'Quas ipsam.',324.65,'Quis ipsam error voluptatibus autem. Qui id repellendus quo animi fugiat. Sunt repudiandae minima et id veritatis quia. Distinctio ut dolor sit quo non et.','2017-12-22 23:35:21','2021-03-14 18:42:53'),(213,3,'Id nemo.',849.88,'Tenetur et sint provident consequatur. Dicta suscipit ea ab. Et tenetur eveniet quo debitis dolorum.','2019-06-25 01:39:44','2021-03-14 18:42:53'),(214,1,'Voluptatibus sit aut.',265.43,'Omnis aperiam facilis dolore ea sequi aut incidunt. Quibusdam in in sapiente sint sit molestiae natus dolor.','2020-02-29 02:29:09','2021-03-14 18:42:53'),(215,2,'Est ad.',767.52,'Nemo harum enim dolore quia ducimus non. Deleniti consequuntur qui quasi deserunt. Vel minima cumque sunt architecto explicabo.','2019-12-07 11:57:47','2021-03-14 18:42:53'),(216,2,'Necessitatibus aspernatur id.',31.29,'Dolores odit atque unde aliquam sed. Eligendi dignissimos eaque ea cupiditate quaerat unde et. Hic eum sequi sint alias corrupti ullam neque cum. Explicabo aut sed veniam dolore quo.','2020-07-22 15:40:11','2021-03-14 18:42:53'),(217,2,'Repellendus blanditiis aliquid.',843.92,'Quia tenetur est nesciunt dolores eius quis. Reiciendis expedita eos laborum natus ratione nobis neque voluptas. Dolore deserunt dolore ut libero est accusamus. Voluptatibus iusto iste enim et sit quo.','2013-06-22 03:31:27','2021-03-14 18:42:53'),(218,1,'Deserunt odit.',115.71,'Ut nulla ducimus porro hic assumenda aut. Autem ea sed eaque voluptatem. Quasi praesentium rerum aperiam animi eveniet eum sunt sint. Laboriosam expedita nobis voluptas cupiditate vel ex assumenda est.','2011-06-15 17:30:06','2021-03-14 18:42:53'),(219,3,'Sunt corporis nesciunt.',36.79,'Veritatis soluta quis veniam dolores labore ut beatae. Quia totam vero similique aut quis. Eum debitis eveniet qui rerum non. Dolores et magni perferendis minus velit aut voluptatum sed.','2012-11-25 03:58:39','2021-03-14 18:42:53'),(220,2,'Deleniti qui excepturi.',826.81,'Vel explicabo consequatur unde. Impedit dolor placeat culpa commodi accusantium est. Velit exercitationem tempore corrupti dolor. Ad at vitae quibusdam aspernatur veniam. Tempora molestiae corporis iste incidunt et similique.','2016-02-01 01:29:13','2021-03-14 18:42:53'),(221,1,'Eaque dolore.',13.69,'Voluptatem esse aut vero dolores qui. Nesciunt nulla in praesentium qui. Aut in ut fuga vero. Ipsum quis sint quis ab natus.','2016-04-23 01:54:45','2021-03-14 18:42:53'),(222,1,'Rerum dolore quidem.',578.03,'Perspiciatis facilis sint repudiandae in omnis. Non deserunt aliquid est corporis aut. Tempora odio aut voluptate omnis ut sunt temporibus iure. Sint sed atque officia laudantium facere.','2020-08-06 09:48:04','2021-03-14 18:42:53'),(223,2,'Blanditiis ut.',839.08,'Dignissimos molestias fugit officia quo. Repellendus ea veritatis est sunt atque ut. Dolorum velit expedita vel quis. Est labore omnis ad culpa ut optio.','2014-02-24 22:02:22','2021-03-14 18:42:53'),(224,1,'Sit qui.',451.30,'Distinctio at in quis dolores dolore veritatis. Vero molestiae voluptatum voluptatem dolores a sed repellat. Voluptas excepturi sit voluptate. Totam sed commodi officiis et quibusdam.','2014-07-16 11:18:42','2021-03-14 18:42:53'),(225,2,'Ut qui.',729.24,'Harum similique suscipit commodi dolores eius provident aperiam omnis. Iste quos dolorem ut. Iure dignissimos vero deleniti autem ipsum esse autem. Illum est ut enim officia veniam.','2014-01-01 18:39:38','2021-03-14 18:42:53'),(226,1,'Minima sequi culpa.',282.33,'Occaecati cumque aut assumenda. Consequatur saepe aut illum veritatis cum quae quis maxime. Ea architecto aspernatur tempora voluptate qui.','2016-01-23 09:39:19','2021-03-14 18:42:53'),(227,3,'Rerum quis.',213.94,'Magnam molestiae perspiciatis voluptatem minus et voluptatem. Dolores at neque sed ipsa. Alias fuga dignissimos quo dolore deserunt rem maiores nemo.','2019-02-28 15:23:33','2021-03-14 18:42:53'),(228,2,'Non a sequi.',212.68,'Aut quibusdam dolorem sit. Unde quaerat aperiam aut illum. Eum corrupti aut quibusdam.','2016-03-06 16:40:18','2021-03-14 18:42:53'),(229,1,'Et repellat et.',411.61,'Hic voluptatem expedita hic saepe a. Ducimus et eos qui enim nostrum quia. Et eligendi quo ea in aut. Est sit odit dolor minus laborum rerum.','2016-02-19 02:24:44','2021-03-14 18:42:53'),(230,1,'Libero rerum.',410.00,'Cum pariatur dolor velit qui et. Labore amet minima cupiditate et veniam consequuntur.','2017-06-05 21:38:54','2021-03-14 18:42:53'),(231,1,'Sit ea esse.',805.16,'Suscipit aliquam accusamus sit quae explicabo voluptatibus iure. Et praesentium sint repudiandae voluptates quo molestiae modi consequatur. Quia non ducimus debitis repellendus voluptatibus veniam quam. Est quia perspiciatis eligendi rerum quia molestiae.','2015-03-10 14:44:17','2021-03-14 18:42:53'),(232,2,'Omnis eum debitis.',785.82,'Voluptatem ipsam aliquid repellat inventore exercitationem delectus veniam. Voluptatum consectetur quisquam nesciunt vero. Et qui autem et nihil dolor velit.','2020-12-04 23:38:36','2021-03-14 18:42:53'),(233,2,'Assumenda et.',503.60,'Quae ut maxime explicabo dolorem. Neque eligendi et sed esse. Beatae nesciunt incidunt aut. Repellendus et dignissimos quos illo aut quo illo ipsa.','2016-12-29 02:52:00','2021-03-14 18:42:53'),(234,2,'Reprehenderit vero alias.',150.57,'Accusamus facilis blanditiis non cupiditate possimus aut exercitationem alias. Cumque porro molestiae eos impedit molestiae quo dolor. Temporibus amet repudiandae nesciunt. Quos autem totam recusandae cumque et.','2015-07-08 16:10:33','2021-03-14 18:42:53'),(235,1,'Cumque laboriosam.',232.02,'Ut itaque sunt mollitia voluptas. Ipsam aut possimus inventore. Omnis ut quae eius sint. Nostrum est est tempore nemo.','2019-02-06 13:31:32','2021-03-14 18:42:53'),(236,1,'Modi ut exercitationem.',698.38,'Quasi asperiores iusto mollitia ipsam sed omnis. Et voluptas expedita id et. Ex qui veniam et tempore delectus. Atque at eos facilis corporis blanditiis illum.','2020-06-07 00:34:04','2021-03-14 18:42:53'),(237,2,'Est voluptates consequatur.',785.87,'Explicabo optio quaerat omnis magni. Quis assumenda debitis quo. Voluptatum modi sit nulla optio. Rerum in doloremque porro ut blanditiis.','2016-12-16 06:34:46','2021-03-14 18:42:53'),(238,1,'Quas quis.',824.19,'Alias beatae perspiciatis vero. Expedita aut blanditiis autem exercitationem consectetur sunt. Rerum est et cupiditate et voluptates voluptatem. Non delectus dolorem magni illum.','2011-06-28 07:29:07','2021-03-14 18:42:53'),(239,1,'Culpa ipsum ad.',753.34,'Sit sequi esse nihil aut et nostrum perspiciatis vero. Autem ea placeat tempora repellat dolor dolorem aliquam necessitatibus. Aut aut reprehenderit odio at est commodi ipsum. Dolores dolor vel voluptate quod facilis.','2020-11-28 05:12:34','2021-03-14 18:42:53'),(240,1,'Maxime nisi.',284.12,'Minus voluptas accusamus non expedita. Laboriosam sit vero praesentium sit esse qui. Quo aliquam cum sequi doloribus praesentium et rerum iusto. Minus nam qui reprehenderit velit neque quos est. Omnis sit doloremque illo provident animi aut corrupti.','2013-01-06 06:39:50','2021-03-14 18:42:53'),(241,2,'Optio corporis.',150.61,'Nobis qui neque dolorem eaque fugiat. Voluptatum corporis est voluptatum aliquam repudiandae quod quas.','2011-05-31 04:45:31','2021-03-14 18:42:53'),(242,2,'Vero soluta consequatur.',890.66,'Maiores aut reprehenderit autem et dolores aliquid. Voluptate quidem voluptatum ducimus sed tempora molestiae eum. Et quae sit perspiciatis sit molestiae odio. Commodi deserunt est consequatur eaque facere omnis.','2016-12-17 18:06:49','2021-03-14 18:42:53'),(243,1,'Suscipit qui.',991.46,'At sed cumque deleniti aut voluptatem velit et molestiae. Deleniti et et earum laborum distinctio et. Omnis ullam magni quasi officiis qui eos. Qui aliquid inventore recusandae aut molestias voluptas incidunt minus.','2017-05-06 04:33:26','2021-03-14 18:42:53'),(244,1,'Incidunt dolor.',275.34,'Similique id qui quo pariatur aut perspiciatis. Quia consequatur ut officiis aut ipsum rerum. Maxime quos rerum quis repellendus explicabo explicabo. Deleniti dolore aut a. Quibusdam omnis ullam facilis aut dolor nisi.','2016-02-08 03:40:42','2021-03-14 18:42:53'),(245,3,'Est aut at.',392.30,'Odit eum dolorem porro a. Pariatur et vel nemo fugit quia. Exercitationem ut eligendi delectus cupiditate voluptatem natus asperiores. Adipisci est et illo quo sint vel.','2020-09-23 03:32:08','2021-03-14 18:42:53'),(246,2,'Dolorem omnis neque.',125.47,'Facere architecto explicabo odit iure nemo eos. Fugit labore dolorum nesciunt tempore dolore iste hic. Est qui excepturi pariatur et magnam sunt. Ut ratione neque a esse tempora.','2015-12-01 22:01:50','2021-03-14 18:42:53'),(247,3,'Magnam quidem dicta.',440.48,'Molestiae sunt laboriosam fugit eum. Sit nobis quos eos saepe est blanditiis minima.','2016-08-28 02:57:56','2021-03-14 18:42:53'),(248,3,'Ratione quibusdam cupiditate.',815.99,'Veritatis odio cum sed rerum et. Aut quos eligendi est. Ullam debitis et voluptatibus ut velit ea facere perferendis. Consequuntur ullam ut et voluptatem.','2017-03-24 04:35:29','2021-03-14 18:42:53'),(249,2,'Nam ducimus tempore.',748.51,'Molestiae id explicabo architecto provident expedita. Quia molestiae fugiat incidunt nihil. Eum dolorum similique aut porro architecto dolor voluptas.','2017-01-31 21:17:00','2021-03-14 18:42:53'),(250,3,'Quia iure earum.',284.59,'Mollitia sequi iure ut nostrum quos. Saepe eos possimus cupiditate eos aliquid praesentium sed. Recusandae omnis a nulla doloribus. Repellat voluptate laudantium accusamus doloremque ut deserunt voluptatem sed.','2017-10-02 02:07:44','2021-03-14 18:42:53'),(251,3,'Natus quis atque.',167.43,'Sed maiores eos cupiditate. Similique velit sequi ut et quod eos doloribus. Quia et officia perferendis facere a laborum nihil. Sapiente rerum reprehenderit explicabo reprehenderit qui.','2014-05-04 17:41:40','2021-03-14 18:42:53'),(252,3,'Vitae quia assumenda.',973.36,'Assumenda animi repellendus ut a dolorum officiis quia. Voluptate amet est mollitia earum sapiente labore. Quam atque sunt tenetur ut.','2020-09-15 03:41:09','2021-03-14 18:42:53'),(253,1,'Voluptate dolor nisi.',354.51,'Est maxime fuga ut ab totam maiores assumenda. Provident nobis accusamus velit. Dolor officiis non suscipit dolor. Nobis fugit suscipit illum inventore voluptatem quisquam.','2016-01-06 22:29:54','2021-03-14 18:42:53'),(254,3,'Qui eveniet.',842.46,'Corrupti consequuntur architecto necessitatibus voluptate tempore in. Doloremque eos doloribus quis. Perferendis soluta hic optio enim aliquid quo rerum eaque. Sequi qui quibusdam cumque officiis veniam rerum.','2011-12-28 13:10:02','2021-03-14 18:42:53'),(255,1,'Molestiae enim repudiandae.',138.79,'Inventore facilis saepe facilis quo necessitatibus. Eum tempora et facere illum sit est.','2014-09-20 05:07:28','2021-03-14 18:42:53'),(256,1,'Qui sequi quibusdam.',156.57,'Quisquam dignissimos qui at aperiam tempore voluptatem. Architecto error fugiat molestiae esse.','2014-06-13 21:06:30','2021-03-14 18:42:53'),(257,1,'Aut rerum labore.',356.46,'Corrupti accusantium omnis placeat voluptatem. Et qui ut veritatis laboriosam modi doloribus. Repudiandae illum expedita iusto dolores quas iste.','2012-09-27 20:06:51','2021-03-14 18:42:53'),(258,2,'Est minus voluptatem.',302.58,'Natus et qui accusantium voluptas aspernatur. Occaecati qui doloremque nesciunt. Architecto atque molestiae delectus itaque. Sed necessitatibus aut natus reiciendis.','2013-12-18 22:04:18','2021-03-14 18:42:53'),(259,2,'Ut accusamus.',433.54,'Aut temporibus modi sunt in eligendi qui voluptas exercitationem. Quo qui enim et. Cum consequatur magni est sit suscipit placeat qui. Assumenda voluptas eos et rem sit.','2014-11-13 06:21:18','2021-03-14 18:42:53'),(260,2,'Praesentium voluptatibus sit.',249.94,'Officia tenetur enim non perferendis est. Voluptates non pariatur exercitationem quae nostrum provident. Inventore voluptatibus iure maiores debitis pariatur.','2014-09-01 06:51:33','2021-03-14 18:42:53'),(261,2,'Odio officiis.',939.09,'Et vitae sed eum suscipit. Sapiente possimus repellat voluptas. Odit mollitia ad quis delectus. Deleniti exercitationem mollitia voluptatem praesentium est.','2012-11-20 15:23:06','2021-03-14 18:42:53'),(262,1,'Et ullam.',935.63,'Maiores aut est praesentium ex cumque. Molestias asperiores et quo rerum expedita.','2012-04-04 11:36:45','2021-03-14 18:42:53'),(263,3,'Illo similique.',850.89,'Nulla dignissimos dolor ut totam. Doloribus mollitia odit fugit. Dolores fuga molestiae doloribus non. Reiciendis et deleniti qui dolorem nemo eveniet.','2019-12-07 20:38:20','2021-03-14 18:42:53'),(264,1,'Sequi nemo iusto.',437.54,'Recusandae dolore temporibus at. Et non quibusdam occaecati repellat optio. Quam consequatur quisquam voluptates dolor maiores. Nulla quos quas est repellendus voluptatem. Earum vel omnis rerum.','2017-12-20 02:28:58','2021-03-14 18:42:53'),(265,2,'Explicabo voluptatibus consequatur.',625.04,'Commodi voluptatem aperiam ipsam exercitationem. Dolorem est sequi vero iste explicabo velit. Voluptas voluptatibus id et et totam. Placeat commodi aut quos sint harum similique earum.','2019-11-03 20:48:09','2021-03-14 18:42:53'),(266,3,'Consequatur culpa.',802.58,'Odio tempore ut recusandae. Beatae reprehenderit qui consequuntur qui velit iure ex. Occaecati voluptatem eum dicta voluptates nemo ipsam provident. Ut amet harum libero error. Voluptas sint ipsum nam accusantium velit et.','2011-07-03 23:33:32','2021-03-14 18:42:53'),(267,2,'Nesciunt aut ut.',127.79,'Eos et molestias recusandae ut. Quidem quos in sit. Consequatur iste voluptatibus dolorum velit. Modi tenetur corrupti et voluptas fugit aliquam et.','2011-12-08 04:50:04','2021-03-14 18:42:53'),(268,2,'Labore mollitia maxime.',221.22,'Suscipit ea earum inventore est autem cupiditate. Molestiae aut molestiae sed illum nesciunt ipsa. Est est aut voluptates qui excepturi sint sequi aut.','2013-03-20 07:33:58','2021-03-14 18:42:53'),(269,3,'Eveniet iure tempore.',712.73,'Maiores neque sit dolore ut amet inventore amet. Tenetur corporis iusto voluptate molestiae voluptate. Velit sequi quos qui est explicabo nam omnis commodi. Voluptas quae quasi repellendus earum.','2012-08-19 02:50:18','2021-03-14 18:42:53'),(270,1,'Qui doloremque.',889.97,'Et delectus voluptas non consequuntur saepe sint quisquam. Et repudiandae laudantium doloribus repellat exercitationem.','2015-03-25 17:13:39','2021-03-14 18:42:53'),(271,1,'Aut asperiores.',301.67,'Eveniet et provident tenetur consectetur aperiam eveniet. Minima ut amet in voluptas voluptas ipsam unde nostrum. Tenetur optio similique molestiae aliquam sint quis accusamus. Architecto quasi cum nobis inventore in aut. Quis vel tempore ut corporis aut optio.','2019-06-30 12:15:54','2021-03-14 18:42:53'),(272,2,'Est ipsa.',828.45,'Aut odit consectetur soluta quod in inventore est nobis. Tenetur sed odio ratione quis. Enim dolore enim perspiciatis provident porro enim. Autem modi sunt earum quibusdam.','2018-01-07 18:06:17','2021-03-14 18:42:53'),(273,3,'Culpa a iure.',227.23,'Tempora eos est natus sed non unde ut. Ullam vel suscipit ut quaerat et ut. Eum error quia ea ducimus laudantium tempora fugit. Repudiandae possimus velit praesentium delectus et porro aut.','2014-08-04 17:42:11','2021-03-14 18:42:53'),(274,1,'Aut consequatur dolores.',640.79,'Nesciunt explicabo quod non ut ea. Incidunt eaque qui perferendis saepe architecto mollitia. Possimus inventore nobis ut animi. Non voluptas eius id quis ea nostrum sint. Provident sed quia ex.','2015-03-08 20:39:38','2021-03-14 18:42:53'),(275,2,'Magni fuga.',512.28,'Nesciunt nihil culpa ea ut. Quo voluptate animi velit quo dolor deserunt aliquam nam. Magnam distinctio vitae molestias adipisci quod. Minima ad voluptatem blanditiis qui eaque voluptatibus.','2015-03-03 06:58:13','2021-03-14 18:42:53'),(276,1,'Enim culpa quia.',629.03,'Dicta deserunt perferendis itaque ea laborum optio. Consequuntur ducimus ex commodi dolorem perferendis sapiente. Tempora mollitia accusamus et et similique.','2012-04-27 14:37:56','2021-03-14 18:42:53'),(277,2,'Laudantium quis.',598.33,'Provident expedita quas officiis aliquam. Ut dolorem quo excepturi laboriosam repudiandae sed. Maiores qui quisquam quia similique id debitis est. Dignissimos saepe vitae similique eius sunt.','2016-08-19 23:00:42','2021-03-14 18:42:53'),(278,1,'Ea deserunt quibusdam.',94.52,'Qui consequatur iusto est suscipit id est et natus. Odio quo beatae excepturi ipsum sequi enim nam quibusdam. Quia blanditiis aut iste. Et ut accusantium recusandae optio totam repellendus unde. Illum accusamus dolor voluptatem ea quidem voluptas.','2015-11-16 05:46:33','2021-03-14 18:42:53'),(279,1,'Quaerat vel.',667.63,'Voluptatibus sed ut et amet voluptas. Rerum alias sapiente qui dignissimos non sunt. Sequi inventore exercitationem qui harum. Optio molestias eos illum provident qui quia.','2014-07-11 18:45:27','2021-03-14 18:42:53'),(280,1,'A enim rerum.',44.59,'Aut vero deleniti architecto sint et. Eos tempora similique dolores ipsam aut mollitia. Quia aut unde excepturi facilis. Unde a neque ex.','2012-04-27 00:23:35','2021-03-14 18:42:53'),(281,3,'Ipsam ullam rerum.',210.06,'Sit velit iure ipsa aliquam placeat. Consequatur porro debitis vitae illo architecto unde. Ipsam animi laborum alias et expedita nostrum vel. Sequi labore odit reprehenderit sint perspiciatis.','2020-04-12 11:51:04','2021-03-14 18:42:53'),(282,2,'Consequatur neque error.',906.52,'Consequatur facere nisi asperiores. Itaque reprehenderit alias non velit animi. Non et voluptas necessitatibus doloribus voluptates tenetur consectetur. Facere quod minus ipsam nihil tempora.','2012-05-19 08:38:27','2021-03-14 18:42:53'),(283,1,'Consectetur id dolorem.',892.44,'Ut labore adipisci maiores itaque. Et voluptate nihil dignissimos similique nulla dignissimos illo fugit. Quasi tempora commodi et doloribus maiores sed eligendi. Ex minus omnis soluta fugit odit ad.','2018-07-03 13:07:01','2021-03-14 18:42:53'),(284,1,'Itaque nulla unde.',732.61,'Adipisci tenetur assumenda perferendis omnis porro. Quo exercitationem tempora voluptatem enim. Quia ut mollitia aspernatur sed illum.','2014-07-31 23:50:53','2021-03-14 18:42:53'),(285,3,'Voluptas amet atque.',975.74,'Quaerat quia consequatur omnis sunt minus unde omnis. Aut vel corporis fugit molestias doloremque magnam totam. Delectus consectetur fugiat vel voluptatem hic.','2019-05-02 01:47:19','2021-03-14 18:42:53'),(286,1,'Ut est.',670.88,'Vero provident esse ea velit consequatur. Nulla ut vitae fugit ut accusantium optio. Qui nemo incidunt sint. Reprehenderit ut et exercitationem tenetur est quo.','2014-02-26 05:58:38','2021-03-14 18:42:53'),(287,3,'Qui ex hic.',417.19,'Ut sint deserunt quia laborum aut consequatur nisi. Qui non eum dolores quidem magnam sint.','2017-10-25 14:25:07','2021-03-14 18:42:53'),(288,1,'Similique quia.',63.28,'Repellendus earum est eos a omnis saepe cumque. Numquam commodi aliquid quod repudiandae labore quas qui.','2015-07-30 09:08:26','2021-03-14 18:42:53'),(289,3,'Sint voluptatum ea.',54.85,'Aspernatur eveniet voluptatem similique quod et. Mollitia maxime debitis reprehenderit possimus doloremque nisi. Dolores exercitationem nostrum ea. Sit eveniet reprehenderit id.','2020-06-20 20:55:57','2021-03-14 18:42:53'),(290,2,'Saepe reiciendis alias.',74.42,'Quaerat culpa voluptatem vel dolore et est. Placeat reprehenderit esse maxime sed. Aspernatur sed rem et excepturi dicta vel at. Quis inventore assumenda quaerat omnis laudantium.','2016-02-25 08:15:22','2021-03-14 18:42:53'),(291,3,'Maxime ullam quo.',197.54,'Consequatur odit dolorem quas nisi at. Sapiente inventore eveniet quia sunt sint qui. Recusandae officiis at voluptatem velit.','2014-10-09 20:26:24','2021-03-14 18:42:53'),(292,2,'Sint ullam.',754.42,'Aperiam accusantium suscipit natus est pariatur rerum. Nisi doloribus quas nulla qui doloremque aspernatur rerum. Voluptatem velit aut non quia placeat. Dolores qui qui sed nesciunt occaecati. Itaque maxime totam molestiae est enim facere.','2017-08-27 01:02:56','2021-03-14 18:42:53'),(293,1,'Velit voluptatibus eum.',169.49,'Placeat nemo sequi eum iusto nulla molestiae praesentium. Et rerum quia aspernatur ducimus sit. Maxime dolorum sapiente tenetur. Numquam eos ut autem provident consequatur culpa quae sapiente.','2018-11-08 09:16:52','2021-03-14 18:42:53'),(294,3,'Recusandae quisquam recusandae.',574.20,'Voluptatem harum aliquam quo dolores sapiente qui voluptas sed. Neque quae voluptatibus sed. Impedit ut voluptatem ullam quidem placeat.','2012-08-27 01:19:02','2021-03-14 18:42:53'),(295,3,'Repudiandae voluptatem aliquam.',352.51,'Optio accusamus molestiae reprehenderit asperiores rerum. Repellendus consequatur est consequatur at nisi. Aperiam sed modi odit cupiditate ut facilis labore. Neque doloribus voluptatibus quisquam molestias omnis.','2017-08-25 05:01:29','2021-03-14 18:42:53'),(296,2,'Ex ea ipsam.',29.97,'Praesentium et in magni sunt saepe. Unde reprehenderit quidem possimus ipsum recusandae nisi ullam. Facilis quod quia aspernatur velit id maxime omnis.','2017-01-22 23:05:08','2021-03-14 18:42:53'),(297,1,'Nihil blanditiis.',82.31,'Aut fuga quae dolorum impedit voluptatem corrupti. Perspiciatis ut et rem dignissimos et quis dolores. Omnis repellendus consequatur aut cum consequatur nisi minima odio.','2017-09-10 20:28:17','2021-03-14 18:42:53'),(298,1,'Atque nihil.',311.64,'Inventore nesciunt quos non aut. Et hic repellat eaque culpa. Libero ipsam optio numquam.','2018-08-14 14:27:24','2021-03-14 18:42:53'),(299,1,'Suscipit natus.',301.27,'Maxime asperiores cumque eum et sint. Ullam sit quos et dolorem architecto porro facilis. Impedit ullam modi veritatis velit quaerat similique.','2012-01-17 11:48:51','2021-03-14 18:42:53'),(300,2,'Voluptatem consequatur velit.',561.41,'Officiis delectus minima quia unde. Eligendi nesciunt enim at rerum ratione. Quod nemo quia sed.','2013-10-15 00:22:14','2021-03-14 18:42:53');
/*!40000 ALTER TABLE `related_products` ENABLE KEYS */;
UNLOCK TABLES;

--
-- Table structure for table `shops`
--

DROP TABLE IF EXISTS `shops`;
/*!40101 SET @saved_cs_client     = @@character_set_client */;
/*!50503 SET character_set_client = utf8mb4 */;
CREATE TABLE `shops` (
  `id` int unsigned NOT NULL AUTO_INCREMENT,
  `city` varchar(100) CHARACTER SET utf8mb4 COLLATE utf8mb4_unicode_ci DEFAULT NULL,
  `address` varchar(100) CHARACTER SET utf8mb4 COLLATE utf8mb4_unicode_ci DEFAULT NULL,
  `phone` varchar(100) CHARACTER SET utf8mb4 COLLATE utf8mb4_unicode_ci DEFAULT NULL,
  `created_at` datetime DEFAULT CURRENT_TIMESTAMP,
  `updated_at` datetime DEFAULT CURRENT_TIMESTAMP ON UPDATE CURRENT_TIMESTAMP,
  PRIMARY KEY (`id`),
  KEY `shops_city_idx` (`city`)
) ENGINE=InnoDB AUTO_INCREMENT=11 DEFAULT CHARSET=utf8mb4 COLLATE=utf8mb4_unicode_ci COMMENT='Магазины/точки выдачи';
/*!40101 SET character_set_client = @saved_cs_client */;

--
-- Dumping data for table `shops`
--

LOCK TABLES `shops` WRITE;
/*!40000 ALTER TABLE `shops` DISABLE KEYS */;
INSERT INTO `shops` VALUES (1,'North Nora','7983 Jamison Summit\nNew Asia, HI 43923','1-407-606-3561x1167','2012-06-06 06:18:10','2015-03-06 21:25:29'),(2,'Deckowview','0826 Verner Plaza Apt. 962\nBrennanmouth, NY 18666','(409)731-4721','2018-12-23 09:05:43','2014-12-27 03:36:28'),(3,'New Russ','099 Alex Falls\nEast Nashberg, ND 01559','01419984451','2016-05-07 18:36:06','2015-12-09 18:44:48'),(4,'North Carolinaton','33383 Landen Trail Apt. 083\nO\'Konbury, NC 21780','00973132291','2012-07-10 07:28:16','2012-01-06 20:30:02'),(5,'East Michel','081 Ebert Fort Suite 031\nDominicside, FL 09223-7656','02109338024','2014-02-16 01:46:50','2011-03-28 14:57:34'),(6,'Halvorsontown','924 Beahan Locks\nWest Leilanimouth, LA 41471','06190342922','2019-06-04 23:51:43','2016-06-13 21:34:43'),(7,'Brucetown','790 Oswald Extensions Suite 218\nMorissetteport, LA 82567','811-276-4028','2020-07-13 06:49:37','2015-03-30 05:20:49'),(8,'Ramonville','1237 Savion Lane\nLake Othofort, MS 84124','1-362-453-8742x9310','2015-11-25 03:47:25','2014-05-31 10:15:31'),(9,'Port Gail','57709 Carter Terrace Apt. 758\nNew Rosaliahaven, MT 38545-0269','935.181.3375x60570','2011-04-13 13:18:52','2015-08-03 21:45:56'),(10,'Floridashire','859 Graham Burgs\nSouth Mayafurt, AK 27783','05146344443','2017-01-18 05:19:37','2016-04-16 01:07:36');
/*!40000 ALTER TABLE `shops` ENABLE KEYS */;
UNLOCK TABLES;

--
-- Final view structure for view `full_information_clients`
--

/*!50001 DROP VIEW IF EXISTS `full_information_clients`*/;
/*!50001 SET @saved_cs_client          = @@character_set_client */;
/*!50001 SET @saved_cs_results         = @@character_set_results */;
/*!50001 SET @saved_col_connection     = @@collation_connection */;
/*!50001 SET character_set_client      = utf8mb4 */;
/*!50001 SET character_set_results     = utf8mb4 */;
/*!50001 SET collation_connection      = utf8mb4_0900_ai_ci */;
/*!50001 CREATE ALGORITHM=UNDEFINED */
/*!50013 DEFINER=`root`@`localhost` SQL SECURITY DEFINER */
/*!50001 VIEW `full_information_clients` AS select `clients`.`id` AS `id`,`clients`.`first_name` AS `first_name`,`clients`.`last_name` AS `last_name`,`clients`.`email` AS `email`,`clients`.`phone` AS `phone`,`profiles`.`city` AS `city`,`profiles`.`address` AS `address`,`profiles`.`birthday` AS `birthday`,`profiles`.`gender` AS `gender` from (`clients` join `profiles` on((`clients`.`id` = `profiles`.`client_id`))) */;
/*!50001 SET character_set_client      = @saved_cs_client */;
/*!50001 SET character_set_results     = @saved_cs_results */;
/*!50001 SET collation_connection      = @saved_col_connection */;

--
-- Final view structure for view `orders_to_North_Carolinaton_shop`
--

/*!50001 DROP VIEW IF EXISTS `orders_to_North_Carolinaton_shop`*/;
/*!50001 SET @saved_cs_client          = @@character_set_client */;
/*!50001 SET @saved_cs_results         = @@character_set_results */;
/*!50001 SET @saved_col_connection     = @@collation_connection */;
/*!50001 SET character_set_client      = utf8mb4 */;
/*!50001 SET character_set_results     = utf8mb4 */;
/*!50001 SET collation_connection      = utf8mb4_0900_ai_ci */;
/*!50001 CREATE ALGORITHM=UNDEFINED */
/*!50013 DEFINER=`root`@`localhost` SQL SECURITY DEFINER */
/*!50001 VIEW `orders_to_North_Carolinaton_shop` AS select `orders`.`id` AS `order_id`,concat_ws(' ',`clients`.`first_name`,`clients`.`last_name`) AS `name`,`profiles`.`address` AS `address` from (((`orders` join `clients` on((`orders`.`client_id` = `clients`.`id`))) join `profiles` on((`profiles`.`client_id` = `clients`.`id`))) join `shops` on((`orders`.`shop_id` = `shops`.`id`))) where (`shops`.`city` = 'North Carolinaton') */;
/*!50001 SET character_set_client      = @saved_cs_client */;
/*!50001 SET character_set_results     = @saved_cs_results */;
/*!50001 SET collation_connection      = @saved_col_connection */;

--
-- Final view structure for view `part_information_clients`
--

/*!50001 DROP VIEW IF EXISTS `part_information_clients`*/;
/*!50001 SET @saved_cs_client          = @@character_set_client */;
/*!50001 SET @saved_cs_results         = @@character_set_results */;
/*!50001 SET @saved_col_connection     = @@collation_connection */;
/*!50001 SET character_set_client      = utf8mb4 */;
/*!50001 SET character_set_results     = utf8mb4 */;
/*!50001 SET collation_connection      = utf8mb4_0900_ai_ci */;
/*!50001 CREATE ALGORITHM=UNDEFINED */
/*!50013 DEFINER=`root`@`localhost` SQL SECURITY DEFINER */
/*!50001 VIEW `part_information_clients` AS select `clients`.`id` AS `id`,`clients`.`first_name` AS `first_name`,`clients`.`last_name` AS `last_name`,`profiles`.`birthday` AS `birthday`,`profiles`.`gender` AS `gender` from (`clients` join `profiles` on((`clients`.`id` = `profiles`.`client_id`))) */;
/*!50001 SET character_set_client      = @saved_cs_client */;
/*!50001 SET character_set_results     = @saved_cs_results */;
/*!50001 SET collation_connection      = @saved_col_connection */;
/*!40103 SET TIME_ZONE=@OLD_TIME_ZONE */;

/*!40101 SET SQL_MODE=@OLD_SQL_MODE */;
/*!40014 SET FOREIGN_KEY_CHECKS=@OLD_FOREIGN_KEY_CHECKS */;
/*!40014 SET UNIQUE_CHECKS=@OLD_UNIQUE_CHECKS */;
/*!40101 SET CHARACTER_SET_CLIENT=@OLD_CHARACTER_SET_CLIENT */;
/*!40101 SET CHARACTER_SET_RESULTS=@OLD_CHARACTER_SET_RESULTS */;
/*!40101 SET COLLATION_CONNECTION=@OLD_COLLATION_CONNECTION */;
/*!40111 SET SQL_NOTES=@OLD_SQL_NOTES */;

-- Dump completed on 2021-03-23 14:01:37
