#
# TABLE STRUCTURE FOR: autors
#

DROP TABLE IF EXISTS `autors`;

CREATE TABLE `autors` (
  `id` int(10) unsigned NOT NULL AUTO_INCREMENT,
  `first_name` varchar(100) COLLATE utf8mb4_unicode_ci NOT NULL,
  `last_name` varchar(100) COLLATE utf8mb4_unicode_ci NOT NULL,
  `created_at` datetime DEFAULT current_timestamp(),
  PRIMARY KEY (`id`)
) ENGINE=InnoDB AUTO_INCREMENT=101 DEFAULT CHARSET=utf8mb4 COLLATE=utf8mb4_unicode_ci COMMENT='Авторы';

INSERT INTO `autors` (`id`, `first_name`, `last_name`, `created_at`) VALUES (1, 'Newell', 'Kreiger', '2015-08-07 16:56:45');
INSERT INTO `autors` (`id`, `first_name`, `last_name`, `created_at`) VALUES (2, 'Oswald', 'King', '2018-05-07 02:10:22');
INSERT INTO `autors` (`id`, `first_name`, `last_name`, `created_at`) VALUES (3, 'Einar', 'Runolfsson', '2017-10-03 14:53:26');
INSERT INTO `autors` (`id`, `first_name`, `last_name`, `created_at`) VALUES (4, 'Reta', 'Schmitt', '2012-04-04 19:27:36');
INSERT INTO `autors` (`id`, `first_name`, `last_name`, `created_at`) VALUES (5, 'Herbert', 'Kuhn', '2020-09-13 10:32:48');
INSERT INTO `autors` (`id`, `first_name`, `last_name`, `created_at`) VALUES (6, 'Loy', 'Frami', '2019-05-26 12:16:35');
INSERT INTO `autors` (`id`, `first_name`, `last_name`, `created_at`) VALUES (7, 'Jodie', 'Orn', '2013-09-14 12:49:36');
INSERT INTO `autors` (`id`, `first_name`, `last_name`, `created_at`) VALUES (8, 'Tanya', 'Cremin', '2012-04-29 10:23:33');
INSERT INTO `autors` (`id`, `first_name`, `last_name`, `created_at`) VALUES (9, 'Jimmie', 'Rogahn', '2016-09-10 15:42:44');
INSERT INTO `autors` (`id`, `first_name`, `last_name`, `created_at`) VALUES (10, 'Tressie', 'Rempel', '2013-06-08 00:23:31');
INSERT INTO `autors` (`id`, `first_name`, `last_name`, `created_at`) VALUES (11, 'Twila', 'Batz', '2019-12-07 11:45:46');
INSERT INTO `autors` (`id`, `first_name`, `last_name`, `created_at`) VALUES (12, 'Bernice', 'Nicolas', '2018-10-15 15:48:55');
INSERT INTO `autors` (`id`, `first_name`, `last_name`, `created_at`) VALUES (13, 'Emerald', 'Ward', '2019-04-10 03:35:04');
INSERT INTO `autors` (`id`, `first_name`, `last_name`, `created_at`) VALUES (14, 'Tierra', 'Collier', '2019-11-02 23:51:23');
INSERT INTO `autors` (`id`, `first_name`, `last_name`, `created_at`) VALUES (15, 'Stefanie', 'Lowe', '2011-06-03 03:49:57');
INSERT INTO `autors` (`id`, `first_name`, `last_name`, `created_at`) VALUES (16, 'Payton', 'Maggio', '2020-12-25 21:47:40');
INSERT INTO `autors` (`id`, `first_name`, `last_name`, `created_at`) VALUES (17, 'Lori', 'Johnston', '2019-03-30 22:00:13');
INSERT INTO `autors` (`id`, `first_name`, `last_name`, `created_at`) VALUES (18, 'Emil', 'Ondricka', '2017-12-09 04:25:48');
INSERT INTO `autors` (`id`, `first_name`, `last_name`, `created_at`) VALUES (19, 'Rogelio', 'Wyman', '2020-10-13 00:02:54');
INSERT INTO `autors` (`id`, `first_name`, `last_name`, `created_at`) VALUES (20, 'Abby', 'Jacobi', '2018-03-13 22:45:26');
INSERT INTO `autors` (`id`, `first_name`, `last_name`, `created_at`) VALUES (21, 'Marquis', 'Witting', '2020-05-14 11:39:41');
INSERT INTO `autors` (`id`, `first_name`, `last_name`, `created_at`) VALUES (22, 'Caleigh', 'Bogan', '2019-08-04 17:48:19');
INSERT INTO `autors` (`id`, `first_name`, `last_name`, `created_at`) VALUES (23, 'Greta', 'Franecki', '2019-04-17 14:59:55');
INSERT INTO `autors` (`id`, `first_name`, `last_name`, `created_at`) VALUES (24, 'Jackie', 'Haley', '2015-01-26 23:32:45');
INSERT INTO `autors` (`id`, `first_name`, `last_name`, `created_at`) VALUES (25, 'Ressie', 'Monahan', '2019-01-16 07:12:43');
INSERT INTO `autors` (`id`, `first_name`, `last_name`, `created_at`) VALUES (26, 'Ardith', 'Schroeder', '2016-03-26 09:16:56');
INSERT INTO `autors` (`id`, `first_name`, `last_name`, `created_at`) VALUES (27, 'Marcos', 'O\'Reilly', '2015-06-14 13:42:20');
INSERT INTO `autors` (`id`, `first_name`, `last_name`, `created_at`) VALUES (28, 'Ted', 'Quigley', '2018-07-24 11:08:57');
INSERT INTO `autors` (`id`, `first_name`, `last_name`, `created_at`) VALUES (29, 'Karelle', 'O\'Connell', '2018-05-11 16:25:48');
INSERT INTO `autors` (`id`, `first_name`, `last_name`, `created_at`) VALUES (30, 'Tyreek', 'Harris', '2018-04-02 05:53:21');
INSERT INTO `autors` (`id`, `first_name`, `last_name`, `created_at`) VALUES (31, 'Alva', 'Goldner', '2016-03-05 05:53:18');
INSERT INTO `autors` (`id`, `first_name`, `last_name`, `created_at`) VALUES (32, 'Mikayla', 'McClure', '2019-03-07 15:43:57');
INSERT INTO `autors` (`id`, `first_name`, `last_name`, `created_at`) VALUES (33, 'Vicenta', 'Prosacco', '2017-02-21 18:30:52');
INSERT INTO `autors` (`id`, `first_name`, `last_name`, `created_at`) VALUES (34, 'Ayla', 'Reichert', '2011-08-01 15:16:32');
INSERT INTO `autors` (`id`, `first_name`, `last_name`, `created_at`) VALUES (35, 'Berta', 'Swaniawski', '2015-06-19 21:18:42');
INSERT INTO `autors` (`id`, `first_name`, `last_name`, `created_at`) VALUES (36, 'Garrison', 'Reynolds', '2020-04-01 19:23:00');
INSERT INTO `autors` (`id`, `first_name`, `last_name`, `created_at`) VALUES (37, 'Vaughn', 'Fay', '2020-03-10 17:44:17');
INSERT INTO `autors` (`id`, `first_name`, `last_name`, `created_at`) VALUES (38, 'Abdullah', 'Tromp', '2019-01-09 14:57:53');
INSERT INTO `autors` (`id`, `first_name`, `last_name`, `created_at`) VALUES (39, 'Green', 'Upton', '2017-12-05 07:32:15');
INSERT INTO `autors` (`id`, `first_name`, `last_name`, `created_at`) VALUES (40, 'Cecile', 'Wisoky', '2013-12-06 09:53:39');
INSERT INTO `autors` (`id`, `first_name`, `last_name`, `created_at`) VALUES (41, 'Mauricio', 'Bailey', '2019-08-31 13:45:02');
INSERT INTO `autors` (`id`, `first_name`, `last_name`, `created_at`) VALUES (42, 'Ida', 'Swaniawski', '2019-02-15 04:42:00');
INSERT INTO `autors` (`id`, `first_name`, `last_name`, `created_at`) VALUES (43, 'Mathew', 'Spinka', '2013-01-13 09:01:16');
INSERT INTO `autors` (`id`, `first_name`, `last_name`, `created_at`) VALUES (44, 'Florine', 'Spencer', '2014-10-30 21:27:27');
INSERT INTO `autors` (`id`, `first_name`, `last_name`, `created_at`) VALUES (45, 'Mazie', 'Ondricka', '2016-10-14 12:34:54');
INSERT INTO `autors` (`id`, `first_name`, `last_name`, `created_at`) VALUES (46, 'Kristofer', 'Kling', '2018-08-04 20:48:19');
INSERT INTO `autors` (`id`, `first_name`, `last_name`, `created_at`) VALUES (47, 'Steve', 'O\'Keefe', '2012-05-27 11:18:26');
INSERT INTO `autors` (`id`, `first_name`, `last_name`, `created_at`) VALUES (48, 'Harvey', 'McClure', '2019-12-18 11:34:18');
INSERT INTO `autors` (`id`, `first_name`, `last_name`, `created_at`) VALUES (49, 'Jalyn', 'Spencer', '2015-02-06 21:14:55');
INSERT INTO `autors` (`id`, `first_name`, `last_name`, `created_at`) VALUES (50, 'Nelson', 'Borer', '2020-10-15 06:46:15');
INSERT INTO `autors` (`id`, `first_name`, `last_name`, `created_at`) VALUES (51, 'Carlee', 'Luettgen', '2011-11-25 17:28:47');
INSERT INTO `autors` (`id`, `first_name`, `last_name`, `created_at`) VALUES (52, 'Al', 'Renner', '2014-10-04 00:36:43');
INSERT INTO `autors` (`id`, `first_name`, `last_name`, `created_at`) VALUES (53, 'Kaleb', 'Kutch', '2015-09-29 04:56:55');
INSERT INTO `autors` (`id`, `first_name`, `last_name`, `created_at`) VALUES (54, 'Amber', 'Runolfsdottir', '2012-10-28 05:19:17');
INSERT INTO `autors` (`id`, `first_name`, `last_name`, `created_at`) VALUES (55, 'Zella', 'Thiel', '2020-05-20 21:33:44');
INSERT INTO `autors` (`id`, `first_name`, `last_name`, `created_at`) VALUES (56, 'Oran', 'Ankunding', '2015-10-11 21:47:23');
INSERT INTO `autors` (`id`, `first_name`, `last_name`, `created_at`) VALUES (57, 'Myra', 'Dickens', '2016-07-19 14:27:19');
INSERT INTO `autors` (`id`, `first_name`, `last_name`, `created_at`) VALUES (58, 'Zula', 'Deckow', '2016-11-13 09:39:45');
INSERT INTO `autors` (`id`, `first_name`, `last_name`, `created_at`) VALUES (59, 'Macey', 'Heathcote', '2020-12-12 21:11:34');
INSERT INTO `autors` (`id`, `first_name`, `last_name`, `created_at`) VALUES (60, 'Verlie', 'Pollich', '2019-03-02 08:42:11');
INSERT INTO `autors` (`id`, `first_name`, `last_name`, `created_at`) VALUES (61, 'Darius', 'Batz', '2011-10-28 16:27:57');
INSERT INTO `autors` (`id`, `first_name`, `last_name`, `created_at`) VALUES (62, 'Alba', 'Effertz', '2020-11-16 17:45:06');
INSERT INTO `autors` (`id`, `first_name`, `last_name`, `created_at`) VALUES (63, 'Jessie', 'Zboncak', '2011-11-02 20:45:14');
INSERT INTO `autors` (`id`, `first_name`, `last_name`, `created_at`) VALUES (64, 'Earline', 'Stark', '2018-03-18 13:47:08');
INSERT INTO `autors` (`id`, `first_name`, `last_name`, `created_at`) VALUES (65, 'Isac', 'Shields', '2019-06-18 13:57:11');
INSERT INTO `autors` (`id`, `first_name`, `last_name`, `created_at`) VALUES (66, 'Tiana', 'Howe', '2012-02-14 04:58:22');
INSERT INTO `autors` (`id`, `first_name`, `last_name`, `created_at`) VALUES (67, 'Lilla', 'Beer', '2014-07-14 23:39:14');
INSERT INTO `autors` (`id`, `first_name`, `last_name`, `created_at`) VALUES (68, 'Maud', 'Becker', '2011-08-08 08:45:19');
INSERT INTO `autors` (`id`, `first_name`, `last_name`, `created_at`) VALUES (69, 'Samson', 'Romaguera', '2015-11-09 20:09:43');
INSERT INTO `autors` (`id`, `first_name`, `last_name`, `created_at`) VALUES (70, 'Lamar', 'Huels', '2017-12-20 01:04:18');
INSERT INTO `autors` (`id`, `first_name`, `last_name`, `created_at`) VALUES (71, 'Ora', 'Parker', '2012-11-16 01:30:35');
INSERT INTO `autors` (`id`, `first_name`, `last_name`, `created_at`) VALUES (72, 'Blaze', 'Kub', '2012-08-31 05:08:18');
INSERT INTO `autors` (`id`, `first_name`, `last_name`, `created_at`) VALUES (73, 'Raoul', 'Little', '2014-10-11 18:53:33');
INSERT INTO `autors` (`id`, `first_name`, `last_name`, `created_at`) VALUES (74, 'Wayne', 'Skiles', '2019-12-24 07:47:23');
INSERT INTO `autors` (`id`, `first_name`, `last_name`, `created_at`) VALUES (75, 'Devon', 'Schinner', '2015-03-10 21:27:45');
INSERT INTO `autors` (`id`, `first_name`, `last_name`, `created_at`) VALUES (76, 'Ronaldo', 'Leuschke', '2012-03-03 02:20:22');
INSERT INTO `autors` (`id`, `first_name`, `last_name`, `created_at`) VALUES (77, 'Aaron', 'Stroman', '2012-08-02 15:46:48');
INSERT INTO `autors` (`id`, `first_name`, `last_name`, `created_at`) VALUES (78, 'Rosamond', 'Glover', '2014-10-05 19:06:47');
INSERT INTO `autors` (`id`, `first_name`, `last_name`, `created_at`) VALUES (79, 'Jeramy', 'Marvin', '2012-11-15 00:34:35');
INSERT INTO `autors` (`id`, `first_name`, `last_name`, `created_at`) VALUES (80, 'Anibal', 'Jones', '2011-04-27 00:26:06');
INSERT INTO `autors` (`id`, `first_name`, `last_name`, `created_at`) VALUES (81, 'Corrine', 'Corwin', '2015-10-20 05:00:10');
INSERT INTO `autors` (`id`, `first_name`, `last_name`, `created_at`) VALUES (82, 'Marie', 'Friesen', '2013-04-14 11:05:46');
INSERT INTO `autors` (`id`, `first_name`, `last_name`, `created_at`) VALUES (83, 'Zander', 'Cummerata', '2016-10-09 20:05:53');
INSERT INTO `autors` (`id`, `first_name`, `last_name`, `created_at`) VALUES (84, 'Emie', 'Purdy', '2017-10-03 17:14:30');
INSERT INTO `autors` (`id`, `first_name`, `last_name`, `created_at`) VALUES (85, 'Jonathan', 'Weissnat', '2012-01-18 13:15:25');
INSERT INTO `autors` (`id`, `first_name`, `last_name`, `created_at`) VALUES (86, 'Axel', 'Wunsch', '2011-12-30 11:37:51');
INSERT INTO `autors` (`id`, `first_name`, `last_name`, `created_at`) VALUES (87, 'Citlalli', 'Beer', '2017-02-26 16:25:22');
INSERT INTO `autors` (`id`, `first_name`, `last_name`, `created_at`) VALUES (88, 'Louisa', 'Crooks', '2016-09-18 22:35:54');
INSERT INTO `autors` (`id`, `first_name`, `last_name`, `created_at`) VALUES (89, 'Clemens', 'Larson', '2013-08-25 14:19:19');
INSERT INTO `autors` (`id`, `first_name`, `last_name`, `created_at`) VALUES (90, 'Brad', 'Kuvalis', '2016-08-27 14:13:32');
INSERT INTO `autors` (`id`, `first_name`, `last_name`, `created_at`) VALUES (91, 'Pasquale', 'Bayer', '2011-06-30 17:20:16');
INSERT INTO `autors` (`id`, `first_name`, `last_name`, `created_at`) VALUES (92, 'Angelita', 'Schimmel', '2014-10-04 06:57:09');
INSERT INTO `autors` (`id`, `first_name`, `last_name`, `created_at`) VALUES (93, 'Theresia', 'Volkman', '2018-11-18 16:29:27');
INSERT INTO `autors` (`id`, `first_name`, `last_name`, `created_at`) VALUES (94, 'Hassie', 'Walker', '2017-07-28 20:55:44');
INSERT INTO `autors` (`id`, `first_name`, `last_name`, `created_at`) VALUES (95, 'Lukas', 'Leffler', '2012-03-14 16:46:31');
INSERT INTO `autors` (`id`, `first_name`, `last_name`, `created_at`) VALUES (96, 'Geovany', 'Stoltenberg', '2014-12-25 03:59:40');
INSERT INTO `autors` (`id`, `first_name`, `last_name`, `created_at`) VALUES (97, 'Ollie', 'Macejkovic', '2013-10-29 10:17:48');
INSERT INTO `autors` (`id`, `first_name`, `last_name`, `created_at`) VALUES (98, 'Gretchen', 'Heidenreich', '2015-11-12 15:41:37');
INSERT INTO `autors` (`id`, `first_name`, `last_name`, `created_at`) VALUES (99, 'Gayle', 'Ferry', '2018-10-07 09:47:13');
INSERT INTO `autors` (`id`, `first_name`, `last_name`, `created_at`) VALUES (100, 'Carter', 'Nicolas', '2014-05-26 13:57:13');


#
# TABLE STRUCTURE FOR: book_categories
#

DROP TABLE IF EXISTS `book_categories`;

CREATE TABLE `book_categories` (
  `id` int(10) unsigned NOT NULL AUTO_INCREMENT,
  `name` varchar(100) COLLATE utf8mb4_unicode_ci DEFAULT NULL,
  `created_at` datetime DEFAULT current_timestamp(),
  PRIMARY KEY (`id`)
) ENGINE=InnoDB DEFAULT CHARSET=utf8mb4 COLLATE=utf8mb4_unicode_ci COMMENT='Категории книг ';

#
# TABLE STRUCTURE FOR: books
#

DROP TABLE IF EXISTS `books`;

CREATE TABLE `books` (
  `id` int(10) unsigned NOT NULL AUTO_INCREMENT,
  `category_id` int(10) unsigned NOT NULL,
  `autor_id` int(10) unsigned NOT NULL,
  `publishing_house_id` int(10) unsigned NOT NULL,
  `name` varchar(100) COLLATE utf8mb4_unicode_ci DEFAULT NULL,
  `annotation` text COLLATE utf8mb4_unicode_ci DEFAULT NULL,
  `price` decimal(11,2) DEFAULT NULL,
  `created_at` datetime DEFAULT current_timestamp(),
  `updated_at` datetime DEFAULT current_timestamp() ON UPDATE current_timestamp(),
  PRIMARY KEY (`id`)
) ENGINE=InnoDB AUTO_INCREMENT=301 DEFAULT CHARSET=utf8mb4 COLLATE=utf8mb4_unicode_ci COMMENT='Книги';

INSERT INTO `books` (`id`, `category_id`, `autor_id`, `publishing_house_id`, `name`, `annotation`, `price`, `created_at`, `updated_at`) VALUES (1, 1, 33, 2, 'Dolore delectus dolor.', 'Omnis illum maxime modi est vel perspiciatis ut. Unde cum animi aut voluptas neque. Fugit aperiam tempore est quas et laudantium vero quidem.', '633345487.75', '2015-08-21 09:55:04', '2013-07-25 20:38:39');
INSERT INTO `books` (`id`, `category_id`, `autor_id`, `publishing_house_id`, `name`, `annotation`, `price`, `created_at`, `updated_at`) VALUES (2, 7, 90, 2, 'Sapiente aspernatur voluptas.', 'Veritatis illo aut est ut dolorum fugiat in. At dicta ut adipisci repellendus. Quo maxime enim blanditiis deserunt.', '0.18', '2020-05-26 23:54:06', '2020-06-23 01:35:36');
INSERT INTO `books` (`id`, `category_id`, `autor_id`, `publishing_house_id`, `name`, `annotation`, `price`, `created_at`, `updated_at`) VALUES (3, 4, 94, 7, 'Praesentium quis.', 'Nobis sed voluptates ipsum autem quisquam non a. Voluptas asperiores officia iusto hic. Ad rerum voluptates hic hic dignissimos doloribus quidem architecto.', '0.17', '2012-07-14 03:23:38', '2017-08-29 15:14:56');
INSERT INTO `books` (`id`, `category_id`, `autor_id`, `publishing_house_id`, `name`, `annotation`, `price`, `created_at`, `updated_at`) VALUES (4, 3, 52, 1, 'Quia ea deserunt.', 'Sed dolor molestias ea sit facilis et mollitia. Dolor earum perspiciatis omnis sed aut. Ipsa nulla laborum et et. Qui libero veniam nobis architecto.', '104391544.93', '2018-12-22 00:42:37', '2015-03-11 03:52:26');
INSERT INTO `books` (`id`, `category_id`, `autor_id`, `publishing_house_id`, `name`, `annotation`, `price`, `created_at`, `updated_at`) VALUES (5, 8, 93, 4, 'Eos voluptates.', 'Ut odio sunt qui. Totam reiciendis aut qui eum nihil nisi officia. Molestiae sit veritatis ex et iure consequatur.', '436.82', '2019-02-02 19:41:01', '2012-06-18 21:55:29');
INSERT INTO `books` (`id`, `category_id`, `autor_id`, `publishing_house_id`, `name`, `annotation`, `price`, `created_at`, `updated_at`) VALUES (6, 6, 12, 4, 'Officia iste eum.', 'Id autem saepe non aut. Eligendi reiciendis dolorum voluptatem harum vitae distinctio. Architecto ipsum consequatur incidunt doloribus deleniti qui. In inventore velit doloribus autem aliquid ratione soluta. Numquam velit dolorem optio odio quisquam.', '440538.76', '2011-07-27 05:57:46', '2014-06-26 15:43:12');
INSERT INTO `books` (`id`, `category_id`, `autor_id`, `publishing_house_id`, `name`, `annotation`, `price`, `created_at`, `updated_at`) VALUES (7, 8, 69, 2, 'Molestias tenetur.', 'Aspernatur quia sunt omnis rem sint corrupti aliquam ipsa. Autem aut rerum fuga ut veniam consequatur fugiat fuga. Corporis ad eius impedit excepturi soluta est maxime.', '79971316.76', '2021-01-29 09:43:04', '2013-06-05 16:39:16');
INSERT INTO `books` (`id`, `category_id`, `autor_id`, `publishing_house_id`, `name`, `annotation`, `price`, `created_at`, `updated_at`) VALUES (8, 7, 17, 2, 'Praesentium vel.', 'Est porro delectus exercitationem fuga. Quisquam et molestiae non in et. Neque unde id sint molestiae temporibus impedit necessitatibus.', '0.00', '2011-10-12 12:45:06', '2016-10-23 22:17:10');
INSERT INTO `books` (`id`, `category_id`, `autor_id`, `publishing_house_id`, `name`, `annotation`, `price`, `created_at`, `updated_at`) VALUES (9, 7, 19, 1, 'Quis similique voluptate.', 'Et consequatur nisi aliquam ab saepe quis. Magnam rem exercitationem earum. Fugiat natus cum ut et.', '0.70', '2013-06-24 23:14:25', '2014-06-13 06:33:23');
INSERT INTO `books` (`id`, `category_id`, `autor_id`, `publishing_house_id`, `name`, `annotation`, `price`, `created_at`, `updated_at`) VALUES (10, 4, 74, 6, 'Corrupti ea.', 'Libero et a totam est in in. Aliquam repudiandae sint ut magnam voluptatem. Sint consequuntur quo veritatis et ducimus. Delectus earum porro inventore in laudantium numquam. Delectus eos reprehenderit deserunt aperiam neque illo.', '50.92', '2013-09-21 12:44:58', '2017-06-06 03:59:03');
INSERT INTO `books` (`id`, `category_id`, `autor_id`, `publishing_house_id`, `name`, `annotation`, `price`, `created_at`, `updated_at`) VALUES (11, 6, 92, 10, 'Consectetur quaerat.', 'Qui deleniti sit non. Illo voluptatem itaque et eaque. Ipsam veniam rerum nemo eum. Dolor eius consectetur unde perferendis officia a ullam esse. Velit illo accusamus asperiores explicabo aut illum aut unde.', '0.61', '2020-09-01 03:50:19', '2011-12-12 09:37:17');
INSERT INTO `books` (`id`, `category_id`, `autor_id`, `publishing_house_id`, `name`, `annotation`, `price`, `created_at`, `updated_at`) VALUES (12, 5, 10, 1, 'Est qui.', 'Ea tenetur minus commodi neque aut est quas. Sed neque voluptates non officia in eius. Qui officia voluptatem sit aperiam.', '4575.13', '2014-05-29 06:03:57', '2020-04-12 16:58:59');
INSERT INTO `books` (`id`, `category_id`, `autor_id`, `publishing_house_id`, `name`, `annotation`, `price`, `created_at`, `updated_at`) VALUES (13, 10, 3, 4, 'Doloribus odio.', 'Adipisci omnis hic autem ea voluptatum rerum. Id est labore voluptas expedita. Ab sit mollitia molestiae sed et quo voluptatem officiis.', '2929.65', '2012-12-01 20:05:25', '2019-10-03 00:37:18');
INSERT INTO `books` (`id`, `category_id`, `autor_id`, `publishing_house_id`, `name`, `annotation`, `price`, `created_at`, `updated_at`) VALUES (14, 2, 78, 2, 'Ab aut.', 'Et qui quia illum id. Accusamus illo nobis minus vel aut. Perspiciatis omnis nulla error fuga. Voluptatem sed ab velit porro.', '2.20', '2018-06-30 22:47:46', '2017-04-23 02:47:01');
INSERT INTO `books` (`id`, `category_id`, `autor_id`, `publishing_house_id`, `name`, `annotation`, `price`, `created_at`, `updated_at`) VALUES (15, 8, 20, 4, 'Earum dicta laboriosam.', 'Officiis quod exercitationem enim. Esse voluptatum quos occaecati consectetur ab ea. Sed voluptas itaque consequatur quos quod vero qui. Laboriosam molestiae impedit sint ut voluptates. Dignissimos suscipit iusto occaecati alias nulla ut sint.', '0.89', '2013-12-15 23:40:07', '2012-08-01 20:03:08');
INSERT INTO `books` (`id`, `category_id`, `autor_id`, `publishing_house_id`, `name`, `annotation`, `price`, `created_at`, `updated_at`) VALUES (16, 4, 24, 2, 'Aliquam saepe odio.', 'Aliquam totam harum eveniet eligendi sed aut. Ea accusamus et minima.', '444.84', '2011-07-01 02:43:13', '2020-01-26 18:51:31');
INSERT INTO `books` (`id`, `category_id`, `autor_id`, `publishing_house_id`, `name`, `annotation`, `price`, `created_at`, `updated_at`) VALUES (17, 3, 18, 4, 'Blanditiis corporis.', 'Et et ex ut voluptas sit repellendus cum. Animi soluta quas molestiae ut. Et debitis vel eaque est eos dolore perspiciatis.', '190420.60', '2016-04-20 13:16:47', '2015-08-31 08:14:34');
INSERT INTO `books` (`id`, `category_id`, `autor_id`, `publishing_house_id`, `name`, `annotation`, `price`, `created_at`, `updated_at`) VALUES (18, 3, 9, 9, 'Sed magnam dignissimos.', 'Voluptatem natus rerum reiciendis voluptatum quam aut eos. Velit consequatur eaque dicta enim sequi cumque saepe dolore. Dolorem possimus perspiciatis consectetur sunt distinctio. Molestiae iusto eligendi assumenda perspiciatis molestias voluptas eaque maxime.', '3.22', '2014-10-03 06:37:45', '2013-05-24 12:53:59');
INSERT INTO `books` (`id`, `category_id`, `autor_id`, `publishing_house_id`, `name`, `annotation`, `price`, `created_at`, `updated_at`) VALUES (19, 8, 53, 1, 'Nisi eius ducimus.', 'Quae omnis eius placeat eos eum accusantium neque. Odit aut quo rerum voluptas repellendus iusto autem. Saepe dicta accusamus ut praesentium doloribus quam sint. Maxime distinctio laboriosam nihil quam est exercitationem repellendus soluta.', '17397.44', '2019-04-21 10:23:13', '2014-03-27 07:53:56');
INSERT INTO `books` (`id`, `category_id`, `autor_id`, `publishing_house_id`, `name`, `annotation`, `price`, `created_at`, `updated_at`) VALUES (20, 10, 69, 4, 'Nihil nihil placeat.', 'Sint vitae quos non et dolorem quis. Voluptate aut perspiciatis iure sint ducimus natus harum. Explicabo quo quae non quisquam ut sint. Quidem architecto porro illum adipisci fugit.', '1.81', '2018-06-27 05:06:02', '2012-12-03 19:30:58');
INSERT INTO `books` (`id`, `category_id`, `autor_id`, `publishing_house_id`, `name`, `annotation`, `price`, `created_at`, `updated_at`) VALUES (21, 6, 48, 8, 'Ea vero.', 'Assumenda excepturi officiis dolores omnis consectetur quia cumque. Dicta perspiciatis adipisci quasi voluptatem nulla sint. Ut repudiandae repellat et et in.', '22267303.57', '2018-06-21 03:05:23', '2014-12-04 09:52:39');
INSERT INTO `books` (`id`, `category_id`, `autor_id`, `publishing_house_id`, `name`, `annotation`, `price`, `created_at`, `updated_at`) VALUES (22, 4, 19, 1, 'Tenetur beatae enim.', 'Qui laborum ut excepturi nihil aliquid. Quae quisquam et in quia. Quo enim natus quisquam doloremque repellendus officiis. Aperiam quisquam maxime cupiditate esse temporibus tempora ad quidem.', '3.56', '2019-12-28 10:20:17', '2013-09-18 04:07:40');
INSERT INTO `books` (`id`, `category_id`, `autor_id`, `publishing_house_id`, `name`, `annotation`, `price`, `created_at`, `updated_at`) VALUES (23, 2, 14, 6, 'Repellendus omnis.', 'Velit adipisci id dolorem autem sequi est eveniet. Provident magni hic et sed minus ad. Pariatur et nisi alias est aliquam veniam qui. Similique praesentium quidem eum debitis nulla sed tempora cum.', '1962.38', '2011-10-22 22:25:02', '2019-02-23 08:32:57');
INSERT INTO `books` (`id`, `category_id`, `autor_id`, `publishing_house_id`, `name`, `annotation`, `price`, `created_at`, `updated_at`) VALUES (24, 5, 27, 4, 'Officia accusantium voluptas.', 'Similique ut laborum totam quos quis. Doloribus nisi alias quia eveniet tempore laboriosam libero. Rerum nobis quisquam quis consequatur velit delectus molestiae. Dolorem autem aut optio corrupti amet impedit.', '0.00', '2011-09-09 00:18:52', '2013-12-30 04:25:24');
INSERT INTO `books` (`id`, `category_id`, `autor_id`, `publishing_house_id`, `name`, `annotation`, `price`, `created_at`, `updated_at`) VALUES (25, 9, 9, 2, 'Facilis magnam.', 'Quam et dicta illo illum exercitationem amet. Aut perspiciatis velit placeat sint nisi dolorum nisi. Ea sint quas fuga maxime omnis.', '4.13', '2019-10-26 22:23:05', '2017-02-21 09:28:52');
INSERT INTO `books` (`id`, `category_id`, `autor_id`, `publishing_house_id`, `name`, `annotation`, `price`, `created_at`, `updated_at`) VALUES (26, 5, 35, 1, 'Ipsum dolor.', 'Eligendi aut non consequatur expedita consequuntur voluptate. Et saepe laboriosam animi voluptates nisi harum. Qui deserunt sit blanditiis ut ad. Et commodi est iure dicta.', '456024891.89', '2013-04-23 00:26:37', '2018-11-17 05:19:52');
INSERT INTO `books` (`id`, `category_id`, `autor_id`, `publishing_house_id`, `name`, `annotation`, `price`, `created_at`, `updated_at`) VALUES (27, 6, 55, 5, 'Dolores omnis.', 'Sed impedit incidunt sequi fuga. Veritatis provident quos corrupti aut nam beatae non. Voluptatem nesciunt ut odit vero velit atque optio. Eum vel corrupti blanditiis.', '68.00', '2020-12-26 02:52:50', '2020-02-05 08:00:26');
INSERT INTO `books` (`id`, `category_id`, `autor_id`, `publishing_house_id`, `name`, `annotation`, `price`, `created_at`, `updated_at`) VALUES (28, 3, 36, 4, 'Quaerat explicabo quia.', 'Ut libero officiis consequatur quo. Omnis id error quas et minus. Quo molestiae velit sunt dolore.', '297.00', '2012-11-28 02:51:49', '2018-12-20 20:43:20');
INSERT INTO `books` (`id`, `category_id`, `autor_id`, `publishing_house_id`, `name`, `annotation`, `price`, `created_at`, `updated_at`) VALUES (29, 9, 12, 3, 'Alias et nihil.', 'Dolorem sunt optio temporibus recusandae. Voluptatem est animi rem voluptate nihil eligendi ut laboriosam. Harum perferendis dolorem ducimus nulla. Aut nihil culpa mollitia voluptatibus quia.', '674374.72', '2017-06-08 06:53:36', '2018-04-27 17:04:41');
INSERT INTO `books` (`id`, `category_id`, `autor_id`, `publishing_house_id`, `name`, `annotation`, `price`, `created_at`, `updated_at`) VALUES (30, 1, 56, 5, 'Quo ipsam fugiat.', 'Aperiam aut ratione sit laborum. Assumenda commodi maiores facilis et numquam quas ut. Recusandae delectus quia commodi reprehenderit vitae.', '0.98', '2013-11-26 10:52:41', '2013-02-13 13:34:03');
INSERT INTO `books` (`id`, `category_id`, `autor_id`, `publishing_house_id`, `name`, `annotation`, `price`, `created_at`, `updated_at`) VALUES (31, 7, 33, 7, 'Quo est est.', 'Odit quo corporis aut voluptatum. Dolorum ducimus et odit repellat. At illum aliquid quos.', '2385035.18', '2018-09-21 08:31:19', '2017-04-04 03:52:54');
INSERT INTO `books` (`id`, `category_id`, `autor_id`, `publishing_house_id`, `name`, `annotation`, `price`, `created_at`, `updated_at`) VALUES (32, 3, 25, 9, 'Aut officia.', 'Natus enim nesciunt molestias quia provident et eum dolorem. Aut illo et fugiat aut ut quos quia. Magnam omnis et expedita sit quasi debitis aut.', '642122274.03', '2013-03-12 21:35:11', '2020-10-22 00:05:59');
INSERT INTO `books` (`id`, `category_id`, `autor_id`, `publishing_house_id`, `name`, `annotation`, `price`, `created_at`, `updated_at`) VALUES (33, 5, 86, 1, 'Eius aut.', 'Omnis nulla fugit facilis nam sapiente dignissimos ratione id. Saepe hic dicta saepe inventore placeat. Natus atque maiores consectetur amet.', '0.00', '2019-06-24 06:35:58', '2012-05-14 12:53:36');
INSERT INTO `books` (`id`, `category_id`, `autor_id`, `publishing_house_id`, `name`, `annotation`, `price`, `created_at`, `updated_at`) VALUES (34, 10, 67, 6, 'Aut soluta.', 'Laborum ad ut asperiores deleniti aliquid repudiandae recusandae. Rerum ab odio placeat facilis nulla necessitatibus. Ea iure rem quis voluptates non vitae tempore dolore. Quis sunt porro accusantium tempora quas error inventore at.', '0.00', '2018-09-13 10:13:40', '2018-06-14 01:48:43');
INSERT INTO `books` (`id`, `category_id`, `autor_id`, `publishing_house_id`, `name`, `annotation`, `price`, `created_at`, `updated_at`) VALUES (35, 9, 100, 1, 'Ea ut atque.', 'Et fuga qui quidem necessitatibus dolorum. Reiciendis ad id exercitationem provident dolores.', '2.00', '2016-01-03 22:00:37', '2012-07-09 01:41:24');
INSERT INTO `books` (`id`, `category_id`, `autor_id`, `publishing_house_id`, `name`, `annotation`, `price`, `created_at`, `updated_at`) VALUES (36, 1, 44, 7, 'Molestiae qui inventore.', 'Molestiae laudantium libero aut et. Et eos consequatur esse voluptas quod commodi. Voluptas dicta est ut est blanditiis omnis voluptatum. Reiciendis incidunt quo temporibus et in.', '98233.43', '2012-09-02 07:42:37', '2020-04-28 09:57:26');
INSERT INTO `books` (`id`, `category_id`, `autor_id`, `publishing_house_id`, `name`, `annotation`, `price`, `created_at`, `updated_at`) VALUES (37, 6, 11, 2, 'Accusantium quia.', 'Cumque corporis nulla aut dolores atque quisquam molestiae. Dolorum et ut eligendi. Doloribus eum dolor itaque et ut et.', '238209.65', '2013-03-28 06:33:21', '2018-03-06 20:03:23');
INSERT INTO `books` (`id`, `category_id`, `autor_id`, `publishing_house_id`, `name`, `annotation`, `price`, `created_at`, `updated_at`) VALUES (38, 7, 42, 2, 'Labore eos architecto.', 'Sit perferendis vel eos enim. Aliquam repellendus laboriosam quod deserunt ex accusantium.', '1.60', '2016-03-08 21:40:52', '2011-08-06 15:53:42');
INSERT INTO `books` (`id`, `category_id`, `autor_id`, `publishing_house_id`, `name`, `annotation`, `price`, `created_at`, `updated_at`) VALUES (39, 4, 5, 5, 'Ea amet.', 'Sed qui explicabo non deserunt non. Praesentium ut qui veniam non. Quia architecto non assumenda ab.', '30.01', '2011-09-15 17:48:07', '2018-04-25 12:56:58');
INSERT INTO `books` (`id`, `category_id`, `autor_id`, `publishing_house_id`, `name`, `annotation`, `price`, `created_at`, `updated_at`) VALUES (40, 9, 68, 6, 'Nemo eligendi.', 'Laudantium explicabo ea et. Repudiandae autem fugiat harum consequatur.', '39088.50', '2017-12-12 19:13:41', '2012-12-06 00:44:08');
INSERT INTO `books` (`id`, `category_id`, `autor_id`, `publishing_house_id`, `name`, `annotation`, `price`, `created_at`, `updated_at`) VALUES (41, 4, 7, 2, 'Aut delectus tempore.', 'Eos fugit dolores odit id. Iure vitae provident est quos. Dolor est excepturi quibusdam repellendus. Pariatur quibusdam et molestiae explicabo recusandae est a qui.', '405.80', '2013-02-19 06:45:54', '2019-09-21 02:52:57');
INSERT INTO `books` (`id`, `category_id`, `autor_id`, `publishing_house_id`, `name`, `annotation`, `price`, `created_at`, `updated_at`) VALUES (42, 8, 96, 3, 'Aperiam nulla rerum.', 'Et beatae aut velit sit. Itaque dolor nobis saepe. Est quo recusandae aut natus dignissimos et eos.', '440617.00', '2019-12-10 07:13:32', '2012-01-10 05:52:04');
INSERT INTO `books` (`id`, `category_id`, `autor_id`, `publishing_house_id`, `name`, `annotation`, `price`, `created_at`, `updated_at`) VALUES (43, 8, 15, 4, 'A voluptas.', 'Voluptatibus possimus quidem ducimus cum accusantium praesentium quasi fugit. Quas voluptas est et.', '1.00', '2011-06-08 13:55:29', '2015-07-20 18:57:32');
INSERT INTO `books` (`id`, `category_id`, `autor_id`, `publishing_house_id`, `name`, `annotation`, `price`, `created_at`, `updated_at`) VALUES (44, 1, 56, 5, 'Nulla illo.', 'Id soluta nulla inventore et. Expedita fugit aperiam rem et et consequatur cumque. Maiores dolorum natus vitae. Officia excepturi architecto sit libero ipsa aut. Vel molestiae voluptas voluptas placeat hic nemo.', '844921342.48', '2016-10-14 02:41:35', '2012-04-10 09:03:24');
INSERT INTO `books` (`id`, `category_id`, `autor_id`, `publishing_house_id`, `name`, `annotation`, `price`, `created_at`, `updated_at`) VALUES (45, 5, 3, 9, 'Quidem et libero.', 'Et deserunt rerum perferendis maxime molestiae vero dicta a. Est neque voluptate quas distinctio ad. Autem et quis blanditiis tenetur. Consequatur et accusantium aut reiciendis aliquid placeat. Sit repudiandae nemo fugiat sint ab.', '1813793.10', '2013-01-25 19:14:45', '2014-11-12 08:21:04');
INSERT INTO `books` (`id`, `category_id`, `autor_id`, `publishing_house_id`, `name`, `annotation`, `price`, `created_at`, `updated_at`) VALUES (46, 4, 67, 8, 'Adipisci qui.', 'Ut incidunt consectetur laboriosam voluptatum. Cumque iste hic iusto odit.', '1909.09', '2012-10-02 00:19:25', '2012-10-07 20:32:49');
INSERT INTO `books` (`id`, `category_id`, `autor_id`, `publishing_house_id`, `name`, `annotation`, `price`, `created_at`, `updated_at`) VALUES (47, 1, 27, 1, 'Possimus nemo itaque.', 'Et dicta quo est ab reiciendis. Distinctio maxime harum ut doloribus qui qui. Quasi omnis officiis quia. Amet dolorem placeat enim et omnis id.', '626656.74', '2019-02-16 16:16:54', '2020-03-14 12:37:38');
INSERT INTO `books` (`id`, `category_id`, `autor_id`, `publishing_house_id`, `name`, `annotation`, `price`, `created_at`, `updated_at`) VALUES (48, 6, 55, 6, 'Enim laboriosam.', 'Deleniti excepturi et maiores. Provident et necessitatibus et laboriosam. Ipsam aliquam nihil culpa et.', '2106.50', '2015-06-04 19:35:14', '2020-05-09 23:29:31');
INSERT INTO `books` (`id`, `category_id`, `autor_id`, `publishing_house_id`, `name`, `annotation`, `price`, `created_at`, `updated_at`) VALUES (49, 3, 38, 2, 'Blanditiis et dolores.', 'Facilis quisquam libero architecto maiores occaecati culpa. Incidunt veritatis quia qui quos vero sit similique. Qui atque voluptas ullam aut. Dignissimos omnis architecto reiciendis ipsam occaecati. Qui sint consectetur odio nam.', '669.38', '2011-12-31 15:13:38', '2011-06-12 11:16:44');
INSERT INTO `books` (`id`, `category_id`, `autor_id`, `publishing_house_id`, `name`, `annotation`, `price`, `created_at`, `updated_at`) VALUES (50, 4, 52, 8, 'Aut sit.', 'Cumque praesentium magnam sequi quo ea. In accusantium deleniti inventore magni. Ad dolores occaecati maxime velit pariatur. Mollitia non maxime rerum sed.', '0.00', '2015-06-03 02:28:11', '2012-02-29 12:28:25');
INSERT INTO `books` (`id`, `category_id`, `autor_id`, `publishing_house_id`, `name`, `annotation`, `price`, `created_at`, `updated_at`) VALUES (51, 7, 69, 10, 'Temporibus iusto.', 'Quas aut reprehenderit iste ex. Explicabo expedita cum suscipit quidem non deleniti architecto minima. Et quasi non veniam id. Et earum qui voluptas modi doloremque.', '136.00', '2011-03-17 19:48:25', '2013-02-16 08:38:40');
INSERT INTO `books` (`id`, `category_id`, `autor_id`, `publishing_house_id`, `name`, `annotation`, `price`, `created_at`, `updated_at`) VALUES (52, 3, 52, 7, 'Non tenetur velit.', 'Et atque eum consectetur similique aut optio. Quod harum officia corporis id dolores voluptas et. Non quos officiis repudiandae molestiae fuga. Iure eveniet veritatis eum non eos magni.', '70734575.00', '2016-09-26 22:37:31', '2014-08-14 16:00:44');
INSERT INTO `books` (`id`, `category_id`, `autor_id`, `publishing_house_id`, `name`, `annotation`, `price`, `created_at`, `updated_at`) VALUES (53, 3, 27, 9, 'Quisquam molestiae consectetur.', 'Atque ut eos rerum quia. Eveniet dolore reiciendis quasi explicabo molestias qui voluptatem. Libero molestias doloribus ex laudantium nobis. Reprehenderit dolor molestiae soluta facilis.', '0.00', '2020-09-14 01:08:50', '2017-05-22 19:51:07');
INSERT INTO `books` (`id`, `category_id`, `autor_id`, `publishing_house_id`, `name`, `annotation`, `price`, `created_at`, `updated_at`) VALUES (54, 3, 15, 10, 'Nesciunt corrupti.', 'Aut nihil neque sunt culpa sit doloribus quis. Nihil sint et nesciunt vel voluptate voluptatem. Sit eum dolorum saepe autem vitae voluptates. Rem aspernatur nemo est sit.', '9.52', '2020-11-23 03:49:48', '2012-04-30 09:49:36');
INSERT INTO `books` (`id`, `category_id`, `autor_id`, `publishing_house_id`, `name`, `annotation`, `price`, `created_at`, `updated_at`) VALUES (55, 1, 89, 8, 'Laudantium quis.', 'Inventore quisquam quis est fugiat tempora reiciendis corporis reprehenderit. Sint velit quas temporibus sequi et. Laudantium dolore et voluptas delectus fuga quisquam voluptates.', '3.20', '2013-12-15 02:00:19', '2018-06-06 14:08:13');
INSERT INTO `books` (`id`, `category_id`, `autor_id`, `publishing_house_id`, `name`, `annotation`, `price`, `created_at`, `updated_at`) VALUES (56, 7, 59, 2, 'Distinctio rerum in.', 'Amet omnis iure et. Sit eius illum ratione. Quis quia autem minima asperiores optio corrupti.', '25603.84', '2016-11-09 03:52:44', '2016-01-28 06:17:21');
INSERT INTO `books` (`id`, `category_id`, `autor_id`, `publishing_house_id`, `name`, `annotation`, `price`, `created_at`, `updated_at`) VALUES (57, 5, 51, 3, 'Nihil provident architecto.', 'A eaque iste optio non tempora sit quod. Aliquam doloribus temporibus eos in dolor culpa ducimus. Eveniet sit voluptatem incidunt voluptatibus eum reiciendis.', '816493.68', '2011-10-29 17:55:30', '2016-07-18 01:44:01');
INSERT INTO `books` (`id`, `category_id`, `autor_id`, `publishing_house_id`, `name`, `annotation`, `price`, `created_at`, `updated_at`) VALUES (58, 2, 18, 6, 'Sequi illo.', 'Accusamus labore qui modi sed sit. Cumque ducimus explicabo harum consequatur cumque mollitia. Ipsam ea ea voluptas aut quaerat atque. Modi et autem sed voluptas est alias aspernatur cumque.', '185979654.22', '2020-11-20 04:38:08', '2021-01-28 18:32:58');
INSERT INTO `books` (`id`, `category_id`, `autor_id`, `publishing_house_id`, `name`, `annotation`, `price`, `created_at`, `updated_at`) VALUES (59, 3, 87, 4, 'Dolor ratione officiis.', 'Quia qui eum est ratione rerum saepe. Qui modi officiis ratione ab unde sed impedit. Qui et consequatur in necessitatibus. Et et harum et aut.', '5186.65', '2011-07-26 09:16:42', '2019-03-06 07:08:09');
INSERT INTO `books` (`id`, `category_id`, `autor_id`, `publishing_house_id`, `name`, `annotation`, `price`, `created_at`, `updated_at`) VALUES (60, 5, 97, 3, 'Necessitatibus repudiandae porro.', 'Non et unde rerum totam non. Blanditiis necessitatibus placeat velit.', '2159.50', '2017-06-17 03:44:00', '2014-01-14 21:43:51');
INSERT INTO `books` (`id`, `category_id`, `autor_id`, `publishing_house_id`, `name`, `annotation`, `price`, `created_at`, `updated_at`) VALUES (61, 5, 49, 6, 'Qui sunt.', 'Et velit qui placeat harum aut harum. Eius nihil enim enim commodi debitis soluta possimus.', '3608246.82', '2018-09-04 16:08:48', '2020-06-19 08:43:15');
INSERT INTO `books` (`id`, `category_id`, `autor_id`, `publishing_house_id`, `name`, `annotation`, `price`, `created_at`, `updated_at`) VALUES (62, 2, 37, 2, 'Nobis ut.', 'Quam similique deserunt eos eos nostrum laborum facere. Omnis nobis consequatur rerum praesentium consectetur iste. Non illo eum quibusdam.', '5807.16', '2017-11-17 10:44:18', '2012-11-30 01:39:33');
INSERT INTO `books` (`id`, `category_id`, `autor_id`, `publishing_house_id`, `name`, `annotation`, `price`, `created_at`, `updated_at`) VALUES (63, 9, 20, 4, 'Molestiae corporis similique.', 'Ratione quisquam aperiam qui. Et harum occaecati illum dignissimos repellat. Quia magnam sunt sunt quasi.', '266421.00', '2018-02-05 08:32:20', '2013-08-07 03:28:11');
INSERT INTO `books` (`id`, `category_id`, `autor_id`, `publishing_house_id`, `name`, `annotation`, `price`, `created_at`, `updated_at`) VALUES (64, 3, 26, 1, 'Dignissimos nam vel.', 'Dolor non quis veniam quis enim voluptatem labore. Dolorum quia officia fuga qui fugiat. Totam ratione quisquam blanditiis qui. Et iure laboriosam animi blanditiis et illo et.', '1337.58', '2014-04-09 04:48:24', '2013-11-11 10:47:28');
INSERT INTO `books` (`id`, `category_id`, `autor_id`, `publishing_house_id`, `name`, `annotation`, `price`, `created_at`, `updated_at`) VALUES (65, 6, 73, 6, 'Illo ea rerum.', 'In est fugiat laudantium earum est deserunt. Molestiae voluptatem maiores doloremque molestias sed. Vel atque odit sunt laborum delectus. Rerum aliquid et aperiam error modi aliquam.', '0.00', '2016-06-19 01:30:30', '2017-06-15 11:37:33');
INSERT INTO `books` (`id`, `category_id`, `autor_id`, `publishing_house_id`, `name`, `annotation`, `price`, `created_at`, `updated_at`) VALUES (66, 7, 62, 8, 'Vitae quas qui.', 'Incidunt reiciendis nostrum quae tempore dolor. Minus tempora voluptas rem porro nam qui. Commodi quaerat voluptatum et commodi consequatur.', '42620935.00', '2016-08-24 07:29:17', '2016-01-02 08:26:10');
INSERT INTO `books` (`id`, `category_id`, `autor_id`, `publishing_house_id`, `name`, `annotation`, `price`, `created_at`, `updated_at`) VALUES (67, 8, 69, 2, 'Inventore ut.', 'Omnis minus soluta et ipsa quo nisi. Aut qui et voluptatem molestias molestiae sunt sit ratione. Necessitatibus porro corporis et ratione est qui expedita adipisci.', '0.00', '2019-07-29 22:35:48', '2019-11-30 20:29:01');
INSERT INTO `books` (`id`, `category_id`, `autor_id`, `publishing_house_id`, `name`, `annotation`, `price`, `created_at`, `updated_at`) VALUES (68, 9, 38, 4, 'Accusamus rem assumenda.', 'Incidunt ab voluptatem esse. Exercitationem sed consectetur voluptatum dolorum ut nulla. Officia ut magni aut culpa reprehenderit fuga et. Maiores eum incidunt in eveniet.', '477514.20', '2017-01-04 07:13:40', '2013-12-05 17:41:20');
INSERT INTO `books` (`id`, `category_id`, `autor_id`, `publishing_house_id`, `name`, `annotation`, `price`, `created_at`, `updated_at`) VALUES (69, 7, 27, 8, 'Velit sunt.', 'Laudantium omnis numquam autem quis tenetur beatae recusandae distinctio. Quidem tempore quod libero suscipit. Voluptas voluptas eligendi rerum beatae tempore doloribus rem. Qui vero enim aliquam dolorem maxime sed. Officia sint delectus corporis id.', '2.57', '2011-07-08 22:11:06', '2016-01-05 14:29:33');
INSERT INTO `books` (`id`, `category_id`, `autor_id`, `publishing_house_id`, `name`, `annotation`, `price`, `created_at`, `updated_at`) VALUES (70, 3, 62, 5, 'Distinctio expedita vel.', 'Voluptas accusantium laborum et voluptatum. Exercitationem dolor et non commodi velit consequatur quidem. Est perferendis accusamus harum perferendis. Magnam et doloremque animi molestiae.', '0.16', '2016-11-01 00:53:26', '2017-04-26 15:02:25');
INSERT INTO `books` (`id`, `category_id`, `autor_id`, `publishing_house_id`, `name`, `annotation`, `price`, `created_at`, `updated_at`) VALUES (71, 2, 84, 7, 'Voluptates unde iste.', 'Ratione impedit dolor possimus ab. Molestiae omnis qui repellendus quam quos. Est nobis omnis temporibus est esse. Dicta quasi saepe iste dolor ut eos.', '29884765.65', '2017-08-09 19:34:08', '2013-05-13 18:14:01');
INSERT INTO `books` (`id`, `category_id`, `autor_id`, `publishing_house_id`, `name`, `annotation`, `price`, `created_at`, `updated_at`) VALUES (72, 8, 48, 7, 'Cupiditate fugit.', 'Eveniet eum occaecati sed neque necessitatibus aliquid. Minus eos consectetur ea recusandae ut beatae. Voluptas omnis occaecati dicta eum quia impedit.', '950041.63', '2016-06-26 07:38:59', '2016-09-09 07:17:33');
INSERT INTO `books` (`id`, `category_id`, `autor_id`, `publishing_house_id`, `name`, `annotation`, `price`, `created_at`, `updated_at`) VALUES (73, 9, 23, 9, 'Voluptas libero quo.', 'Quidem aliquid vel eligendi natus porro autem. In veniam dicta cupiditate occaecati sit officiis. Dolores laborum similique beatae distinctio. Amet eos eius libero quibusdam cupiditate culpa.', '32320.35', '2015-05-12 06:02:55', '2020-03-17 05:22:04');
INSERT INTO `books` (`id`, `category_id`, `autor_id`, `publishing_house_id`, `name`, `annotation`, `price`, `created_at`, `updated_at`) VALUES (74, 2, 52, 6, 'Qui neque.', 'Aut numquam labore cum dignissimos aliquid hic. Rerum ipsam ut corporis consequuntur. Expedita sed et reiciendis dolore dolorum voluptas molestias.', '544922.00', '2021-02-17 14:17:18', '2013-11-29 23:41:26');
INSERT INTO `books` (`id`, `category_id`, `autor_id`, `publishing_house_id`, `name`, `annotation`, `price`, `created_at`, `updated_at`) VALUES (75, 7, 83, 10, 'Velit reiciendis omnis.', 'Aspernatur sit in optio eveniet. Harum nostrum dolore asperiores voluptates dolore facere. Ut voluptatem ex quos ut fuga.', '2447636.52', '2015-06-10 22:23:24', '2019-11-12 15:28:57');
INSERT INTO `books` (`id`, `category_id`, `autor_id`, `publishing_house_id`, `name`, `annotation`, `price`, `created_at`, `updated_at`) VALUES (76, 4, 2, 9, 'Unde esse.', 'Minima non atque adipisci. Deserunt ipsum sit commodi sit ea sequi. Voluptatem eos magnam assumenda ea.', '6386.20', '2015-12-02 19:03:14', '2013-05-17 18:49:49');
INSERT INTO `books` (`id`, `category_id`, `autor_id`, `publishing_house_id`, `name`, `annotation`, `price`, `created_at`, `updated_at`) VALUES (77, 8, 9, 4, 'Ut quis.', 'Iste facere fugit aspernatur quibusdam dicta inventore. Blanditiis qui sint et temporibus. Nesciunt voluptas quia dolorum eveniet voluptas. Eaque ut veritatis qui iste aliquid quisquam aut est.', '2.51', '2015-02-02 04:42:45', '2020-02-17 23:12:11');
INSERT INTO `books` (`id`, `category_id`, `autor_id`, `publishing_house_id`, `name`, `annotation`, `price`, `created_at`, `updated_at`) VALUES (78, 8, 61, 9, 'Ea explicabo est.', 'Quod dolores et ad quia distinctio. Aspernatur veniam autem eaque qui eum cupiditate amet. Sunt quia et similique voluptatem beatae qui cupiditate eveniet.', '24465829.81', '2012-09-27 04:56:56', '2015-10-27 12:00:07');
INSERT INTO `books` (`id`, `category_id`, `autor_id`, `publishing_house_id`, `name`, `annotation`, `price`, `created_at`, `updated_at`) VALUES (79, 5, 77, 5, 'Non repellat unde.', 'Ipsam totam ut eius quia voluptatem provident quam. Officiis est aut rerum ullam dolorem.', '0.00', '2019-04-08 18:56:40', '2013-02-13 06:25:59');
INSERT INTO `books` (`id`, `category_id`, `autor_id`, `publishing_house_id`, `name`, `annotation`, `price`, `created_at`, `updated_at`) VALUES (80, 5, 19, 5, 'Praesentium ut in.', 'Et id ut aspernatur sapiente et commodi aut. Quia modi reprehenderit reprehenderit vel dolorum eos. Dolorem eos sit beatae et. Aliquam sit et tempora minima et velit odio.', '13.50', '2020-07-11 00:05:54', '2011-12-05 07:21:34');
INSERT INTO `books` (`id`, `category_id`, `autor_id`, `publishing_house_id`, `name`, `annotation`, `price`, `created_at`, `updated_at`) VALUES (81, 9, 4, 4, 'Provident perferendis animi.', 'Porro iste molestiae officia dolorum amet repellendus magnam. Itaque doloribus temporibus exercitationem inventore eum. Pariatur ut quo tempore unde.', '1543.03', '2012-08-05 07:47:22', '2017-03-25 23:19:57');
INSERT INTO `books` (`id`, `category_id`, `autor_id`, `publishing_house_id`, `name`, `annotation`, `price`, `created_at`, `updated_at`) VALUES (82, 8, 53, 8, 'Quibusdam quis.', 'Maiores aut voluptas molestiae hic. Earum quos tenetur rerum. Dignissimos sed reprehenderit aut unde eaque dicta quibusdam. Dolore et quae id et sit non eum. Magni vel soluta excepturi saepe reprehenderit qui.', '44876493.57', '2017-09-28 22:58:43', '2012-06-05 20:55:30');
INSERT INTO `books` (`id`, `category_id`, `autor_id`, `publishing_house_id`, `name`, `annotation`, `price`, `created_at`, `updated_at`) VALUES (83, 1, 3, 9, 'Incidunt itaque est.', 'Velit quia placeat consequatur nostrum. Quia eius vel dolor rerum. Repellat facilis nam itaque magnam necessitatibus dignissimos. Nesciunt ratione eum et nihil id voluptates. Nihil reprehenderit sed quia.', '335559.49', '2018-10-06 15:23:11', '2020-05-20 07:42:10');
INSERT INTO `books` (`id`, `category_id`, `autor_id`, `publishing_house_id`, `name`, `annotation`, `price`, `created_at`, `updated_at`) VALUES (84, 6, 52, 8, 'Laborum nulla fugiat.', 'Eius impedit deserunt architecto omnis. Consectetur illum culpa consequuntur qui incidunt.', '57928.53', '2013-03-23 16:13:54', '2011-05-04 03:16:37');
INSERT INTO `books` (`id`, `category_id`, `autor_id`, `publishing_house_id`, `name`, `annotation`, `price`, `created_at`, `updated_at`) VALUES (85, 7, 1, 10, 'Asperiores unde.', 'Laboriosam eaque laboriosam aliquam. Voluptatem omnis illo possimus doloremque. Praesentium recusandae ut consequuntur possimus id.', '11741859.46', '2016-10-14 03:09:36', '2016-09-20 15:10:29');
INSERT INTO `books` (`id`, `category_id`, `autor_id`, `publishing_house_id`, `name`, `annotation`, `price`, `created_at`, `updated_at`) VALUES (86, 5, 11, 4, 'Molestiae incidunt.', 'Eos est dolore fugit ullam laborum sed. Assumenda voluptate alias nobis. Voluptate molestias sint distinctio modi ut. Error omnis et ut vitae omnis.', '4.30', '2019-04-19 10:25:11', '2016-09-29 11:43:02');
INSERT INTO `books` (`id`, `category_id`, `autor_id`, `publishing_house_id`, `name`, `annotation`, `price`, `created_at`, `updated_at`) VALUES (87, 5, 65, 2, 'Labore quam.', 'Unde et tenetur animi fugit sed omnis omnis autem. Eaque qui temporibus placeat repudiandae facere esse fuga. Et repellat voluptatem ut cum iusto quasi quia. Aut voluptatem error facilis totam.', '90329.42', '2014-10-18 23:29:34', '2018-06-29 03:02:53');
INSERT INTO `books` (`id`, `category_id`, `autor_id`, `publishing_house_id`, `name`, `annotation`, `price`, `created_at`, `updated_at`) VALUES (88, 1, 43, 6, 'Fugiat quo excepturi.', 'Vitae deleniti officiis tenetur dolores cum. Aperiam porro corrupti velit rerum qui. Et alias est et.', '31330.75', '2019-10-28 01:57:04', '2011-04-04 09:28:53');
INSERT INTO `books` (`id`, `category_id`, `autor_id`, `publishing_house_id`, `name`, `annotation`, `price`, `created_at`, `updated_at`) VALUES (89, 6, 8, 5, 'Aliquam quis accusantium.', 'Et nisi soluta quia inventore ipsam ad. Vel rerum quo doloribus omnis id molestiae nisi. Nulla rerum ipsum ex impedit est.', '647580.48', '2018-09-05 08:22:53', '2011-03-31 09:35:03');
INSERT INTO `books` (`id`, `category_id`, `autor_id`, `publishing_house_id`, `name`, `annotation`, `price`, `created_at`, `updated_at`) VALUES (90, 7, 39, 10, 'Necessitatibus quia.', 'Illum ipsa dolor consequuntur quod occaecati. Sint ut cupiditate asperiores et. Omnis rerum praesentium quis est omnis delectus. Nostrum earum numquam aliquam architecto ea dignissimos libero porro. Ab et rerum atque.', '94.88', '2018-02-17 05:47:39', '2018-04-09 10:31:57');
INSERT INTO `books` (`id`, `category_id`, `autor_id`, `publishing_house_id`, `name`, `annotation`, `price`, `created_at`, `updated_at`) VALUES (91, 8, 72, 7, 'Incidunt expedita.', 'Dolor sit impedit neque quasi officia. Et fugit at alias ipsam voluptates est facilis cumque.', '1.40', '2017-09-13 13:19:50', '2018-01-24 17:03:28');
INSERT INTO `books` (`id`, `category_id`, `autor_id`, `publishing_house_id`, `name`, `annotation`, `price`, `created_at`, `updated_at`) VALUES (92, 1, 82, 4, 'Et ducimus.', 'Laborum error aut quis quis eius cupiditate odio. Ut libero enim dolorem quis ut. Dolorum accusantium et quas eum.', '0.57', '2013-05-20 17:56:25', '2019-10-30 10:40:12');
INSERT INTO `books` (`id`, `category_id`, `autor_id`, `publishing_house_id`, `name`, `annotation`, `price`, `created_at`, `updated_at`) VALUES (93, 10, 86, 1, 'Occaecati suscipit commodi.', 'Iure veritatis porro expedita rerum temporibus sed. Laboriosam nihil quos quaerat deleniti voluptatibus et. Quia qui in repellat dolores ut quia aperiam. Asperiores et illum et aspernatur.', '51812307.86', '2016-04-12 14:30:02', '2014-10-24 07:58:33');
INSERT INTO `books` (`id`, `category_id`, `autor_id`, `publishing_house_id`, `name`, `annotation`, `price`, `created_at`, `updated_at`) VALUES (94, 2, 9, 7, 'Consectetur qui et.', 'Enim qui sunt animi est nihil expedita illo. Minus mollitia et voluptatem. Quia officia earum aut est vel adipisci tenetur.', '0.00', '2015-06-10 05:19:54', '2014-04-13 16:32:47');
INSERT INTO `books` (`id`, `category_id`, `autor_id`, `publishing_house_id`, `name`, `annotation`, `price`, `created_at`, `updated_at`) VALUES (95, 9, 16, 10, 'Quisquam neque qui.', 'Repellat animi vitae et dolores minus eaque. Asperiores cum dolore nesciunt aut voluptatem. Dolore explicabo aliquam adipisci eos voluptas aut suscipit. Aut minus ipsum illum sequi ratione.', '41.56', '2012-01-03 22:35:27', '2019-06-27 07:11:31');
INSERT INTO `books` (`id`, `category_id`, `autor_id`, `publishing_house_id`, `name`, `annotation`, `price`, `created_at`, `updated_at`) VALUES (96, 1, 63, 2, 'Qui voluptate.', 'Optio et impedit quo incidunt aliquam aut illum tempora. Asperiores sed vel eos qui id. Animi est soluta placeat quia. Dolor consequatur aperiam officiis nihil explicabo. Minima temporibus assumenda culpa tempore tenetur.', '4652.83', '2012-01-18 05:17:08', '2020-07-14 18:37:36');
INSERT INTO `books` (`id`, `category_id`, `autor_id`, `publishing_house_id`, `name`, `annotation`, `price`, `created_at`, `updated_at`) VALUES (97, 3, 77, 9, 'Sed labore voluptas.', 'Quo eum est error et aut. Ipsam veritatis vel officiis velit non. Sint sequi ab quia sit quo et.', '3674.82', '2011-03-26 17:51:03', '2016-10-04 23:33:07');
INSERT INTO `books` (`id`, `category_id`, `autor_id`, `publishing_house_id`, `name`, `annotation`, `price`, `created_at`, `updated_at`) VALUES (98, 8, 23, 1, 'Assumenda soluta.', 'Voluptatem rem non dolores sunt et ab neque. Vero assumenda odit sunt vel. Nam dolor quia inventore tempora aspernatur id debitis. Sed vero consequuntur unde non beatae.', '1952.85', '2015-08-09 09:21:03', '2015-10-02 13:37:39');
INSERT INTO `books` (`id`, `category_id`, `autor_id`, `publishing_house_id`, `name`, `annotation`, `price`, `created_at`, `updated_at`) VALUES (99, 6, 93, 9, 'Veniam alias voluptatem.', 'Vero quis rerum sed sed ad provident velit. Quidem magnam accusantium qui minima non omnis qui voluptate. Recusandae dicta sequi et.', '0.38', '2014-06-16 00:11:11', '2012-10-03 14:38:49');
INSERT INTO `books` (`id`, `category_id`, `autor_id`, `publishing_house_id`, `name`, `annotation`, `price`, `created_at`, `updated_at`) VALUES (100, 6, 73, 8, 'Assumenda repellendus voluptas.', 'Quae in et aut adipisci. Odit hic sit omnis eum. Error reiciendis quisquam soluta cumque hic repudiandae.', '64360982.00', '2018-03-13 02:55:29', '2015-03-08 03:47:13');
INSERT INTO `books` (`id`, `category_id`, `autor_id`, `publishing_house_id`, `name`, `annotation`, `price`, `created_at`, `updated_at`) VALUES (101, 2, 52, 2, 'Natus qui.', 'Recusandae occaecati quia cumque ex in. Dolores sint odio laboriosam. Quis cumque a corporis impedit iusto est accusamus.', '1713.55', '2012-01-31 20:38:25', '2014-11-02 21:40:44');
INSERT INTO `books` (`id`, `category_id`, `autor_id`, `publishing_house_id`, `name`, `annotation`, `price`, `created_at`, `updated_at`) VALUES (102, 4, 42, 9, 'Voluptatibus qui.', 'Repellendus deleniti doloribus nesciunt nihil. Laborum asperiores et nesciunt minus omnis. Esse aut minima dignissimos. Aut exercitationem libero et sint amet eaque. Quos eum a et et libero.', '3494556.59', '2020-01-24 21:14:27', '2013-08-08 09:06:24');
INSERT INTO `books` (`id`, `category_id`, `autor_id`, `publishing_house_id`, `name`, `annotation`, `price`, `created_at`, `updated_at`) VALUES (103, 7, 38, 8, 'Laborum odio.', 'Ex culpa et pariatur necessitatibus. Et reprehenderit sint laudantium. Dolores sit ut quis aliquid. Sit quod alias qui non. Non nulla ducimus soluta sunt laborum.', '0.80', '2021-02-09 05:01:33', '2012-01-08 09:15:50');
INSERT INTO `books` (`id`, `category_id`, `autor_id`, `publishing_house_id`, `name`, `annotation`, `price`, `created_at`, `updated_at`) VALUES (104, 8, 59, 10, 'Ducimus est.', 'Saepe eum dolore aut repellendus voluptate. Sint quam iusto at est et. Quaerat asperiores impedit doloremque doloremque. Iure natus autem et sit in.', '417.80', '2019-04-02 19:14:30', '2018-06-23 16:21:22');
INSERT INTO `books` (`id`, `category_id`, `autor_id`, `publishing_house_id`, `name`, `annotation`, `price`, `created_at`, `updated_at`) VALUES (105, 8, 45, 9, 'Nostrum distinctio.', 'Hic ex maiores est dolor et vero dolores aperiam. Id voluptatem sunt sit vel assumenda asperiores facere. Provident quo aperiam reiciendis architecto ipsum ut. Itaque culpa in magnam et.', '678299541.00', '2019-03-26 03:35:01', '2016-05-20 04:05:55');
INSERT INTO `books` (`id`, `category_id`, `autor_id`, `publishing_house_id`, `name`, `annotation`, `price`, `created_at`, `updated_at`) VALUES (106, 4, 71, 9, 'Autem quis ut.', 'Aspernatur reprehenderit labore eos animi officiis sunt cum. Dicta magni aut et possimus totam. Amet cumque ut veniam suscipit aut illo.', '312.83', '2020-03-23 18:54:51', '2011-03-28 16:34:09');
INSERT INTO `books` (`id`, `category_id`, `autor_id`, `publishing_house_id`, `name`, `annotation`, `price`, `created_at`, `updated_at`) VALUES (107, 8, 42, 9, 'Nesciunt quae quas.', 'Est quos sint aut fugiat et qui qui aut. Quasi et vel non praesentium. Ullam saepe dolorum aut porro.', '12767613.08', '2017-04-12 08:47:47', '2021-01-24 00:18:25');
INSERT INTO `books` (`id`, `category_id`, `autor_id`, `publishing_house_id`, `name`, `annotation`, `price`, `created_at`, `updated_at`) VALUES (108, 9, 30, 6, 'Sint aliquam.', 'Ea enim ut consequuntur enim velit ad fuga. Quod sit et voluptatem enim aut explicabo placeat. Nesciunt totam voluptates quia repellat non illo.', '369652633.78', '2018-02-23 07:36:42', '2015-09-14 10:46:24');
INSERT INTO `books` (`id`, `category_id`, `autor_id`, `publishing_house_id`, `name`, `annotation`, `price`, `created_at`, `updated_at`) VALUES (109, 9, 44, 6, 'Consequatur sed.', 'Aliquid delectus facilis deleniti et eos et earum. Doloribus deleniti et debitis odit. Debitis recusandae illum neque modi consequuntur distinctio.', '4.87', '2015-12-11 08:25:44', '2019-01-07 16:38:17');
INSERT INTO `books` (`id`, `category_id`, `autor_id`, `publishing_house_id`, `name`, `annotation`, `price`, `created_at`, `updated_at`) VALUES (110, 6, 55, 10, 'Sunt magnam.', 'Assumenda voluptatum eum labore sapiente voluptates iusto possimus explicabo. Cupiditate est laudantium molestiae voluptatum.', '20.56', '2015-11-30 22:26:31', '2017-04-07 05:53:38');
INSERT INTO `books` (`id`, `category_id`, `autor_id`, `publishing_house_id`, `name`, `annotation`, `price`, `created_at`, `updated_at`) VALUES (111, 8, 82, 7, 'Voluptatem veniam.', 'Vero assumenda saepe saepe. Et culpa animi id voluptatum alias sint. Qui omnis incidunt facere deserunt minus sit modi. Soluta sunt dignissimos odit error magnam nihil dolorem molestiae. Earum accusantium minus dolore hic.', '29214.09', '2014-12-11 14:27:40', '2011-06-07 03:42:36');
INSERT INTO `books` (`id`, `category_id`, `autor_id`, `publishing_house_id`, `name`, `annotation`, `price`, `created_at`, `updated_at`) VALUES (112, 8, 3, 4, 'Numquam quas voluptas.', 'Ut earum ut consequatur facere. Nobis facere esse odit voluptas laborum dolorem.', '0.00', '2014-10-27 14:01:21', '2013-04-17 12:47:44');
INSERT INTO `books` (`id`, `category_id`, `autor_id`, `publishing_house_id`, `name`, `annotation`, `price`, `created_at`, `updated_at`) VALUES (113, 1, 76, 5, 'Blanditiis et.', 'Animi quia soluta molestiae cumque sint voluptatibus. Et minima esse aut eius. Deserunt esse aut error omnis. Blanditiis asperiores commodi occaecati natus cum sunt. Adipisci reprehenderit assumenda voluptatem nemo ut deleniti autem.', '22209.00', '2015-09-15 21:47:25', '2014-01-08 10:24:50');
INSERT INTO `books` (`id`, `category_id`, `autor_id`, `publishing_house_id`, `name`, `annotation`, `price`, `created_at`, `updated_at`) VALUES (114, 8, 64, 5, 'Ut ipsa.', 'Earum minima rerum et corrupti corporis. Et odit non incidunt voluptatibus quia vel dolores. Officia voluptas id qui animi. Saepe qui vero possimus exercitationem maiores suscipit itaque.', '76.02', '2020-04-18 11:07:10', '2018-06-12 06:57:29');
INSERT INTO `books` (`id`, `category_id`, `autor_id`, `publishing_house_id`, `name`, `annotation`, `price`, `created_at`, `updated_at`) VALUES (115, 3, 64, 1, 'Voluptates numquam quasi.', 'Consequatur et quos dolor sed. Eveniet occaecati provident quia explicabo nesciunt error. Sint illo aut voluptas voluptatem sunt autem velit. Vel praesentium ea nostrum tenetur voluptate est quos qui.', '0.00', '2016-05-04 09:04:03', '2013-01-24 02:34:04');
INSERT INTO `books` (`id`, `category_id`, `autor_id`, `publishing_house_id`, `name`, `annotation`, `price`, `created_at`, `updated_at`) VALUES (116, 8, 38, 5, 'Consequatur et.', 'Vel ea aut vel soluta similique accusamus. Temporibus ullam architecto quasi quae hic voluptatem aliquam. Ut dolor sed id reiciendis. Necessitatibus qui minima quos ad blanditiis quaerat sed est.', '2.00', '2016-08-22 14:12:43', '2012-12-19 00:58:56');
INSERT INTO `books` (`id`, `category_id`, `autor_id`, `publishing_house_id`, `name`, `annotation`, `price`, `created_at`, `updated_at`) VALUES (117, 3, 59, 4, 'Explicabo necessitatibus.', 'Impedit eveniet hic omnis quod. Eveniet hic aliquam molestiae dolorem. Sunt rem neque ex. In possimus architecto quod earum debitis porro. Dolorem maiores dolor possimus.', '5824.40', '2016-10-12 13:25:57', '2019-02-20 08:17:29');
INSERT INTO `books` (`id`, `category_id`, `autor_id`, `publishing_house_id`, `name`, `annotation`, `price`, `created_at`, `updated_at`) VALUES (118, 8, 98, 3, 'Ut excepturi quo.', 'Recusandae ut autem quos labore dolorem. Ex vel cupiditate sed sit asperiores sit praesentium. Dolores aperiam sunt eveniet magni dolore.', '225033158.03', '2014-04-23 18:25:04', '2012-03-27 08:27:24');
INSERT INTO `books` (`id`, `category_id`, `autor_id`, `publishing_house_id`, `name`, `annotation`, `price`, `created_at`, `updated_at`) VALUES (119, 2, 63, 10, 'Dicta veniam quasi.', 'Asperiores ut vel blanditiis est vitae exercitationem. Eos sit ullam earum et est provident.', '3635.70', '2019-04-06 12:40:56', '2013-03-31 16:27:18');
INSERT INTO `books` (`id`, `category_id`, `autor_id`, `publishing_house_id`, `name`, `annotation`, `price`, `created_at`, `updated_at`) VALUES (120, 8, 67, 5, 'Explicabo et rerum.', 'Facere consequatur quo dolorem praesentium enim et facere. Deleniti fugiat ad explicabo est possimus expedita. Nulla iste deleniti ab officia ut. Alias est quas exercitationem voluptas tempore voluptas. Optio aut molestiae nulla rerum.', '255.59', '2013-10-27 10:00:59', '2014-09-19 12:05:54');
INSERT INTO `books` (`id`, `category_id`, `autor_id`, `publishing_house_id`, `name`, `annotation`, `price`, `created_at`, `updated_at`) VALUES (121, 4, 34, 10, 'Nesciunt libero.', 'Quasi excepturi cupiditate dolores facere id odio. Nobis nihil esse velit qui exercitationem. Aperiam commodi sint repellat quas in recusandae doloremque. Qui cupiditate tempore repellendus. Consequatur enim laboriosam aliquid.', '585122994.10', '2020-06-27 03:21:35', '2020-07-16 22:01:52');
INSERT INTO `books` (`id`, `category_id`, `autor_id`, `publishing_house_id`, `name`, `annotation`, `price`, `created_at`, `updated_at`) VALUES (122, 10, 27, 8, 'Reiciendis non.', 'Impedit quia in ad est. Quod cum et inventore iusto eos. Consectetur quam veniam animi asperiores minus vel.', '451.00', '2012-01-12 07:37:54', '2016-11-14 09:09:38');
INSERT INTO `books` (`id`, `category_id`, `autor_id`, `publishing_house_id`, `name`, `annotation`, `price`, `created_at`, `updated_at`) VALUES (123, 10, 5, 6, 'Iste iusto rerum.', 'Nam sint velit impedit sapiente quisquam est nihil. Ipsum aut occaecati delectus dolores. Sint sunt non officia est deleniti ipsa velit. Ea quasi dolores et optio voluptatum rerum possimus.', '255.00', '2012-12-15 00:06:43', '2017-08-31 11:29:40');
INSERT INTO `books` (`id`, `category_id`, `autor_id`, `publishing_house_id`, `name`, `annotation`, `price`, `created_at`, `updated_at`) VALUES (124, 10, 33, 7, 'Ut qui non.', 'Iusto qui illo est voluptatem quo quia non. Saepe id quae dolor debitis consequatur consectetur. Est et vero facere.', '545057.89', '2011-11-26 06:04:21', '2019-04-24 08:50:19');
INSERT INTO `books` (`id`, `category_id`, `autor_id`, `publishing_house_id`, `name`, `annotation`, `price`, `created_at`, `updated_at`) VALUES (125, 7, 82, 9, 'Enim mollitia nihil.', 'Illo aut quisquam debitis. Minima officiis eligendi tenetur aut cupiditate suscipit. Aliquid sed quae et quia autem. Recusandae natus ut qui aut.', '3.72', '2011-03-27 07:59:08', '2019-04-15 09:29:36');
INSERT INTO `books` (`id`, `category_id`, `autor_id`, `publishing_house_id`, `name`, `annotation`, `price`, `created_at`, `updated_at`) VALUES (126, 7, 89, 8, 'Laudantium qui.', 'Ea distinctio odio occaecati corporis ex numquam earum. Saepe odit quis id dolorem ratione vitae. Quia fugit quae iste ratione.', '230310.00', '2017-01-02 21:49:21', '2018-12-07 04:34:41');
INSERT INTO `books` (`id`, `category_id`, `autor_id`, `publishing_house_id`, `name`, `annotation`, `price`, `created_at`, `updated_at`) VALUES (127, 3, 24, 4, 'Et et facilis.', 'Consequatur sapiente quae voluptate repellendus. Et dolores vel non blanditiis aut. Aperiam non quis expedita.', '852732.21', '2019-02-27 05:40:31', '2021-01-07 01:56:43');
INSERT INTO `books` (`id`, `category_id`, `autor_id`, `publishing_house_id`, `name`, `annotation`, `price`, `created_at`, `updated_at`) VALUES (128, 7, 11, 7, 'Totam dolores.', 'Tenetur et ea quam ducimus ratione nostrum deserunt. Nemo sunt alias voluptate assumenda error veritatis. Ut ut amet id illum fugit.', '276.72', '2011-09-25 20:28:13', '2016-04-12 11:10:37');
INSERT INTO `books` (`id`, `category_id`, `autor_id`, `publishing_house_id`, `name`, `annotation`, `price`, `created_at`, `updated_at`) VALUES (129, 1, 1, 6, 'Rerum aut.', 'Aut quia nemo enim consequuntur est repellat. Et necessitatibus ratione dignissimos corporis quia quaerat. Accusantium rem delectus est explicabo quo.', '21.61', '2016-06-10 19:18:27', '2019-12-26 03:19:45');
INSERT INTO `books` (`id`, `category_id`, `autor_id`, `publishing_house_id`, `name`, `annotation`, `price`, `created_at`, `updated_at`) VALUES (130, 8, 13, 9, 'Sit aliquid.', 'Nulla qui non doloremque dolorum officiis. Doloribus perferendis quos placeat odit. Excepturi molestias quia numquam quia sunt. Atque eum qui quis quas distinctio consequatur. Unde provident sit laudantium tempore illo dolor libero et.', '36549101.24', '2012-10-15 23:21:30', '2016-09-11 08:59:22');
INSERT INTO `books` (`id`, `category_id`, `autor_id`, `publishing_house_id`, `name`, `annotation`, `price`, `created_at`, `updated_at`) VALUES (131, 3, 39, 3, 'Cumque sequi animi.', 'Corrupti commodi consequatur non. Qui expedita nulla reprehenderit saepe. Illum et quaerat qui harum nesciunt. Est sint quia ut est.', '42.70', '2019-09-19 02:43:10', '2014-06-09 01:17:16');
INSERT INTO `books` (`id`, `category_id`, `autor_id`, `publishing_house_id`, `name`, `annotation`, `price`, `created_at`, `updated_at`) VALUES (132, 2, 73, 1, 'Voluptatum accusantium.', 'A reprehenderit eveniet odio natus blanditiis et rerum. Dolores praesentium reiciendis fugit vel qui provident. Earum doloremque quod veritatis sit excepturi. Qui cumque quae nesciunt dolore enim vitae.', '41.72', '2021-02-10 16:07:34', '2015-02-07 07:16:52');
INSERT INTO `books` (`id`, `category_id`, `autor_id`, `publishing_house_id`, `name`, `annotation`, `price`, `created_at`, `updated_at`) VALUES (133, 5, 2, 9, 'Doloribus nulla.', 'Eveniet ratione perspiciatis qui necessitatibus. Ea repudiandae et consequuntur nemo suscipit aliquam beatae a. Sit et vel eius velit.', '6163783.47', '2019-06-06 03:25:19', '2019-05-26 10:26:52');
INSERT INTO `books` (`id`, `category_id`, `autor_id`, `publishing_house_id`, `name`, `annotation`, `price`, `created_at`, `updated_at`) VALUES (134, 9, 87, 3, 'Delectus officiis.', 'Dolores corporis vel sit corrupti. Facere esse ea ab voluptas excepturi voluptatem deleniti. Qui enim ipsa aut laudantium aut neque. Rerum ut consequatur et voluptates quos enim.', '709.20', '2013-08-24 15:48:52', '2016-12-11 22:36:27');
INSERT INTO `books` (`id`, `category_id`, `autor_id`, `publishing_house_id`, `name`, `annotation`, `price`, `created_at`, `updated_at`) VALUES (135, 5, 47, 5, 'Perferendis aut voluptatem.', 'Ad nam voluptatibus repellat qui. Et neque repellendus laboriosam voluptatum molestias. Recusandae est ad aliquid qui quidem.', '130881334.22', '2013-11-07 23:06:00', '2016-06-12 13:17:45');
INSERT INTO `books` (`id`, `category_id`, `autor_id`, `publishing_house_id`, `name`, `annotation`, `price`, `created_at`, `updated_at`) VALUES (136, 2, 44, 9, 'Repudiandae voluptatibus.', 'Dolores accusamus harum nam qui quibusdam dolores at enim. Vitae dolorem saepe in et ea itaque hic. Aut dicta voluptatem nulla consectetur voluptas. Quis pariatur quos recusandae voluptatibus velit qui.', '106.19', '2018-12-14 06:24:26', '2011-04-30 04:41:06');
INSERT INTO `books` (`id`, `category_id`, `autor_id`, `publishing_house_id`, `name`, `annotation`, `price`, `created_at`, `updated_at`) VALUES (137, 3, 27, 4, 'Impedit autem eum.', 'Natus ratione voluptatem ut commodi et dolore. Ut sed assumenda aperiam tempore odio quia. Saepe similique soluta voluptas amet aut quia.', '9488266.63', '2019-01-03 12:53:10', '2013-08-10 16:34:21');
INSERT INTO `books` (`id`, `category_id`, `autor_id`, `publishing_house_id`, `name`, `annotation`, `price`, `created_at`, `updated_at`) VALUES (138, 6, 70, 5, 'Ducimus reprehenderit quam.', 'Voluptatem praesentium non sequi asperiores ipsam voluptatem natus. Sapiente et ea iusto ullam consequuntur perferendis consequatur. Sed et voluptatum fugit molestias. Repellendus animi magnam et.', '363478052.62', '2020-02-13 20:14:44', '2019-04-28 05:44:25');
INSERT INTO `books` (`id`, `category_id`, `autor_id`, `publishing_house_id`, `name`, `annotation`, `price`, `created_at`, `updated_at`) VALUES (139, 1, 85, 7, 'Odio maxime eveniet.', 'Assumenda non quisquam repellendus consequatur at minima qui. Quo sit inventore amet in ipsa suscipit qui. Consequuntur aut ducimus et iusto debitis ad fugit. Quis magnam facere velit dignissimos ea repellendus.', '17.69', '2012-05-23 04:07:41', '2017-09-08 10:44:05');
INSERT INTO `books` (`id`, `category_id`, `autor_id`, `publishing_house_id`, `name`, `annotation`, `price`, `created_at`, `updated_at`) VALUES (140, 4, 12, 7, 'Dolor non est.', 'A enim praesentium consectetur dolores nisi ducimus. Explicabo quo minima tempore. Consequatur architecto labore minima doloribus molestiae pariatur.', '1448.71', '2019-06-16 19:13:20', '2017-04-13 12:01:30');
INSERT INTO `books` (`id`, `category_id`, `autor_id`, `publishing_house_id`, `name`, `annotation`, `price`, `created_at`, `updated_at`) VALUES (141, 5, 20, 6, 'Corporis assumenda iure.', 'Et ut sed ipsa quos. Cumque excepturi repellendus sequi velit dolores animi et velit. Dolores pariatur qui eos voluptas quibusdam libero asperiores. Est accusantium quia reiciendis.', '3.37', '2015-10-27 12:09:06', '2013-11-27 00:51:49');
INSERT INTO `books` (`id`, `category_id`, `autor_id`, `publishing_house_id`, `name`, `annotation`, `price`, `created_at`, `updated_at`) VALUES (142, 1, 51, 9, 'Cum aut.', 'Similique eos est asperiores ipsa earum. Aut eaque omnis amet maiores. Molestias qui quibusdam ut quam corrupti. Et non aut perspiciatis et deleniti libero.', '12262536.29', '2014-07-18 05:21:55', '2020-10-11 07:27:02');
INSERT INTO `books` (`id`, `category_id`, `autor_id`, `publishing_house_id`, `name`, `annotation`, `price`, `created_at`, `updated_at`) VALUES (143, 1, 51, 4, 'Ea et quia.', 'Consequatur eaque accusamus odio nostrum. Et illo labore quod maiores tempora qui nam. Eveniet itaque ut eveniet nemo quae expedita. Iure quidem quis quo.', '0.00', '2015-04-13 01:06:21', '2020-01-29 23:52:23');
INSERT INTO `books` (`id`, `category_id`, `autor_id`, `publishing_house_id`, `name`, `annotation`, `price`, `created_at`, `updated_at`) VALUES (144, 8, 41, 7, 'Accusantium ex quo.', 'Quidem hic placeat totam debitis aliquam sunt non. Possimus ea voluptatem quasi molestiae reprehenderit laudantium quia quidem. Corporis omnis possimus pariatur.', '532463.71', '2016-12-23 08:32:09', '2016-11-15 09:56:45');
INSERT INTO `books` (`id`, `category_id`, `autor_id`, `publishing_house_id`, `name`, `annotation`, `price`, `created_at`, `updated_at`) VALUES (145, 6, 19, 10, 'Sed maxime veniam.', 'Accusamus perspiciatis vel fugit reprehenderit. Explicabo esse dolor omnis accusamus. Ab eligendi et et praesentium.', '0.00', '2020-12-23 18:48:11', '2011-09-07 06:26:38');
INSERT INTO `books` (`id`, `category_id`, `autor_id`, `publishing_house_id`, `name`, `annotation`, `price`, `created_at`, `updated_at`) VALUES (146, 7, 96, 6, 'Officiis tempora.', 'Corrupti libero labore aut officia voluptates. Sint et porro porro omnis. Qui reiciendis eveniet et occaecati perspiciatis deserunt. Delectus consequatur illum quisquam culpa officiis qui.', '171975.50', '2013-06-07 02:52:13', '2019-10-28 11:46:07');
INSERT INTO `books` (`id`, `category_id`, `autor_id`, `publishing_house_id`, `name`, `annotation`, `price`, `created_at`, `updated_at`) VALUES (147, 3, 17, 7, 'Sint maiores.', 'Id tempore molestiae quos accusamus vel. Maiores ex dignissimos ratione distinctio vel dolor. Voluptatem aliquid adipisci voluptas voluptate dolor fuga sequi.', '16.01', '2015-03-11 05:46:00', '2019-05-25 14:45:56');
INSERT INTO `books` (`id`, `category_id`, `autor_id`, `publishing_house_id`, `name`, `annotation`, `price`, `created_at`, `updated_at`) VALUES (148, 6, 74, 3, 'Non beatae quia.', 'Vel sunt quaerat delectus enim iure in et. Perspiciatis aut earum quia cumque. Vitae dolorem quia doloribus illo placeat.', '6267013.72', '2012-02-13 09:45:54', '2012-07-20 22:26:04');
INSERT INTO `books` (`id`, `category_id`, `autor_id`, `publishing_house_id`, `name`, `annotation`, `price`, `created_at`, `updated_at`) VALUES (149, 1, 90, 10, 'Exercitationem dolorem omnis.', 'Suscipit dolor molestiae autem omnis id tempora molestiae. Aut sunt corrupti eos soluta qui. Ex et aut quaerat doloremque unde animi.', '5410.77', '2011-04-04 17:59:15', '2013-04-07 15:17:04');
INSERT INTO `books` (`id`, `category_id`, `autor_id`, `publishing_house_id`, `name`, `annotation`, `price`, `created_at`, `updated_at`) VALUES (150, 2, 28, 1, 'Corporis voluptas iste.', 'Ullam mollitia quos totam incidunt. Voluptatum ea mollitia soluta possimus autem tempora veritatis. Provident perferendis officia omnis qui placeat quos cupiditate. Eos natus minima corporis rerum voluptate assumenda sapiente.', '1993.39', '2015-04-28 11:15:48', '2017-03-22 04:05:59');
INSERT INTO `books` (`id`, `category_id`, `autor_id`, `publishing_house_id`, `name`, `annotation`, `price`, `created_at`, `updated_at`) VALUES (151, 3, 18, 6, 'Quod qui dolorem.', 'Deleniti maiores sunt facere esse dolore aspernatur libero. Totam et amet impedit veniam suscipit numquam quisquam ex. Ut eos ducimus consequatur atque iure nemo. Non porro dolor et laudantium. Consequuntur odio voluptatibus pariatur maiores consequatur.', '3.47', '2020-01-11 11:40:33', '2020-11-20 03:47:10');
INSERT INTO `books` (`id`, `category_id`, `autor_id`, `publishing_house_id`, `name`, `annotation`, `price`, `created_at`, `updated_at`) VALUES (152, 8, 16, 8, 'Possimus hic libero.', 'Praesentium nemo accusamus quae quia in sunt odit ea. Voluptas officia tenetur quas debitis tempore aut molestiae. Fuga ut natus vero aut velit quisquam atque.', '226028.17', '2017-08-28 14:42:35', '2014-12-27 19:46:29');
INSERT INTO `books` (`id`, `category_id`, `autor_id`, `publishing_house_id`, `name`, `annotation`, `price`, `created_at`, `updated_at`) VALUES (153, 3, 74, 2, 'Et ducimus.', 'Tenetur mollitia dolorem et eos totam neque. Ducimus non est dicta quia id voluptate qui.', '1.79', '2018-04-27 09:17:43', '2016-03-13 16:42:32');
INSERT INTO `books` (`id`, `category_id`, `autor_id`, `publishing_house_id`, `name`, `annotation`, `price`, `created_at`, `updated_at`) VALUES (154, 3, 80, 7, 'Veritatis rerum.', 'Est minima enim doloribus ipsam cupiditate. Suscipit aspernatur voluptatum quam quibusdam. Omnis non magnam impedit iusto. Blanditiis ut dolores est recusandae dolorum nihil numquam aut. Ipsum nam excepturi itaque.', '2863453.09', '2018-03-15 15:19:48', '2020-01-28 06:46:50');
INSERT INTO `books` (`id`, `category_id`, `autor_id`, `publishing_house_id`, `name`, `annotation`, `price`, `created_at`, `updated_at`) VALUES (155, 8, 64, 6, 'Id et cum.', 'Vel facilis delectus consequatur non blanditiis quia sint. In at ex ut fuga enim id at. Et porro aperiam et enim nulla animi voluptatem. Rerum in beatae sequi ducimus non sed iusto eius.', '3.96', '2019-06-04 14:26:56', '2020-11-03 23:50:43');
INSERT INTO `books` (`id`, `category_id`, `autor_id`, `publishing_house_id`, `name`, `annotation`, `price`, `created_at`, `updated_at`) VALUES (156, 4, 52, 5, 'Laborum consectetur commodi.', 'Esse eos odio quibusdam non consequatur rem. Laboriosam eaque perspiciatis aut saepe ipsum eligendi. Ut esse numquam tempora blanditiis. Dolor reiciendis impedit repudiandae deleniti aut consectetur quas aliquid. Dolorum et aspernatur cum eius.', '2.00', '2018-04-03 04:42:43', '2018-04-27 04:53:55');
INSERT INTO `books` (`id`, `category_id`, `autor_id`, `publishing_house_id`, `name`, `annotation`, `price`, `created_at`, `updated_at`) VALUES (157, 1, 8, 5, 'In eum consectetur.', 'Iure ut doloribus distinctio rem non minima voluptatem. Ab vitae ab sunt dignissimos. Molestiae doloremque qui esse est necessitatibus quia aspernatur. Dolores totam blanditiis nisi.', '45.73', '2014-01-29 17:12:05', '2013-06-28 10:48:40');
INSERT INTO `books` (`id`, `category_id`, `autor_id`, `publishing_house_id`, `name`, `annotation`, `price`, `created_at`, `updated_at`) VALUES (158, 4, 82, 9, 'Voluptatibus recusandae neque.', 'Sint aperiam dolores natus expedita nulla vitae ut iste. Quia qui quia earum. Id ipsam quia hic molestiae. Eaque et et nulla sit facilis perspiciatis dolor recusandae.', '39651161.65', '2012-06-07 07:39:58', '2013-03-16 05:08:12');
INSERT INTO `books` (`id`, `category_id`, `autor_id`, `publishing_house_id`, `name`, `annotation`, `price`, `created_at`, `updated_at`) VALUES (159, 3, 99, 7, 'Accusamus unde.', 'Explicabo molestias omnis rerum reprehenderit quia aut ex. Sapiente expedita quis tempore consequatur vel voluptatem. Sint facere voluptatibus facere ad. Est sapiente et ea ab. Eius voluptas fuga deserunt dolores dignissimos architecto.', '0.89', '2013-11-14 18:19:52', '2018-09-03 06:19:24');
INSERT INTO `books` (`id`, `category_id`, `autor_id`, `publishing_house_id`, `name`, `annotation`, `price`, `created_at`, `updated_at`) VALUES (160, 9, 10, 9, 'Dolorem dignissimos.', 'Voluptas et amet maxime repellat commodi. Eligendi accusamus tempora debitis quibusdam qui sed. Ea harum voluptas porro eius recusandae iste ut. Accusamus hic repudiandae nihil quia aperiam eum blanditiis.', '19338682.58', '2020-10-02 19:33:45', '2019-07-11 07:06:08');
INSERT INTO `books` (`id`, `category_id`, `autor_id`, `publishing_house_id`, `name`, `annotation`, `price`, `created_at`, `updated_at`) VALUES (161, 4, 43, 3, 'Libero rerum.', 'Recusandae porro voluptatem iure minus ab soluta sint et. Facilis numquam aut dolore. Voluptate voluptatibus quod commodi molestiae eum. Aut ea accusamus et amet explicabo expedita rerum.', '174286960.62', '2013-04-07 08:09:15', '2019-11-19 01:09:02');
INSERT INTO `books` (`id`, `category_id`, `autor_id`, `publishing_house_id`, `name`, `annotation`, `price`, `created_at`, `updated_at`) VALUES (162, 3, 21, 9, 'Sapiente ut perspiciatis.', 'Cupiditate officia officiis velit est omnis. Aliquam cumque id sequi velit accusamus. Autem labore nemo hic in distinctio. Omnis ut debitis et a tempora nobis.', '590749.78', '2016-06-22 00:02:31', '2012-02-21 08:49:51');
INSERT INTO `books` (`id`, `category_id`, `autor_id`, `publishing_house_id`, `name`, `annotation`, `price`, `created_at`, `updated_at`) VALUES (163, 7, 5, 8, 'Maiores aspernatur rerum.', 'Qui beatae iste qui praesentium suscipit nam et aliquam. Aut unde ea nobis eum. Natus aut cupiditate tempore ut. Aut eos ut id odit. Architecto corrupti reprehenderit et magni iusto beatae occaecati.', '626422.00', '2020-03-03 13:18:27', '2012-04-23 21:45:31');
INSERT INTO `books` (`id`, `category_id`, `autor_id`, `publishing_house_id`, `name`, `annotation`, `price`, `created_at`, `updated_at`) VALUES (164, 10, 8, 8, 'Consectetur alias.', 'Amet et fugit aut maxime sed et. In nihil quia aut aliquid ut repellendus. Quo natus necessitatibus et nostrum explicabo.', '72.66', '2017-05-01 15:53:04', '2013-08-22 08:24:48');
INSERT INTO `books` (`id`, `category_id`, `autor_id`, `publishing_house_id`, `name`, `annotation`, `price`, `created_at`, `updated_at`) VALUES (165, 7, 63, 4, 'Dolores quae ab.', 'Minus veritatis fugit quia sit ab quo et. Neque ut tempora dicta sunt et sunt. Hic voluptas iure temporibus qui suscipit iure.', '83715.50', '2013-10-27 20:09:17', '2014-01-21 04:55:27');
INSERT INTO `books` (`id`, `category_id`, `autor_id`, `publishing_house_id`, `name`, `annotation`, `price`, `created_at`, `updated_at`) VALUES (166, 8, 28, 5, 'Error commodi.', 'Quod sequi omnis quidem dolorum et qui. Dolor ipsum iure inventore sed aliquid. Blanditiis nam voluptas recusandae aperiam quo aut.', '3.55', '2017-12-23 02:57:19', '2012-08-30 07:29:10');
INSERT INTO `books` (`id`, `category_id`, `autor_id`, `publishing_house_id`, `name`, `annotation`, `price`, `created_at`, `updated_at`) VALUES (167, 5, 87, 5, 'Qui autem.', 'Esse quibusdam quas voluptatibus architecto delectus odit voluptatem. Neque nulla voluptatum aperiam eum. Sed animi laboriosam corporis cumque. Blanditiis natus voluptas rerum commodi possimus. Nihil consectetur explicabo tenetur voluptates ipsa sint.', '133930.22', '2019-03-23 13:14:41', '2017-08-26 08:35:17');
INSERT INTO `books` (`id`, `category_id`, `autor_id`, `publishing_house_id`, `name`, `annotation`, `price`, `created_at`, `updated_at`) VALUES (168, 1, 32, 8, 'Nihil aut beatae.', 'Aspernatur dolorem dolorum in cupiditate sed. Ex doloremque magni possimus ab cupiditate. Velit libero quo velit tempore aliquam perspiciatis nihil. Consectetur in accusantium occaecati id ab nobis.', '7.36', '2011-08-31 01:31:30', '2013-09-18 07:32:35');
INSERT INTO `books` (`id`, `category_id`, `autor_id`, `publishing_house_id`, `name`, `annotation`, `price`, `created_at`, `updated_at`) VALUES (169, 8, 70, 4, 'Nihil repellendus.', 'Veniam facilis dolorem sequi aut incidunt temporibus. Eveniet laudantium explicabo qui dolore.', '2886.15', '2015-06-08 17:11:41', '2019-02-28 13:30:41');
INSERT INTO `books` (`id`, `category_id`, `autor_id`, `publishing_house_id`, `name`, `annotation`, `price`, `created_at`, `updated_at`) VALUES (170, 10, 99, 8, 'Ut qui est.', 'Molestias sequi est fuga ipsam ad aut. Soluta corporis facere voluptatum ducimus ipsam harum. Cumque blanditiis cupiditate reprehenderit quas ea ullam.', '0.00', '2017-06-22 16:49:54', '2015-02-26 16:20:23');
INSERT INTO `books` (`id`, `category_id`, `autor_id`, `publishing_house_id`, `name`, `annotation`, `price`, `created_at`, `updated_at`) VALUES (171, 6, 87, 4, 'Mollitia asperiores veniam.', 'Ducimus qui vero cum officia quasi soluta molestias modi. Mollitia est aperiam atque placeat quia neque. Facere unde iure facilis aut porro ut veniam. Dolores exercitationem maxime est aut deserunt impedit.', '38169.73', '2015-07-04 09:37:44', '2019-06-23 08:10:01');
INSERT INTO `books` (`id`, `category_id`, `autor_id`, `publishing_house_id`, `name`, `annotation`, `price`, `created_at`, `updated_at`) VALUES (172, 10, 68, 4, 'Quo non ipsa.', 'Cumque in nihil illum aut iure. Voluptas voluptas dolores et officia non. Dolores consequatur et rerum quos inventore.', '29765772.25', '2018-12-16 12:55:59', '2016-10-16 13:34:04');
INSERT INTO `books` (`id`, `category_id`, `autor_id`, `publishing_house_id`, `name`, `annotation`, `price`, `created_at`, `updated_at`) VALUES (173, 7, 75, 9, 'Omnis aut sunt.', 'Magnam et eum voluptatem voluptas cupiditate. Modi quisquam error sapiente laborum. Blanditiis recusandae expedita cupiditate sint aspernatur porro.', '0.00', '2019-12-18 00:36:51', '2018-04-24 18:55:23');
INSERT INTO `books` (`id`, `category_id`, `autor_id`, `publishing_house_id`, `name`, `annotation`, `price`, `created_at`, `updated_at`) VALUES (174, 7, 25, 8, 'Ut eveniet et.', 'Voluptatibus dolores molestiae modi quas consequatur molestiae ab. Voluptas nihil debitis consequuntur itaque. Aperiam natus quo rem ipsa quo modi voluptate. Explicabo odit modi sunt.', '0.20', '2018-09-04 02:39:14', '2015-07-17 06:24:22');
INSERT INTO `books` (`id`, `category_id`, `autor_id`, `publishing_house_id`, `name`, `annotation`, `price`, `created_at`, `updated_at`) VALUES (175, 4, 100, 4, 'Quia repellat culpa.', 'Natus facere aliquid reiciendis minima aut. Eveniet ullam officiis dolor delectus sit. Quia et molestiae odit aut. Rerum quam eos odio vero incidunt tempora fugit explicabo.', '7460.90', '2011-08-27 10:12:58', '2020-06-22 00:44:46');
INSERT INTO `books` (`id`, `category_id`, `autor_id`, `publishing_house_id`, `name`, `annotation`, `price`, `created_at`, `updated_at`) VALUES (176, 5, 2, 5, 'Voluptas nihil.', 'Provident est repellat libero. Quaerat voluptas unde qui autem. Nemo possimus tempora et molestias perferendis ut dolores.', '3943.61', '2017-09-23 16:21:22', '2014-01-21 01:15:57');
INSERT INTO `books` (`id`, `category_id`, `autor_id`, `publishing_house_id`, `name`, `annotation`, `price`, `created_at`, `updated_at`) VALUES (177, 6, 67, 1, 'Illo nisi.', 'Possimus omnis possimus ipsum velit. Est minus aut error consequatur autem rerum quam. Magnam voluptas quia aliquam aspernatur. Est vel vel magni nihil.', '103967185.22', '2020-01-31 13:31:51', '2017-04-02 17:02:50');
INSERT INTO `books` (`id`, `category_id`, `autor_id`, `publishing_house_id`, `name`, `annotation`, `price`, `created_at`, `updated_at`) VALUES (178, 6, 38, 8, 'Voluptatum voluptas.', 'Eveniet assumenda dolorem sint rerum quis. Sed corporis rerum fugit architecto minus dolores. Vero perspiciatis quaerat quod optio dolor et. Consequuntur atque animi accusantium voluptatibus sit.', '1.47', '2013-10-13 03:16:18', '2011-08-04 06:04:46');
INSERT INTO `books` (`id`, `category_id`, `autor_id`, `publishing_house_id`, `name`, `annotation`, `price`, `created_at`, `updated_at`) VALUES (179, 9, 48, 5, 'Amet tempore.', 'Architecto illo consectetur distinctio laborum quia autem. Dolores ratione commodi ut quae cumque corrupti temporibus ut.', '613.00', '2018-07-19 00:28:25', '2017-02-14 09:40:21');
INSERT INTO `books` (`id`, `category_id`, `autor_id`, `publishing_house_id`, `name`, `annotation`, `price`, `created_at`, `updated_at`) VALUES (180, 7, 45, 3, 'Excepturi excepturi blanditiis.', 'Rerum eius et similique rerum non veritatis est. Sed eum tempora quisquam consectetur pariatur placeat suscipit officia. Nemo excepturi ut sit omnis voluptate tempora.', '851566.82', '2017-07-26 18:04:24', '2019-06-29 23:53:55');
INSERT INTO `books` (`id`, `category_id`, `autor_id`, `publishing_house_id`, `name`, `annotation`, `price`, `created_at`, `updated_at`) VALUES (181, 9, 40, 3, 'Qui ut quo.', 'Illo soluta sed dicta et. Molestiae autem eligendi et beatae facere.', '176.74', '2018-10-16 04:46:23', '2014-12-22 09:53:57');
INSERT INTO `books` (`id`, `category_id`, `autor_id`, `publishing_house_id`, `name`, `annotation`, `price`, `created_at`, `updated_at`) VALUES (182, 7, 72, 1, 'Et suscipit velit.', 'Incidunt autem qui qui sunt reprehenderit et. Quia vero voluptatem voluptatibus voluptatibus est. Minima sunt animi et officiis.', '72337117.22', '2017-08-19 03:57:45', '2014-07-02 13:35:11');
INSERT INTO `books` (`id`, `category_id`, `autor_id`, `publishing_house_id`, `name`, `annotation`, `price`, `created_at`, `updated_at`) VALUES (183, 2, 38, 2, 'Cumque ea accusantium.', 'Veniam provident nihil officiis provident rerum et eveniet. Ut vero placeat incidunt accusantium. Odio dignissimos ex incidunt.', '0.90', '2012-11-14 01:12:55', '2019-02-19 18:48:03');
INSERT INTO `books` (`id`, `category_id`, `autor_id`, `publishing_house_id`, `name`, `annotation`, `price`, `created_at`, `updated_at`) VALUES (184, 7, 43, 9, 'Et quod.', 'Quibusdam voluptatem earum qui qui nihil perferendis sint rerum. Est iure et quidem atque esse. Sapiente est voluptate molestiae illum. Quis aut dolor mollitia non quasi. Molestias officia ea est cum sed rerum.', '58166873.84', '2015-01-27 21:39:18', '2015-03-06 08:51:53');
INSERT INTO `books` (`id`, `category_id`, `autor_id`, `publishing_house_id`, `name`, `annotation`, `price`, `created_at`, `updated_at`) VALUES (185, 9, 9, 5, 'Quibusdam voluptatibus.', 'Cum quis distinctio laborum vel eius maiores numquam. Sequi saepe earum consequatur fugiat nemo. Assumenda provident in rerum dolorem suscipit id non.', '333137.76', '2018-01-09 17:41:43', '2011-09-03 05:01:50');
INSERT INTO `books` (`id`, `category_id`, `autor_id`, `publishing_house_id`, `name`, `annotation`, `price`, `created_at`, `updated_at`) VALUES (186, 7, 44, 5, 'Quia aut tempora.', 'Sed ducimus autem ab quo omnis. Saepe et ducimus rerum sed. Voluptas ratione excepturi quas sed. Ducimus dolor natus vel.', '3.23', '2017-06-03 09:15:48', '2019-03-18 17:32:10');
INSERT INTO `books` (`id`, `category_id`, `autor_id`, `publishing_house_id`, `name`, `annotation`, `price`, `created_at`, `updated_at`) VALUES (187, 1, 1, 9, 'Quisquam aut.', 'Tempora voluptas itaque et ullam vitae aut. Soluta modi doloribus nihil optio. Est et animi aut sunt consequatur.', '16412209.80', '2019-05-14 01:47:38', '2017-04-20 15:58:54');
INSERT INTO `books` (`id`, `category_id`, `autor_id`, `publishing_house_id`, `name`, `annotation`, `price`, `created_at`, `updated_at`) VALUES (188, 4, 74, 6, 'Quaerat nostrum.', 'Pariatur at consequuntur a fugit. Id sed autem ipsum quae odit maxime nostrum. Atque facere quia officia consequuntur qui.', '28931209.56', '2014-09-04 11:20:57', '2020-06-28 17:23:28');
INSERT INTO `books` (`id`, `category_id`, `autor_id`, `publishing_house_id`, `name`, `annotation`, `price`, `created_at`, `updated_at`) VALUES (189, 3, 29, 7, 'Nesciunt sit explicabo.', 'Ea quis eum et vel odio fugit deserunt veniam. Quis est sed id magnam. Neque velit sit in voluptates.', '5291.05', '2011-11-04 12:07:55', '2013-12-07 19:21:35');
INSERT INTO `books` (`id`, `category_id`, `autor_id`, `publishing_house_id`, `name`, `annotation`, `price`, `created_at`, `updated_at`) VALUES (190, 4, 2, 5, 'Illo blanditiis magnam.', 'Maxime est autem vel aut consequatur. Ut asperiores ut illo qui. Ut adipisci quis aut tempora quos dignissimos in et. Quia recusandae amet aut.', '534811.06', '2017-08-14 04:50:25', '2013-08-10 13:10:58');
INSERT INTO `books` (`id`, `category_id`, `autor_id`, `publishing_house_id`, `name`, `annotation`, `price`, `created_at`, `updated_at`) VALUES (191, 10, 68, 8, 'Rerum suscipit.', 'Suscipit nam nihil voluptatem et et pariatur non. Quod minus nemo perferendis qui. Iste harum quos aut nemo rem unde voluptas. Dolores sunt voluptas consequatur quis.', '3.25', '2016-04-01 20:10:21', '2015-08-18 12:00:01');
INSERT INTO `books` (`id`, `category_id`, `autor_id`, `publishing_house_id`, `name`, `annotation`, `price`, `created_at`, `updated_at`) VALUES (192, 10, 81, 3, 'Itaque inventore.', 'Est incidunt vel quo deserunt expedita error culpa ducimus. Placeat quia itaque eos est voluptatem. Non id enim blanditiis vel quisquam odio blanditiis.', '45736647.58', '2019-08-31 03:50:49', '2021-01-02 22:52:58');
INSERT INTO `books` (`id`, `category_id`, `autor_id`, `publishing_house_id`, `name`, `annotation`, `price`, `created_at`, `updated_at`) VALUES (193, 10, 83, 7, 'Suscipit corporis.', 'In laborum aut id labore est. Totam sint ad fugit nisi. Molestiae recusandae provident sequi at corrupti nam quos. Commodi et fuga suscipit voluptatem.', '222.58', '2014-03-31 09:03:15', '2014-10-21 14:10:42');
INSERT INTO `books` (`id`, `category_id`, `autor_id`, `publishing_house_id`, `name`, `annotation`, `price`, `created_at`, `updated_at`) VALUES (194, 3, 61, 4, 'Unde nihil.', 'Iure recusandae iusto debitis deleniti. Facilis fugiat eum corporis sed inventore. Architecto ad voluptas accusamus ullam. Aut ratione in delectus sed consequatur.', '7324.00', '2013-12-22 01:16:51', '2015-09-05 04:18:46');
INSERT INTO `books` (`id`, `category_id`, `autor_id`, `publishing_house_id`, `name`, `annotation`, `price`, `created_at`, `updated_at`) VALUES (195, 7, 80, 9, 'Alias inventore blanditiis.', 'Laborum iste quaerat ut adipisci. Corporis culpa enim eaque molestiae dolores est.', '2.46', '2012-05-25 19:15:44', '2016-02-18 17:38:06');
INSERT INTO `books` (`id`, `category_id`, `autor_id`, `publishing_house_id`, `name`, `annotation`, `price`, `created_at`, `updated_at`) VALUES (196, 10, 67, 1, 'Qui iure.', 'Illo suscipit iste nemo numquam. Quia suscipit quis quae. Aliquid animi voluptatem nihil quasi explicabo.', '1792.70', '2018-09-20 16:20:41', '2017-09-13 22:41:54');
INSERT INTO `books` (`id`, `category_id`, `autor_id`, `publishing_house_id`, `name`, `annotation`, `price`, `created_at`, `updated_at`) VALUES (197, 9, 87, 8, 'Doloremque suscipit.', 'Nesciunt dolorem velit et et molestiae ducimus consequatur voluptatem. Dolorem ipsum iure voluptas facere explicabo impedit. Architecto enim ea ratione est dolores vel sunt. Necessitatibus at in accusamus laboriosam sit iste. Eum vel expedita harum facere aut.', '347866.90', '2016-12-06 12:19:26', '2020-08-15 00:50:16');
INSERT INTO `books` (`id`, `category_id`, `autor_id`, `publishing_house_id`, `name`, `annotation`, `price`, `created_at`, `updated_at`) VALUES (198, 8, 97, 4, 'Veritatis sed.', 'Cupiditate ut veniam corporis nulla labore ea sint omnis. Culpa minus qui incidunt. Officia mollitia sed quo nemo.', '115.00', '2016-06-13 19:43:38', '2020-03-08 00:25:32');
INSERT INTO `books` (`id`, `category_id`, `autor_id`, `publishing_house_id`, `name`, `annotation`, `price`, `created_at`, `updated_at`) VALUES (199, 3, 28, 2, 'Quasi iusto provident.', 'Id molestiae vel alias totam. Quis ut eos nostrum rerum. Quod aut quisquam eius sapiente est sed.', '0.00', '2019-03-22 18:31:10', '2015-05-10 04:31:42');
INSERT INTO `books` (`id`, `category_id`, `autor_id`, `publishing_house_id`, `name`, `annotation`, `price`, `created_at`, `updated_at`) VALUES (200, 10, 83, 8, 'Esse et non.', 'Nemo debitis odio neque illo aspernatur est sint. Sed vitae quae reiciendis eveniet. Excepturi perferendis quaerat quos at fugiat praesentium quaerat. Harum laborum quos molestiae officiis quas illum facilis. Quasi expedita ut suscipit at iste magnam.', '57796.62', '2019-11-29 11:11:53', '2013-08-31 14:27:24');
INSERT INTO `books` (`id`, `category_id`, `autor_id`, `publishing_house_id`, `name`, `annotation`, `price`, `created_at`, `updated_at`) VALUES (201, 9, 26, 8, 'Recusandae rerum est.', 'Nam harum soluta qui corporis velit ad. Ea quod ullam est voluptatibus quia. Magnam qui delectus et quis voluptate et. Dolores officia blanditiis qui ea aliquam voluptatem ab beatae. Expedita aliquam corrupti at deleniti quas.', '0.00', '2020-04-02 12:32:24', '2018-11-29 15:22:53');
INSERT INTO `books` (`id`, `category_id`, `autor_id`, `publishing_house_id`, `name`, `annotation`, `price`, `created_at`, `updated_at`) VALUES (202, 3, 89, 3, 'Quas dolorum.', 'Voluptas ducimus nam pariatur soluta assumenda. Impedit in dolore qui quis suscipit inventore. Aliquid est officiis sequi voluptatum. Cum fugiat molestiae corporis placeat.', '110320177.41', '2014-10-26 12:53:24', '2019-06-15 13:20:18');
INSERT INTO `books` (`id`, `category_id`, `autor_id`, `publishing_house_id`, `name`, `annotation`, `price`, `created_at`, `updated_at`) VALUES (203, 1, 95, 6, 'Voluptatem nihil.', 'Ut eum enim quidem et reiciendis nesciunt recusandae ipsa. Non rerum perspiciatis nisi. Eos voluptatem odit dolorem repellat quo porro et.', '37876.00', '2011-06-19 01:57:16', '2013-11-24 10:47:18');
INSERT INTO `books` (`id`, `category_id`, `autor_id`, `publishing_house_id`, `name`, `annotation`, `price`, `created_at`, `updated_at`) VALUES (204, 7, 11, 1, 'Rerum suscipit velit.', 'Nihil laboriosam amet id quisquam. Quibusdam qui iusto accusamus officia quis. Qui beatae dicta qui.', '785263.90', '2012-07-05 18:23:59', '2015-02-25 12:42:36');
INSERT INTO `books` (`id`, `category_id`, `autor_id`, `publishing_house_id`, `name`, `annotation`, `price`, `created_at`, `updated_at`) VALUES (205, 5, 11, 5, 'Dolor omnis quidem.', 'Ea saepe earum sunt aut ex alias amet. Eveniet id aperiam nihil non quaerat id soluta. Ipsum quia est atque vitae voluptatem.', '785.00', '2016-04-02 20:15:43', '2012-05-06 02:36:14');
INSERT INTO `books` (`id`, `category_id`, `autor_id`, `publishing_house_id`, `name`, `annotation`, `price`, `created_at`, `updated_at`) VALUES (206, 10, 88, 2, 'Consectetur veritatis.', 'Quaerat voluptate quam iure. Id amet alias nihil.', '423525.49', '2018-06-16 17:53:11', '2011-06-14 14:43:05');
INSERT INTO `books` (`id`, `category_id`, `autor_id`, `publishing_house_id`, `name`, `annotation`, `price`, `created_at`, `updated_at`) VALUES (207, 2, 52, 5, 'Debitis iure ut.', 'Unde eos praesentium dolore odio modi numquam. Voluptates illum dicta nihil numquam voluptas est.', '3.00', '2011-12-20 10:20:40', '2018-10-25 11:56:12');
INSERT INTO `books` (`id`, `category_id`, `autor_id`, `publishing_house_id`, `name`, `annotation`, `price`, `created_at`, `updated_at`) VALUES (208, 1, 4, 6, 'Dolorem qui.', 'Consectetur maxime ipsum qui. Aut incidunt aliquid ut vitae quisquam voluptatum. Consectetur et facilis error voluptatem doloribus quia odit. Et iure repellat laudantium consequatur praesentium dolore.', '0.00', '2011-09-02 10:26:17', '2020-07-07 21:33:16');
INSERT INTO `books` (`id`, `category_id`, `autor_id`, `publishing_house_id`, `name`, `annotation`, `price`, `created_at`, `updated_at`) VALUES (209, 6, 22, 1, 'Qui veritatis.', 'Eius est alias quaerat perspiciatis tempore. Dolores nesciunt inventore commodi quaerat dolorum fuga mollitia. Pariatur ipsum dolorem non.', '2.40', '2019-11-26 23:48:07', '2018-03-27 04:27:27');
INSERT INTO `books` (`id`, `category_id`, `autor_id`, `publishing_house_id`, `name`, `annotation`, `price`, `created_at`, `updated_at`) VALUES (210, 10, 2, 10, 'Non sequi.', 'Et placeat id dolor facilis. Neque consequatur at non ut excepturi. Eum ut et laudantium. Dolore aut mollitia rerum a nihil perspiciatis vitae.', '631.75', '2017-06-11 07:27:12', '2015-06-05 19:13:27');
INSERT INTO `books` (`id`, `category_id`, `autor_id`, `publishing_house_id`, `name`, `annotation`, `price`, `created_at`, `updated_at`) VALUES (211, 6, 19, 3, 'Placeat ullam iste.', 'Sequi ut quam quia illo id laborum qui et. Culpa fuga libero libero odit vel iure. Et consequatur qui incidunt quidem doloremque asperiores.', '4864377.94', '2016-01-21 17:12:45', '2014-11-26 03:52:13');
INSERT INTO `books` (`id`, `category_id`, `autor_id`, `publishing_house_id`, `name`, `annotation`, `price`, `created_at`, `updated_at`) VALUES (212, 5, 50, 3, 'Facere sint.', 'Sit magnam voluptatem ut molestias. Saepe eaque consectetur ipsa consequatur. Quis ipsum sed ad a consequatur veniam fugit.', '24507482.38', '2012-05-16 10:08:19', '2014-01-11 16:12:38');
INSERT INTO `books` (`id`, `category_id`, `autor_id`, `publishing_house_id`, `name`, `annotation`, `price`, `created_at`, `updated_at`) VALUES (213, 7, 13, 4, 'Recusandae et est.', 'Amet qui commodi quia. Debitis sapiente blanditiis minus cum tempore iste. Incidunt sed quaerat ea quia.', '3.95', '2019-11-26 17:19:12', '2014-10-19 19:43:29');
INSERT INTO `books` (`id`, `category_id`, `autor_id`, `publishing_house_id`, `name`, `annotation`, `price`, `created_at`, `updated_at`) VALUES (214, 10, 31, 6, 'Quis suscipit.', 'Facilis animi quam ex laborum fugiat reiciendis iste. Cum aperiam eos provident eaque error ut. Labore sit placeat odit sunt animi omnis. Et amet eum ut id reprehenderit quasi omnis.', '2234395.89', '2020-11-17 05:47:13', '2019-09-13 11:47:27');
INSERT INTO `books` (`id`, `category_id`, `autor_id`, `publishing_house_id`, `name`, `annotation`, `price`, `created_at`, `updated_at`) VALUES (215, 3, 96, 6, 'Voluptatem eos.', 'Asperiores dignissimos quia doloremque mollitia explicabo ut fuga nemo. Facilis temporibus at illo iusto quo sapiente suscipit. Animi nulla praesentium sit suscipit debitis cupiditate sit. Labore asperiores ipsam sapiente aut.', '32838487.09', '2016-05-04 21:36:20', '2019-07-01 19:25:35');
INSERT INTO `books` (`id`, `category_id`, `autor_id`, `publishing_house_id`, `name`, `annotation`, `price`, `created_at`, `updated_at`) VALUES (216, 4, 76, 9, 'Quia voluptas ea.', 'Consequatur exercitationem hic nihil error accusantium et. Commodi error sit omnis impedit. Qui ducimus qui dolores nam nostrum et.', '187.33', '2015-02-03 09:10:02', '2016-10-04 13:17:20');
INSERT INTO `books` (`id`, `category_id`, `autor_id`, `publishing_house_id`, `name`, `annotation`, `price`, `created_at`, `updated_at`) VALUES (217, 6, 57, 9, 'Repellendus debitis qui.', 'Hic facilis repellendus iusto est sed. Ipsum porro iusto quia officiis quia. Qui autem minima ipsa dignissimos tempora esse aut. Omnis non reiciendis repellendus voluptas rem exercitationem. Soluta consequatur quaerat est.', '0.00', '2014-06-25 21:48:21', '2017-12-10 03:32:06');
INSERT INTO `books` (`id`, `category_id`, `autor_id`, `publishing_house_id`, `name`, `annotation`, `price`, `created_at`, `updated_at`) VALUES (218, 2, 95, 4, 'Quasi quae officia.', 'Quia vero animi perferendis. Et nisi ut cumque odit facere est ut facere. Ipsum vitae aliquam eum.', '201.00', '2020-07-31 01:00:36', '2018-06-10 09:15:22');
INSERT INTO `books` (`id`, `category_id`, `autor_id`, `publishing_house_id`, `name`, `annotation`, `price`, `created_at`, `updated_at`) VALUES (219, 9, 53, 6, 'Et odio beatae.', 'Reiciendis et reiciendis voluptatem est. Distinctio aut est dolore eum quibusdam minus est. Exercitationem maxime harum dignissimos et ducimus quis voluptas.', '4.61', '2013-05-17 12:05:56', '2012-06-12 02:29:05');
INSERT INTO `books` (`id`, `category_id`, `autor_id`, `publishing_house_id`, `name`, `annotation`, `price`, `created_at`, `updated_at`) VALUES (220, 10, 28, 7, 'Ipsam nihil.', 'Et quia illum ducimus natus consequuntur tempore dolorem. Aut omnis culpa quia labore. Occaecati quidem dignissimos et itaque. Provident sed quia qui sequi quis.', '369.00', '2021-01-02 10:10:52', '2014-03-24 18:41:30');
INSERT INTO `books` (`id`, `category_id`, `autor_id`, `publishing_house_id`, `name`, `annotation`, `price`, `created_at`, `updated_at`) VALUES (221, 7, 19, 8, 'Deleniti aut perferendis.', 'Et et ut quam voluptas occaecati aut eaque et. Animi id vel voluptates harum minus animi. Quisquam mollitia repudiandae magni cumque cum modi illo. Distinctio quas voluptas delectus sed ea.', '0.95', '2013-12-26 23:27:06', '2017-01-21 06:26:34');
INSERT INTO `books` (`id`, `category_id`, `autor_id`, `publishing_house_id`, `name`, `annotation`, `price`, `created_at`, `updated_at`) VALUES (222, 2, 16, 8, 'Esse est porro.', 'Mollitia nisi incidunt explicabo dolor aut temporibus perferendis error. Rerum vel doloribus tenetur qui. Culpa cupiditate accusantium perspiciatis consequatur temporibus ut qui.', '0.00', '2020-11-09 11:09:02', '2013-10-18 10:10:13');
INSERT INTO `books` (`id`, `category_id`, `autor_id`, `publishing_house_id`, `name`, `annotation`, `price`, `created_at`, `updated_at`) VALUES (223, 9, 45, 3, 'Suscipit aut autem.', 'Minus sequi harum praesentium nesciunt. Corrupti dolorum dolores iste. Dolorum vel aut illum non sed cum sunt. Ipsam temporibus quae et eos.', '0.00', '2011-12-14 19:38:56', '2012-12-11 05:39:32');
INSERT INTO `books` (`id`, `category_id`, `autor_id`, `publishing_house_id`, `name`, `annotation`, `price`, `created_at`, `updated_at`) VALUES (224, 10, 12, 5, 'Neque ipsum sunt.', 'Porro aut fugit sequi nostrum quas dolorum. Modi saepe in distinctio id tempore. Repudiandae mollitia nobis eos.', '3.66', '2011-05-21 21:22:42', '2014-01-23 06:17:53');
INSERT INTO `books` (`id`, `category_id`, `autor_id`, `publishing_house_id`, `name`, `annotation`, `price`, `created_at`, `updated_at`) VALUES (225, 1, 37, 7, 'Aut aperiam.', 'Ipsa consectetur suscipit odit earum aliquam ut totam. Eius tempora repudiandae voluptates. Accusantium voluptatem quibusdam aut omnis iusto non repudiandae a. Mollitia id necessitatibus non amet voluptatem impedit. Molestias mollitia reprehenderit reprehenderit consequatur.', '218880.00', '2013-07-19 07:10:27', '2018-10-19 17:54:02');
INSERT INTO `books` (`id`, `category_id`, `autor_id`, `publishing_house_id`, `name`, `annotation`, `price`, `created_at`, `updated_at`) VALUES (226, 6, 26, 10, 'Velit minus.', 'Nesciunt quaerat omnis ipsa. Iusto ut qui neque velit sequi non. Quaerat pariatur quia consequatur.', '15789140.91', '2019-09-09 02:32:11', '2018-11-04 08:21:14');
INSERT INTO `books` (`id`, `category_id`, `autor_id`, `publishing_house_id`, `name`, `annotation`, `price`, `created_at`, `updated_at`) VALUES (227, 8, 67, 1, 'Odit necessitatibus consequatur.', 'Enim et eos autem officiis vitae. Id et ut quam dolorem est voluptates. Nihil velit qui unde. Perferendis architecto inventore nulla aut placeat.', '593.15', '2020-06-11 02:22:07', '2015-09-10 12:45:40');
INSERT INTO `books` (`id`, `category_id`, `autor_id`, `publishing_house_id`, `name`, `annotation`, `price`, `created_at`, `updated_at`) VALUES (228, 2, 16, 7, 'Porro natus rerum.', 'Provident dignissimos nam itaque ea est. Corrupti nulla assumenda ut fugiat sequi inventore ea. Exercitationem blanditiis accusamus corporis amet qui non eum. Illo iste blanditiis tempora cupiditate eius eligendi aspernatur.', '1340.07', '2012-10-12 17:18:43', '2018-03-25 00:32:32');
INSERT INTO `books` (`id`, `category_id`, `autor_id`, `publishing_house_id`, `name`, `annotation`, `price`, `created_at`, `updated_at`) VALUES (229, 3, 36, 3, 'Libero fuga.', 'Est et cum sapiente illo omnis dolore. Provident sit qui iure quis mollitia temporibus. Saepe ullam voluptas consequatur repudiandae est esse. Molestiae ea exercitationem dolore earum qui.', '162310.02', '2018-01-20 00:40:56', '2016-01-27 20:42:13');
INSERT INTO `books` (`id`, `category_id`, `autor_id`, `publishing_house_id`, `name`, `annotation`, `price`, `created_at`, `updated_at`) VALUES (230, 10, 93, 5, 'Labore magnam.', 'Ea at expedita minima voluptatum. Odio ut quo enim temporibus saepe et ipsa. Inventore nesciunt alias amet sunt. Iste dolores omnis et quod.', '416920.03', '2017-02-26 20:15:53', '2012-05-19 14:01:40');
INSERT INTO `books` (`id`, `category_id`, `autor_id`, `publishing_house_id`, `name`, `annotation`, `price`, `created_at`, `updated_at`) VALUES (231, 8, 66, 1, 'Similique perspiciatis.', 'Saepe qui eum voluptas eum. Saepe vel magni quia similique corporis est neque.', '12488.95', '2015-05-02 05:30:56', '2016-11-10 11:00:24');
INSERT INTO `books` (`id`, `category_id`, `autor_id`, `publishing_house_id`, `name`, `annotation`, `price`, `created_at`, `updated_at`) VALUES (232, 2, 80, 8, 'Neque voluptates aliquam.', 'Consequatur sit eveniet explicabo dolorem neque alias dignissimos dicta. Officiis neque quo molestiae corporis. Quia ratione repellat quos.', '8.32', '2020-01-17 10:01:51', '2012-12-21 16:18:44');
INSERT INTO `books` (`id`, `category_id`, `autor_id`, `publishing_house_id`, `name`, `annotation`, `price`, `created_at`, `updated_at`) VALUES (233, 3, 46, 3, 'Quia alias quam.', 'Quia dolor eos non adipisci molestiae laborum labore. Maxime nemo omnis enim corrupti. Est veniam quia dicta ipsam officiis. Fugiat sit facilis qui occaecati sit eligendi in.', '679474960.60', '2012-04-09 14:28:46', '2011-05-21 14:42:10');
INSERT INTO `books` (`id`, `category_id`, `autor_id`, `publishing_house_id`, `name`, `annotation`, `price`, `created_at`, `updated_at`) VALUES (234, 3, 26, 3, 'A et.', 'Dolor est est et ratione dolorum. Quibusdam officia reiciendis necessitatibus veritatis earum repudiandae sit in. Vero qui sit sed earum pariatur dolor. Minus id rem minus earum voluptas optio debitis. Aut necessitatibus excepturi neque accusantium doloribus.', '27321.91', '2021-03-05 17:33:43', '2013-06-23 01:07:53');
INSERT INTO `books` (`id`, `category_id`, `autor_id`, `publishing_house_id`, `name`, `annotation`, `price`, `created_at`, `updated_at`) VALUES (235, 5, 38, 8, 'Animi iste alias.', 'Labore qui et eligendi. Enim non sed non aut quos rem consectetur. Sed nulla deserunt ut. Reprehenderit sequi voluptatem et.', '4.89', '2016-11-29 11:06:15', '2016-06-28 16:35:45');
INSERT INTO `books` (`id`, `category_id`, `autor_id`, `publishing_house_id`, `name`, `annotation`, `price`, `created_at`, `updated_at`) VALUES (236, 4, 40, 6, 'Architecto molestiae.', 'Commodi cupiditate aut voluptatem velit id. Quos veritatis provident deserunt illo quae. Architecto officia et ipsam dolor incidunt veniam. Tenetur voluptatem atque quod unde.', '3.00', '2013-06-30 02:11:12', '2013-07-23 22:22:12');
INSERT INTO `books` (`id`, `category_id`, `autor_id`, `publishing_house_id`, `name`, `annotation`, `price`, `created_at`, `updated_at`) VALUES (237, 6, 32, 6, 'Perferendis eaque ipsam.', 'Qui natus et autem facere sapiente tenetur. Officiis sed aut et sed. Numquam neque iusto alias est ipsa veniam. Sint temporibus rerum fugiat amet voluptatem.', '226.12', '2018-02-12 09:01:10', '2017-03-11 07:45:10');
INSERT INTO `books` (`id`, `category_id`, `autor_id`, `publishing_house_id`, `name`, `annotation`, `price`, `created_at`, `updated_at`) VALUES (238, 4, 7, 8, 'Corrupti odit eos.', 'Blanditiis omnis eos minima voluptates id enim. Autem nisi consequatur amet culpa fugit culpa. Omnis enim itaque et ducimus ipsam.', '1408.18', '2013-08-24 18:22:53', '2012-11-24 13:50:50');
INSERT INTO `books` (`id`, `category_id`, `autor_id`, `publishing_house_id`, `name`, `annotation`, `price`, `created_at`, `updated_at`) VALUES (239, 6, 65, 3, 'Aut eveniet.', 'Architecto et voluptatem quos explicabo. Eos soluta ut et sunt.', '1.82', '2014-04-03 01:30:54', '2016-05-01 08:40:15');
INSERT INTO `books` (`id`, `category_id`, `autor_id`, `publishing_house_id`, `name`, `annotation`, `price`, `created_at`, `updated_at`) VALUES (240, 2, 85, 6, 'Alias rem.', 'Voluptate ut facere qui quibusdam autem ut voluptates. Quia explicabo sunt soluta dignissimos. Qui perspiciatis autem neque nesciunt beatae sint recusandae sed. Et eaque hic consectetur voluptatem ad repellendus. Et velit unde adipisci quos.', '55877.28', '2021-02-18 20:27:40', '2018-04-19 16:57:45');
INSERT INTO `books` (`id`, `category_id`, `autor_id`, `publishing_house_id`, `name`, `annotation`, `price`, `created_at`, `updated_at`) VALUES (241, 2, 79, 4, 'Sunt consequatur totam.', 'Dolore et in id. Totam nihil fuga aut praesentium assumenda provident. Est atque autem molestiae officiis qui.', '16410033.12', '2011-08-14 15:49:12', '2018-04-07 05:44:44');
INSERT INTO `books` (`id`, `category_id`, `autor_id`, `publishing_house_id`, `name`, `annotation`, `price`, `created_at`, `updated_at`) VALUES (242, 4, 27, 4, 'Deleniti facilis est.', 'Mollitia est aut ex et suscipit debitis ad dolor. Est doloremque et suscipit odio aut minima. Laudantium voluptas voluptatem aperiam illo qui sequi. Ex quia et velit deserunt.', '7528803.35', '2019-08-07 14:53:48', '2017-10-06 21:59:30');
INSERT INTO `books` (`id`, `category_id`, `autor_id`, `publishing_house_id`, `name`, `annotation`, `price`, `created_at`, `updated_at`) VALUES (243, 1, 43, 9, 'Illum eveniet.', 'Aut modi fuga dolores natus sed dicta aut. Cupiditate est in rerum ex voluptas. Omnis qui labore itaque qui. Accusantium quia quo dolore accusantium. Enim officiis corporis quia vel.', '27514.29', '2013-03-02 03:57:38', '2016-06-14 00:44:01');
INSERT INTO `books` (`id`, `category_id`, `autor_id`, `publishing_house_id`, `name`, `annotation`, `price`, `created_at`, `updated_at`) VALUES (244, 10, 60, 4, 'Sint recusandae excepturi.', 'Dolorem culpa voluptatem consequatur eos. Aut aliquid aliquam ut sed vel adipisci. Alias quod nihil delectus quibusdam eos libero tempora.', '163183.54', '2018-07-30 15:18:42', '2018-11-01 22:45:03');
INSERT INTO `books` (`id`, `category_id`, `autor_id`, `publishing_house_id`, `name`, `annotation`, `price`, `created_at`, `updated_at`) VALUES (245, 4, 94, 7, 'Nihil et.', 'Eaque et occaecati sequi reiciendis odio fugiat. Harum aut qui eos ex. Enim vero autem autem non.', '0.00', '2011-08-23 07:16:13', '2020-05-08 18:34:03');
INSERT INTO `books` (`id`, `category_id`, `autor_id`, `publishing_house_id`, `name`, `annotation`, `price`, `created_at`, `updated_at`) VALUES (246, 1, 78, 5, 'Asperiores ducimus et.', 'Ut eum et ut et. Quas possimus aut iure magni est veniam quia consequatur. Ut dolore ipsam debitis ullam officia eligendi dignissimos. Doloribus asperiores nemo et repellendus.', '0.40', '2013-12-06 17:03:36', '2016-12-17 03:41:08');
INSERT INTO `books` (`id`, `category_id`, `autor_id`, `publishing_house_id`, `name`, `annotation`, `price`, `created_at`, `updated_at`) VALUES (247, 7, 76, 6, 'Quos repellendus autem.', 'Expedita et quos impedit. Beatae qui odit quasi consectetur qui in quo. Et rem dignissimos tempora enim nihil. Qui ut dolorum impedit tempore temporibus. Natus ut similique dicta voluptatem optio.', '676.79', '2012-01-11 08:22:02', '2016-07-26 03:33:33');
INSERT INTO `books` (`id`, `category_id`, `autor_id`, `publishing_house_id`, `name`, `annotation`, `price`, `created_at`, `updated_at`) VALUES (248, 2, 76, 10, 'Sit voluptatem.', 'Asperiores dolores delectus totam animi quasi est maxime. Deserunt nostrum in explicabo adipisci nisi error perferendis et. Iste voluptatem libero quo aut blanditiis repudiandae eos. Voluptas inventore est sunt illum.', '0.00', '2018-09-17 02:15:10', '2020-02-14 15:59:47');
INSERT INTO `books` (`id`, `category_id`, `autor_id`, `publishing_house_id`, `name`, `annotation`, `price`, `created_at`, `updated_at`) VALUES (249, 7, 50, 9, 'Minus sunt.', 'Deleniti at quasi facilis voluptatem id asperiores. Saepe aut ex suscipit omnis enim aliquam facilis. Perferendis nihil fugiat sunt natus sit accusantium enim.', '7308.81', '2017-12-19 07:06:08', '2021-02-17 09:55:26');
INSERT INTO `books` (`id`, `category_id`, `autor_id`, `publishing_house_id`, `name`, `annotation`, `price`, `created_at`, `updated_at`) VALUES (250, 6, 39, 3, 'Quidem asperiores sed.', 'Deserunt quisquam temporibus qui culpa rem error blanditiis sit. Exercitationem omnis voluptas velit atque nemo eveniet vitae itaque. Quidem cum quae perspiciatis iusto culpa mollitia voluptatem quo.', '32649.11', '2014-08-02 22:59:13', '2019-07-20 10:48:14');
INSERT INTO `books` (`id`, `category_id`, `autor_id`, `publishing_house_id`, `name`, `annotation`, `price`, `created_at`, `updated_at`) VALUES (251, 4, 94, 2, 'Magnam minus molestias.', 'Consequatur dolorem vitae repudiandae. Dolor atque nisi beatae ad occaecati. Aut consequatur molestiae ut qui esse repudiandae omnis et. Consequatur consectetur pariatur libero itaque.', '232385.16', '2020-07-31 22:40:26', '2014-03-28 06:35:18');
INSERT INTO `books` (`id`, `category_id`, `autor_id`, `publishing_house_id`, `name`, `annotation`, `price`, `created_at`, `updated_at`) VALUES (252, 5, 67, 8, 'Non ratione inventore.', 'Eaque vel enim enim rerum. Nihil non dolor eius minus rerum accusamus. Ab cumque voluptates ipsam voluptatem odio. Quia numquam cupiditate culpa hic quasi.', '3927213.32', '2014-11-28 21:08:23', '2013-04-04 08:53:11');
INSERT INTO `books` (`id`, `category_id`, `autor_id`, `publishing_house_id`, `name`, `annotation`, `price`, `created_at`, `updated_at`) VALUES (253, 1, 25, 2, 'Eius fuga quia.', 'Ut et velit consequuntur et inventore esse nihil occaecati. Delectus dolorum et animi quod tempore ab sequi dolor. Eos id et reiciendis nihil quia repellendus.', '256.88', '2014-03-22 12:25:10', '2012-12-11 13:54:31');
INSERT INTO `books` (`id`, `category_id`, `autor_id`, `publishing_house_id`, `name`, `annotation`, `price`, `created_at`, `updated_at`) VALUES (254, 5, 15, 1, 'Et omnis.', 'At fuga consequatur voluptatem aperiam numquam nobis est. Tenetur quaerat molestias officia. Velit et harum maiores aut tempora ullam.', '244224102.55', '2017-03-07 12:42:43', '2015-10-31 07:47:23');
INSERT INTO `books` (`id`, `category_id`, `autor_id`, `publishing_house_id`, `name`, `annotation`, `price`, `created_at`, `updated_at`) VALUES (255, 3, 44, 2, 'Totam voluptas.', 'Reiciendis quia voluptas aut consequatur repellendus et. Vitae dignissimos eos illum assumenda illum eius voluptas. Perferendis aliquid totam corporis possimus sed accusantium. Iusto quo deserunt suscipit consequuntur.', '350.07', '2019-04-02 23:39:51', '2013-10-08 20:16:24');
INSERT INTO `books` (`id`, `category_id`, `autor_id`, `publishing_house_id`, `name`, `annotation`, `price`, `created_at`, `updated_at`) VALUES (256, 6, 43, 1, 'Fugiat consequuntur fuga.', 'Ad est ipsam rerum. Provident rem illum ipsum a. Fugit odit voluptas earum maxime fuga aut esse ad. Molestiae voluptatibus laboriosam doloribus eos earum alias ab.', '289071.00', '2014-01-22 08:09:33', '2012-02-10 12:16:46');
INSERT INTO `books` (`id`, `category_id`, `autor_id`, `publishing_house_id`, `name`, `annotation`, `price`, `created_at`, `updated_at`) VALUES (257, 6, 11, 4, 'Voluptate corrupti.', 'Possimus ea enim sed at. Autem ducimus et eligendi et quod porro nesciunt qui. Veritatis autem earum velit iure placeat vel. Odit itaque qui quas vel.', '0.00', '2017-12-29 09:39:26', '2019-11-19 17:11:04');
INSERT INTO `books` (`id`, `category_id`, `autor_id`, `publishing_house_id`, `name`, `annotation`, `price`, `created_at`, `updated_at`) VALUES (258, 3, 93, 1, 'Molestias neque.', 'Voluptates dolore minima vitae officiis. Molestiae perspiciatis voluptatibus maiores quae quia sequi. Quidem provident illo similique rerum accusamus. Sit molestiae ab placeat voluptates quaerat et.', '413530.00', '2016-02-23 12:50:57', '2018-08-27 05:34:28');
INSERT INTO `books` (`id`, `category_id`, `autor_id`, `publishing_house_id`, `name`, `annotation`, `price`, `created_at`, `updated_at`) VALUES (259, 7, 71, 6, 'Quis omnis.', 'Atque dolorem adipisci ut error voluptas qui incidunt. Omnis cum officiis voluptates. Molestias beatae et et mollitia neque iste qui adipisci. Omnis natus consequuntur aspernatur molestias. Enim iste laudantium recusandae magnam esse ut rerum.', '1.21', '2018-03-13 13:16:39', '2017-12-30 03:55:31');
INSERT INTO `books` (`id`, `category_id`, `autor_id`, `publishing_house_id`, `name`, `annotation`, `price`, `created_at`, `updated_at`) VALUES (260, 10, 100, 6, 'Molestiae ea.', 'Consequuntur voluptatem modi tenetur explicabo ea ut quasi. Laborum neque quasi rerum. Suscipit omnis totam magnam labore at.', '2.43', '2014-03-22 00:01:43', '2012-10-22 06:31:15');
INSERT INTO `books` (`id`, `category_id`, `autor_id`, `publishing_house_id`, `name`, `annotation`, `price`, `created_at`, `updated_at`) VALUES (261, 6, 85, 5, 'Assumenda pariatur.', 'Corrupti quia distinctio et aut fugit optio qui. Qui corrupti ex asperiores repudiandae omnis velit. Autem ullam est repudiandae.', '87.10', '2016-10-17 09:54:00', '2020-02-04 15:39:01');
INSERT INTO `books` (`id`, `category_id`, `autor_id`, `publishing_house_id`, `name`, `annotation`, `price`, `created_at`, `updated_at`) VALUES (262, 5, 96, 5, 'Accusamus eveniet molestiae.', 'Ut nostrum quis similique placeat et. Quisquam consequatur possimus ipsam consequatur ipsum praesentium ut sequi. Cumque suscipit id hic omnis. Et minus et et quam qui.', '30791.42', '2014-03-24 16:44:09', '2011-06-27 16:34:14');
INSERT INTO `books` (`id`, `category_id`, `autor_id`, `publishing_house_id`, `name`, `annotation`, `price`, `created_at`, `updated_at`) VALUES (263, 9, 81, 7, 'Aut nesciunt.', 'Qui quam enim voluptatem aperiam. Dolores velit rerum dolores provident quia sint aperiam. Aut ducimus laboriosam itaque recusandae ut perspiciatis.', '3.90', '2018-09-26 18:50:04', '2017-10-28 11:06:51');
INSERT INTO `books` (`id`, `category_id`, `autor_id`, `publishing_house_id`, `name`, `annotation`, `price`, `created_at`, `updated_at`) VALUES (264, 10, 82, 8, 'Qui quam.', 'Quis esse nulla nemo velit repudiandae et assumenda. Iusto et et dolor modi beatae recusandae ut. Praesentium est architecto aut beatae. Consequatur qui quo omnis.', '1247.71', '2011-12-03 07:51:42', '2017-02-02 17:11:03');
INSERT INTO `books` (`id`, `category_id`, `autor_id`, `publishing_house_id`, `name`, `annotation`, `price`, `created_at`, `updated_at`) VALUES (265, 5, 98, 5, 'Rerum rerum.', 'Aliquid qui et sequi aut dolores sit ab. Odio non sed provident minus. Sed rerum dolores sequi rem corrupti.', '3830.00', '2019-01-11 11:19:00', '2011-11-02 14:09:50');
INSERT INTO `books` (`id`, `category_id`, `autor_id`, `publishing_house_id`, `name`, `annotation`, `price`, `created_at`, `updated_at`) VALUES (266, 7, 25, 6, 'Consectetur eaque.', 'Quo non voluptas consectetur aspernatur odio officia omnis pariatur. Quas rerum distinctio delectus similique totam. Qui vel saepe culpa eveniet.', '16.07', '2012-05-15 04:46:49', '2017-12-15 03:53:00');
INSERT INTO `books` (`id`, `category_id`, `autor_id`, `publishing_house_id`, `name`, `annotation`, `price`, `created_at`, `updated_at`) VALUES (267, 4, 13, 4, 'Debitis tempore.', 'Praesentium ea assumenda omnis repudiandae blanditiis id alias. Est culpa sed nobis dolorum est molestias. Architecto aperiam aut tempore. Quibusdam voluptatum sunt nihil quos excepturi.', '0.00', '2016-12-07 06:19:07', '2014-09-04 22:12:58');
INSERT INTO `books` (`id`, `category_id`, `autor_id`, `publishing_house_id`, `name`, `annotation`, `price`, `created_at`, `updated_at`) VALUES (268, 7, 5, 5, 'Aspernatur rerum.', 'At et blanditiis aut omnis ut sunt et. Praesentium est quas laborum porro sapiente autem excepturi. Rem doloremque dolore natus voluptate maiores.', '219.69', '2014-09-12 20:12:19', '2012-01-23 16:45:14');
INSERT INTO `books` (`id`, `category_id`, `autor_id`, `publishing_house_id`, `name`, `annotation`, `price`, `created_at`, `updated_at`) VALUES (269, 1, 98, 4, 'Laborum adipisci.', 'Pariatur dolores nisi veritatis qui ut. Ex consequatur est excepturi aut voluptas alias omnis vel. Ipsam quibusdam est in voluptatibus.', '69184.99', '2018-10-30 06:22:51', '2019-01-20 03:05:55');
INSERT INTO `books` (`id`, `category_id`, `autor_id`, `publishing_house_id`, `name`, `annotation`, `price`, `created_at`, `updated_at`) VALUES (270, 8, 71, 7, 'Vel impedit.', 'Asperiores quos id autem quam et. Aut ipsa dolor qui corporis aut officiis. Iusto quas excepturi sint ipsam.', '0.00', '2012-12-28 10:55:57', '2012-06-30 10:03:14');
INSERT INTO `books` (`id`, `category_id`, `autor_id`, `publishing_house_id`, `name`, `annotation`, `price`, `created_at`, `updated_at`) VALUES (271, 8, 11, 10, 'Eligendi rem.', 'Consequatur iure maxime exercitationem corporis voluptatem. Quo laboriosam minus delectus dolor id.', '280598.41', '2018-11-14 06:44:21', '2019-09-25 09:04:56');
INSERT INTO `books` (`id`, `category_id`, `autor_id`, `publishing_house_id`, `name`, `annotation`, `price`, `created_at`, `updated_at`) VALUES (272, 10, 8, 3, 'Qui consequatur.', 'Quis voluptas voluptatem reiciendis ipsa id est. Nemo inventore minus molestiae. Veniam sunt dolorem quidem rerum maiores exercitationem voluptates nihil.', '19192003.07', '2013-03-10 01:20:10', '2018-09-28 19:21:29');
INSERT INTO `books` (`id`, `category_id`, `autor_id`, `publishing_house_id`, `name`, `annotation`, `price`, `created_at`, `updated_at`) VALUES (273, 3, 10, 10, 'Recusandae reprehenderit.', 'Assumenda alias esse architecto sunt. Quas omnis qui beatae eum ut vero maiores. Et quia quas vel quia assumenda. Molestiae eum aut aut non ut.', '0.00', '2014-07-19 03:36:33', '2016-10-01 10:33:52');
INSERT INTO `books` (`id`, `category_id`, `autor_id`, `publishing_house_id`, `name`, `annotation`, `price`, `created_at`, `updated_at`) VALUES (274, 10, 51, 8, 'Reprehenderit expedita ut.', 'Qui aut sapiente quae enim odit voluptatem. Eaque ea voluptate rem aut consequatur magnam soluta. Perspiciatis repellat occaecati quaerat qui. Assumenda minima facilis perspiciatis neque aliquid incidunt id.', '41619.00', '2011-11-27 12:33:05', '2012-06-30 06:16:14');
INSERT INTO `books` (`id`, `category_id`, `autor_id`, `publishing_house_id`, `name`, `annotation`, `price`, `created_at`, `updated_at`) VALUES (275, 3, 58, 5, 'In libero.', 'Dolor soluta magnam eum quam. Omnis quasi placeat eaque sunt et. Aspernatur ut doloremque voluptatum et.', '147901.82', '2019-08-08 18:12:02', '2020-12-11 07:24:35');
INSERT INTO `books` (`id`, `category_id`, `autor_id`, `publishing_house_id`, `name`, `annotation`, `price`, `created_at`, `updated_at`) VALUES (276, 1, 42, 6, 'Quae assumenda quisquam.', 'Voluptatum mollitia itaque quos similique corporis dignissimos. Saepe eum quia sunt ut illo suscipit. Ratione dolorem voluptatem error aperiam quo. Dolor id et omnis ut rem at. Natus accusantium quaerat quo voluptatem accusantium cumque nobis similique.', '78085937.35', '2017-07-28 13:20:14', '2015-07-15 22:19:08');
INSERT INTO `books` (`id`, `category_id`, `autor_id`, `publishing_house_id`, `name`, `annotation`, `price`, `created_at`, `updated_at`) VALUES (277, 9, 47, 1, 'Totam voluptatem autem.', 'Accusamus minus dolores dolorem reprehenderit. Sunt amet cumque minus qui atque. At blanditiis fugiat nobis dolore tempora. Totam soluta dolores itaque.', '71.00', '2019-03-25 06:34:47', '2018-09-06 03:34:52');
INSERT INTO `books` (`id`, `category_id`, `autor_id`, `publishing_house_id`, `name`, `annotation`, `price`, `created_at`, `updated_at`) VALUES (278, 6, 56, 3, 'Perspiciatis sequi ex.', 'Dolorem maxime perferendis voluptate nobis similique repudiandae ut cumque. Aut magni animi est ea debitis.', '8.67', '2012-01-23 11:21:24', '2013-08-14 19:39:33');
INSERT INTO `books` (`id`, `category_id`, `autor_id`, `publishing_house_id`, `name`, `annotation`, `price`, `created_at`, `updated_at`) VALUES (279, 5, 50, 6, 'Voluptas et.', 'Explicabo autem placeat qui ex. Rerum suscipit commodi reprehenderit deserunt aut sit tempore nostrum. Praesentium esse sunt voluptas dignissimos recusandae quisquam omnis.', '1376197.71', '2020-10-26 22:08:18', '2016-09-08 19:38:25');
INSERT INTO `books` (`id`, `category_id`, `autor_id`, `publishing_house_id`, `name`, `annotation`, `price`, `created_at`, `updated_at`) VALUES (280, 6, 32, 6, 'Delectus non.', 'Quo assumenda harum qui ipsum. Voluptatem modi expedita pariatur explicabo velit sint dolorem. Voluptatem dolorem quasi eum quis. Iure minima voluptatibus exercitationem aut.', '112710302.21', '2011-04-06 06:26:32', '2011-10-26 16:00:21');
INSERT INTO `books` (`id`, `category_id`, `autor_id`, `publishing_house_id`, `name`, `annotation`, `price`, `created_at`, `updated_at`) VALUES (281, 8, 62, 10, 'Quasi ipsa.', 'Sequi incidunt a aut enim consequatur rerum omnis dolor. Facere sint deleniti et.', '127.33', '2017-02-22 18:26:57', '2021-02-20 09:30:31');
INSERT INTO `books` (`id`, `category_id`, `autor_id`, `publishing_house_id`, `name`, `annotation`, `price`, `created_at`, `updated_at`) VALUES (282, 8, 13, 8, 'Molestiae aut suscipit.', 'Est occaecati quam quisquam nam odit. Velit autem deserunt sint esse. Voluptate culpa quaerat consequatur laudantium maiores voluptatum.', '4764.20', '2014-07-10 04:56:02', '2020-09-08 04:00:37');
INSERT INTO `books` (`id`, `category_id`, `autor_id`, `publishing_house_id`, `name`, `annotation`, `price`, `created_at`, `updated_at`) VALUES (283, 1, 62, 5, 'Suscipit voluptatem.', 'Aut at quae et voluptas. Quo iste assumenda unde eos repellat quas autem. Eius ea magni recusandae commodi. Corrupti et eius numquam.', '2657.40', '2013-01-22 16:45:12', '2017-10-25 21:41:36');
INSERT INTO `books` (`id`, `category_id`, `autor_id`, `publishing_house_id`, `name`, `annotation`, `price`, `created_at`, `updated_at`) VALUES (284, 7, 28, 4, 'Vel repellat maiores.', 'Enim hic deserunt rerum iusto ipsum. Odio voluptatem amet dolor in earum qui ad ab. Recusandae culpa necessitatibus nihil corrupti officiis et et ipsa. Eaque dolor mollitia voluptatibus omnis nihil quisquam.', '0.00', '2018-08-20 07:20:42', '2011-11-30 20:23:03');
INSERT INTO `books` (`id`, `category_id`, `autor_id`, `publishing_house_id`, `name`, `annotation`, `price`, `created_at`, `updated_at`) VALUES (285, 9, 13, 6, 'Et quaerat omnis.', 'Aut ut sed est est deserunt odio velit. A voluptas corporis delectus ea repudiandae sed. Reiciendis esse ut aut ducimus.', '4032.28', '2020-09-17 01:44:12', '2013-07-16 13:20:24');
INSERT INTO `books` (`id`, `category_id`, `autor_id`, `publishing_house_id`, `name`, `annotation`, `price`, `created_at`, `updated_at`) VALUES (286, 1, 56, 6, 'Nobis minima quidem.', 'Recusandae eius enim distinctio perspiciatis qui asperiores. Nihil tenetur dolorem aspernatur in ratione molestiae. Vel rerum autem quo quasi sed cupiditate mollitia.', '2153079.54', '2019-08-30 18:18:57', '2014-09-15 20:30:37');
INSERT INTO `books` (`id`, `category_id`, `autor_id`, `publishing_house_id`, `name`, `annotation`, `price`, `created_at`, `updated_at`) VALUES (287, 8, 45, 3, 'Sed quia similique.', 'Architecto qui quas et itaque pariatur. Consequuntur molestiae ab mollitia facere et quos. Est ab maiores et facere recusandae fuga sed. Blanditiis dolorem excepturi in officia praesentium.', '1364.07', '2019-04-16 01:05:32', '2019-09-30 17:27:58');
INSERT INTO `books` (`id`, `category_id`, `autor_id`, `publishing_house_id`, `name`, `annotation`, `price`, `created_at`, `updated_at`) VALUES (288, 1, 62, 3, 'Nemo voluptatum ab.', 'Dolorem amet sint eveniet iste vero qui consequatur dolorem. Qui et et tempore deleniti. Assumenda aliquid sit illo aut voluptatem. Quasi aut est dolores quis quasi ullam.', '26280.78', '2019-03-01 10:58:48', '2016-11-12 04:25:05');
INSERT INTO `books` (`id`, `category_id`, `autor_id`, `publishing_house_id`, `name`, `annotation`, `price`, `created_at`, `updated_at`) VALUES (289, 6, 28, 7, 'Eos possimus similique.', 'Mollitia quisquam provident quisquam in perspiciatis eaque quidem. Voluptatem molestiae voluptatem quasi. Voluptatem eligendi vitae temporibus et enim. Delectus porro veniam est corrupti odio facilis.', '954.93', '2019-11-07 20:43:45', '2014-02-28 13:25:41');
INSERT INTO `books` (`id`, `category_id`, `autor_id`, `publishing_house_id`, `name`, `annotation`, `price`, `created_at`, `updated_at`) VALUES (290, 4, 31, 9, 'Expedita sit.', 'Expedita unde nemo dolorem sed aut ea. Illum molestiae magnam vero quas temporibus numquam in. Eum vel excepturi odio pariatur non voluptas.', '2532.31', '2011-03-16 22:07:44', '2017-04-15 01:22:46');
INSERT INTO `books` (`id`, `category_id`, `autor_id`, `publishing_house_id`, `name`, `annotation`, `price`, `created_at`, `updated_at`) VALUES (291, 4, 9, 2, 'Ut voluptatem delectus.', 'Earum laboriosam consequuntur enim sit harum esse dolores. Quisquam ipsa ad neque aperiam omnis dolores. Et est dicta quia ex.', '694441.70', '2015-09-14 05:20:13', '2017-03-11 13:09:15');
INSERT INTO `books` (`id`, `category_id`, `autor_id`, `publishing_house_id`, `name`, `annotation`, `price`, `created_at`, `updated_at`) VALUES (292, 3, 39, 4, 'Dolorem magnam sit.', 'Molestiae rerum sit sit qui. Voluptatem minima aliquam tenetur eius id iste voluptatem repudiandae. Eius culpa provident necessitatibus minus distinctio sequi rem.', '915591.51', '2015-03-23 18:40:05', '2013-06-04 08:25:39');
INSERT INTO `books` (`id`, `category_id`, `autor_id`, `publishing_house_id`, `name`, `annotation`, `price`, `created_at`, `updated_at`) VALUES (293, 8, 24, 3, 'Eius aliquid.', 'Quis vel voluptates eum autem. Est dolores adipisci quos ut.', '651.24', '2018-06-19 13:51:34', '2016-01-08 10:13:59');
INSERT INTO `books` (`id`, `category_id`, `autor_id`, `publishing_house_id`, `name`, `annotation`, `price`, `created_at`, `updated_at`) VALUES (294, 10, 93, 8, 'Harum officia.', 'Perspiciatis quas sunt iste. Ullam et vel nemo. Ut eveniet praesentium asperiores non mollitia non. Perspiciatis nihil expedita ut perferendis.', '44.45', '2013-06-20 04:12:41', '2017-04-10 18:37:31');
INSERT INTO `books` (`id`, `category_id`, `autor_id`, `publishing_house_id`, `name`, `annotation`, `price`, `created_at`, `updated_at`) VALUES (295, 4, 34, 6, 'Pariatur quasi.', 'Laudantium consequuntur sequi nihil reiciendis aut dolore est. Debitis tempore nobis est molestiae eum incidunt occaecati. Accusantium et alias sequi officiis qui quis.', '0.00', '2015-03-28 09:55:44', '2016-01-16 20:41:04');
INSERT INTO `books` (`id`, `category_id`, `autor_id`, `publishing_house_id`, `name`, `annotation`, `price`, `created_at`, `updated_at`) VALUES (296, 6, 92, 3, 'Sint numquam quidem.', 'Est sit ut fugiat et aut facere. Incidunt autem ipsum voluptatem porro hic iusto dolor dolor. Distinctio quas et ab aut eligendi.', '25508606.46', '2018-01-29 03:48:49', '2013-08-22 03:39:52');
INSERT INTO `books` (`id`, `category_id`, `autor_id`, `publishing_house_id`, `name`, `annotation`, `price`, `created_at`, `updated_at`) VALUES (297, 6, 29, 8, 'Soluta eaque alias.', 'Nostrum sed ex eveniet quia earum. Accusantium eum facilis labore culpa. Est dolorem consequatur ex voluptatem suscipit dolores nam itaque. Est voluptates repudiandae consequatur labore saepe inventore.', '7513922.07', '2020-11-09 08:52:44', '2016-07-26 20:26:07');
INSERT INTO `books` (`id`, `category_id`, `autor_id`, `publishing_house_id`, `name`, `annotation`, `price`, `created_at`, `updated_at`) VALUES (298, 9, 5, 8, 'Omnis autem.', 'Voluptatem qui sed eius qui. Aut voluptatem aliquam voluptatibus asperiores. Quasi repellendus reprehenderit ipsa consequatur et eum.', '72.69', '2017-09-21 11:35:44', '2014-03-17 03:42:02');
INSERT INTO `books` (`id`, `category_id`, `autor_id`, `publishing_house_id`, `name`, `annotation`, `price`, `created_at`, `updated_at`) VALUES (299, 9, 39, 2, 'Omnis qui inventore.', 'Nam quidem sit libero nostrum officia. Qui soluta dolore facilis cumque. Rem iusto odit et eaque voluptatum a odit. Sint repellendus omnis qui atque id est quas. Consequuntur in et est nemo exercitationem sit quia.', '1.10', '2011-04-12 04:46:20', '2011-12-11 10:34:43');
INSERT INTO `books` (`id`, `category_id`, `autor_id`, `publishing_house_id`, `name`, `annotation`, `price`, `created_at`, `updated_at`) VALUES (300, 4, 53, 8, 'Deleniti voluptates corrupti.', 'Nihil cumque culpa ex dolorem officiis et. Debitis adipisci nihil porro magni. Ea est et consequatur. Iusto est voluptas nesciunt et.', '187677.24', '2016-03-25 07:35:13', '2016-02-22 04:43:41');


#
# TABLE STRUCTURE FOR: clients
#

DROP TABLE IF EXISTS `clients`;

CREATE TABLE `clients` (
  `id` int(10) unsigned NOT NULL AUTO_INCREMENT,
  `first_name` varchar(100) COLLATE utf8mb4_unicode_ci NOT NULL,
  `last_name` varchar(100) COLLATE utf8mb4_unicode_ci NOT NULL,
  `email` varchar(100) COLLATE utf8mb4_unicode_ci NOT NULL,
  `phone` varchar(100) COLLATE utf8mb4_unicode_ci NOT NULL,
  `created_at` datetime DEFAULT current_timestamp(),
  `updated_at` datetime DEFAULT current_timestamp() ON UPDATE current_timestamp(),
  PRIMARY KEY (`id`),
  UNIQUE KEY `email` (`email`),
  UNIQUE KEY `phone` (`phone`)
) ENGINE=InnoDB AUTO_INCREMENT=101 DEFAULT CHARSET=utf8mb4 COLLATE=utf8mb4_unicode_ci COMMENT='Клиенты/покупатели';

INSERT INTO `clients` (`id`, `first_name`, `last_name`, `email`, `phone`, `created_at`, `updated_at`) VALUES (1, 'Lolita', 'Hirthe', 'mstehr@example.net', '1-209-489-5637x03506', '2014-10-30 00:43:19', '2020-02-04 04:14:54');
INSERT INTO `clients` (`id`, `first_name`, `last_name`, `email`, `phone`, `created_at`, `updated_at`) VALUES (2, 'Clotilde', 'Welch', 'nmueller@example.org', '1-996-014-2596x437', '2018-06-28 21:03:26', '2013-04-14 13:45:32');
INSERT INTO `clients` (`id`, `first_name`, `last_name`, `email`, `phone`, `created_at`, `updated_at`) VALUES (3, 'Emmet', 'Johnson', 'prudence.rempel@example.net', '(388)075-7821', '2021-03-05 11:47:41', '2016-07-11 16:35:14');
INSERT INTO `clients` (`id`, `first_name`, `last_name`, `email`, `phone`, `created_at`, `updated_at`) VALUES (4, 'Celine', 'Armstrong', 'sroberts@example.net', '136.231.6933x879', '2016-06-06 01:37:38', '2011-12-06 21:58:12');
INSERT INTO `clients` (`id`, `first_name`, `last_name`, `email`, `phone`, `created_at`, `updated_at`) VALUES (5, 'Quentin', 'Farrell', 'laura87@example.org', '245-237-1092x4406', '2018-05-21 12:57:33', '2020-01-07 09:39:27');
INSERT INTO `clients` (`id`, `first_name`, `last_name`, `email`, `phone`, `created_at`, `updated_at`) VALUES (6, 'Andrew', 'Leannon', 'lionel.monahan@example.org', '03246826316', '2021-01-30 06:49:40', '2015-06-06 01:25:18');
INSERT INTO `clients` (`id`, `first_name`, `last_name`, `email`, `phone`, `created_at`, `updated_at`) VALUES (7, 'Lori', 'Nader', 'rbeier@example.com', '(878)605-6439x998', '2011-10-12 09:51:24', '2012-06-30 09:46:43');
INSERT INTO `clients` (`id`, `first_name`, `last_name`, `email`, `phone`, `created_at`, `updated_at`) VALUES (8, 'Arthur', 'Cummerata', 'deborah.langworth@example.com', '837.270.1044x1670', '2017-03-21 20:52:03', '2011-03-23 10:53:35');
INSERT INTO `clients` (`id`, `first_name`, `last_name`, `email`, `phone`, `created_at`, `updated_at`) VALUES (9, 'Connor', 'Donnelly', 'lester.abshire@example.com', '(741)767-3481x988', '2016-01-18 20:20:59', '2017-01-24 12:16:22');
INSERT INTO `clients` (`id`, `first_name`, `last_name`, `email`, `phone`, `created_at`, `updated_at`) VALUES (10, 'Joel', 'Bernhard', 'flesch@example.com', '933.827.8285x724', '2019-02-08 21:17:48', '2014-08-28 15:54:03');
INSERT INTO `clients` (`id`, `first_name`, `last_name`, `email`, `phone`, `created_at`, `updated_at`) VALUES (11, 'Amparo', 'Nikolaus', 'conn.cecile@example.org', '1-666-851-0610', '2016-05-26 00:53:58', '2018-01-13 16:07:09');
INSERT INTO `clients` (`id`, `first_name`, `last_name`, `email`, `phone`, `created_at`, `updated_at`) VALUES (12, 'Marilie', 'Ward', 'xlakin@example.net', '(393)162-6920', '2014-10-20 22:02:22', '2014-03-29 22:37:37');
INSERT INTO `clients` (`id`, `first_name`, `last_name`, `email`, `phone`, `created_at`, `updated_at`) VALUES (13, 'Alexandria', 'Schaefer', 'armstrong.ben@example.net', '318.882.2102x84177', '2013-11-01 10:45:10', '2020-06-05 22:33:07');
INSERT INTO `clients` (`id`, `first_name`, `last_name`, `email`, `phone`, `created_at`, `updated_at`) VALUES (14, 'Grayson', 'Harber', 'mitchell.rutherford@example.org', '101.809.1421x037', '2012-10-04 23:19:23', '2012-08-16 02:52:06');
INSERT INTO `clients` (`id`, `first_name`, `last_name`, `email`, `phone`, `created_at`, `updated_at`) VALUES (15, 'Gerda', 'Kertzmann', 'glover.pasquale@example.com', '038.610.1461x81355', '2017-09-18 17:03:15', '2015-03-22 01:37:22');
INSERT INTO `clients` (`id`, `first_name`, `last_name`, `email`, `phone`, `created_at`, `updated_at`) VALUES (16, 'Eliza', 'Balistreri', 'quitzon.judah@example.net', '(236)932-1226', '2015-07-18 19:52:58', '2016-03-30 11:18:33');
INSERT INTO `clients` (`id`, `first_name`, `last_name`, `email`, `phone`, `created_at`, `updated_at`) VALUES (17, 'Loyce', 'Kozey', 'ibogisich@example.org', '05985788171', '2021-01-12 15:08:13', '2011-04-01 14:37:13');
INSERT INTO `clients` (`id`, `first_name`, `last_name`, `email`, `phone`, `created_at`, `updated_at`) VALUES (18, 'Terry', 'Hermiston', 'kulas.judson@example.org', '(846)458-3296x015', '2020-10-18 21:29:28', '2011-08-11 04:32:55');
INSERT INTO `clients` (`id`, `first_name`, `last_name`, `email`, `phone`, `created_at`, `updated_at`) VALUES (19, 'Earlene', 'Senger', 'leatha.gleichner@example.net', '195-734-3188x286', '2011-05-14 19:19:25', '2011-04-07 15:32:38');
INSERT INTO `clients` (`id`, `first_name`, `last_name`, `email`, `phone`, `created_at`, `updated_at`) VALUES (20, 'Frances', 'Corkery', 'jenkins.petra@example.net', '(056)596-4202x7416', '2013-09-14 08:10:08', '2012-11-01 06:39:33');
INSERT INTO `clients` (`id`, `first_name`, `last_name`, `email`, `phone`, `created_at`, `updated_at`) VALUES (21, 'Davonte', 'Cruickshank', 'marquise.durgan@example.net', '(976)055-6259', '2013-09-03 06:47:08', '2021-01-24 15:27:08');
INSERT INTO `clients` (`id`, `first_name`, `last_name`, `email`, `phone`, `created_at`, `updated_at`) VALUES (22, 'Yoshiko', 'Klein', 'abbott.barton@example.com', '+36(9)7457550791', '2015-07-03 23:44:59', '2017-02-10 01:06:10');
INSERT INTO `clients` (`id`, `first_name`, `last_name`, `email`, `phone`, `created_at`, `updated_at`) VALUES (23, 'Lucinda', 'Thiel', 'lprice@example.org', '+08(5)4799018390', '2013-11-04 12:01:29', '2014-10-25 13:51:10');
INSERT INTO `clients` (`id`, `first_name`, `last_name`, `email`, `phone`, `created_at`, `updated_at`) VALUES (24, 'Josie', 'Reilly', 'lewis56@example.com', '779.547.0560', '2018-06-13 08:43:37', '2020-08-13 13:22:07');
INSERT INTO `clients` (`id`, `first_name`, `last_name`, `email`, `phone`, `created_at`, `updated_at`) VALUES (25, 'Bennie', 'Schowalter', 'christopher66@example.net', '738-591-7970x06398', '2013-03-18 20:30:06', '2018-08-06 22:05:17');
INSERT INTO `clients` (`id`, `first_name`, `last_name`, `email`, `phone`, `created_at`, `updated_at`) VALUES (26, 'Sallie', 'Simonis', 'kohler.jazmyne@example.com', '1-397-388-0650x7695', '2017-07-22 21:46:00', '2013-03-08 12:32:32');
INSERT INTO `clients` (`id`, `first_name`, `last_name`, `email`, `phone`, `created_at`, `updated_at`) VALUES (27, 'Chesley', 'Murphy', 'ijacobi@example.org', '(614)024-9815', '2013-10-08 05:31:34', '2014-03-30 10:43:36');
INSERT INTO `clients` (`id`, `first_name`, `last_name`, `email`, `phone`, `created_at`, `updated_at`) VALUES (28, 'Scot', 'Osinski', 'pblick@example.org', '005.929.2660x4145', '2015-05-31 23:08:08', '2015-07-15 10:43:51');
INSERT INTO `clients` (`id`, `first_name`, `last_name`, `email`, `phone`, `created_at`, `updated_at`) VALUES (29, 'Angus', 'Steuber', 'laurine.mitchell@example.org', '826-198-8258', '2019-07-08 02:59:13', '2018-12-16 07:44:07');
INSERT INTO `clients` (`id`, `first_name`, `last_name`, `email`, `phone`, `created_at`, `updated_at`) VALUES (30, 'Erica', 'Hammes', 'hschuster@example.net', '1-483-543-7286', '2018-01-18 18:13:39', '2018-08-13 05:34:34');
INSERT INTO `clients` (`id`, `first_name`, `last_name`, `email`, `phone`, `created_at`, `updated_at`) VALUES (31, 'Johan', 'Wiegand', 'broob@example.com', '847.658.1157', '2011-05-04 07:15:43', '2011-08-07 02:32:17');
INSERT INTO `clients` (`id`, `first_name`, `last_name`, `email`, `phone`, `created_at`, `updated_at`) VALUES (32, 'Katrine', 'Mertz', 'aliya.vonrueden@example.net', '116-965-1430', '2016-09-06 10:09:02', '2020-03-19 14:43:22');
INSERT INTO `clients` (`id`, `first_name`, `last_name`, `email`, `phone`, `created_at`, `updated_at`) VALUES (33, 'Aida', 'Larson', 'ali29@example.net', '281-288-1230', '2015-05-23 09:27:48', '2012-03-04 00:01:09');
INSERT INTO `clients` (`id`, `first_name`, `last_name`, `email`, `phone`, `created_at`, `updated_at`) VALUES (34, 'Eldred', 'Wintheiser', 'hackett.lolita@example.com', '891-373-1339x1283', '2012-12-05 03:47:16', '2014-09-18 02:03:00');
INSERT INTO `clients` (`id`, `first_name`, `last_name`, `email`, `phone`, `created_at`, `updated_at`) VALUES (35, 'Bridget', 'Marquardt', 'horacio44@example.org', '1-489-766-4913', '2017-06-14 23:57:50', '2017-12-08 16:18:56');
INSERT INTO `clients` (`id`, `first_name`, `last_name`, `email`, `phone`, `created_at`, `updated_at`) VALUES (36, 'Rashawn', 'Spencer', 'hsipes@example.net', '04975996062', '2014-10-14 23:51:30', '2014-05-22 16:39:16');
INSERT INTO `clients` (`id`, `first_name`, `last_name`, `email`, `phone`, `created_at`, `updated_at`) VALUES (37, 'Orin', 'Stanton', 'lang.coty@example.com', '(946)869-0742x21963', '2013-02-01 14:17:24', '2019-08-09 07:17:20');
INSERT INTO `clients` (`id`, `first_name`, `last_name`, `email`, `phone`, `created_at`, `updated_at`) VALUES (38, 'Lyric', 'Weber', 'nkuhn@example.net', '1-565-394-7967x52100', '2013-03-19 06:20:06', '2013-03-22 08:07:24');
INSERT INTO `clients` (`id`, `first_name`, `last_name`, `email`, `phone`, `created_at`, `updated_at`) VALUES (39, 'Pierce', 'Barton', 'walker07@example.org', '436.891.2070', '2019-08-11 05:57:08', '2014-01-24 18:28:38');
INSERT INTO `clients` (`id`, `first_name`, `last_name`, `email`, `phone`, `created_at`, `updated_at`) VALUES (40, 'Haylie', 'Stark', 'kimberly61@example.org', '1-504-691-6393', '2019-01-29 23:01:24', '2011-07-14 22:38:23');
INSERT INTO `clients` (`id`, `first_name`, `last_name`, `email`, `phone`, `created_at`, `updated_at`) VALUES (41, 'Luigi', 'Dare', 'stephania33@example.org', '674.403.1411x416', '2013-12-12 01:27:27', '2015-12-24 22:32:11');
INSERT INTO `clients` (`id`, `first_name`, `last_name`, `email`, `phone`, `created_at`, `updated_at`) VALUES (42, 'Dayton', 'Jones', 'laurence47@example.net', '1-518-617-2626x5486', '2016-06-28 21:25:37', '2012-03-05 05:23:23');
INSERT INTO `clients` (`id`, `first_name`, `last_name`, `email`, `phone`, `created_at`, `updated_at`) VALUES (43, 'Reinhold', 'Brakus', 'jamir47@example.com', '(343)529-8345', '2013-02-05 10:04:13', '2014-10-06 04:44:44');
INSERT INTO `clients` (`id`, `first_name`, `last_name`, `email`, `phone`, `created_at`, `updated_at`) VALUES (44, 'Mylene', 'Ledner', 'salvador51@example.org', '(538)536-5477', '2018-06-15 19:18:23', '2012-01-16 10:07:06');
INSERT INTO `clients` (`id`, `first_name`, `last_name`, `email`, `phone`, `created_at`, `updated_at`) VALUES (45, 'Milford', 'Mosciski', 'shawna29@example.com', '734.447.5038x230', '2017-03-12 11:17:41', '2018-05-07 18:02:04');
INSERT INTO `clients` (`id`, `first_name`, `last_name`, `email`, `phone`, `created_at`, `updated_at`) VALUES (46, 'Kristoffer', 'O\'Kon', 'schaden.jakob@example.net', '(036)773-8793', '2011-07-18 10:44:18', '2020-08-19 01:26:06');
INSERT INTO `clients` (`id`, `first_name`, `last_name`, `email`, `phone`, `created_at`, `updated_at`) VALUES (47, 'Leora', 'Schultz', 'adelia.vandervort@example.net', '256.066.3804x37903', '2020-01-16 15:13:48', '2015-03-16 16:40:05');
INSERT INTO `clients` (`id`, `first_name`, `last_name`, `email`, `phone`, `created_at`, `updated_at`) VALUES (48, 'Heather', 'Bins', 'treva13@example.net', '09610777410', '2015-12-11 22:33:00', '2013-07-03 17:00:30');
INSERT INTO `clients` (`id`, `first_name`, `last_name`, `email`, `phone`, `created_at`, `updated_at`) VALUES (49, 'Ciara', 'Rempel', 'rogers.o\'reilly@example.com', '866-197-3876', '2016-08-23 14:07:36', '2019-11-06 04:31:26');
INSERT INTO `clients` (`id`, `first_name`, `last_name`, `email`, `phone`, `created_at`, `updated_at`) VALUES (50, 'Price', 'Bins', 'adrien.dare@example.org', '1-737-326-0248x758', '2015-02-15 03:29:49', '2020-08-14 03:35:23');
INSERT INTO `clients` (`id`, `first_name`, `last_name`, `email`, `phone`, `created_at`, `updated_at`) VALUES (51, 'Fernando', 'Jacobi', 'christiana37@example.net', '690.950.4920', '2011-05-10 14:45:51', '2016-02-09 20:36:21');
INSERT INTO `clients` (`id`, `first_name`, `last_name`, `email`, `phone`, `created_at`, `updated_at`) VALUES (52, 'Citlalli', 'Schmidt', 'trace.luettgen@example.net', '163.463.1933', '2013-08-02 21:26:26', '2014-09-20 10:49:45');
INSERT INTO `clients` (`id`, `first_name`, `last_name`, `email`, `phone`, `created_at`, `updated_at`) VALUES (53, 'Jena', 'Mohr', 'magali.ankunding@example.org', '1-475-574-4708x08246', '2014-06-20 22:23:12', '2014-07-25 00:56:45');
INSERT INTO `clients` (`id`, `first_name`, `last_name`, `email`, `phone`, `created_at`, `updated_at`) VALUES (54, 'Emery', 'Nikolaus', 'catherine22@example.net', '1-468-599-5821', '2013-01-06 23:54:31', '2019-12-14 06:00:09');
INSERT INTO `clients` (`id`, `first_name`, `last_name`, `email`, `phone`, `created_at`, `updated_at`) VALUES (55, 'Zachary', 'O\'Reilly', 'casper54@example.com', '05752116889', '2014-04-28 12:00:25', '2018-07-04 18:03:14');
INSERT INTO `clients` (`id`, `first_name`, `last_name`, `email`, `phone`, `created_at`, `updated_at`) VALUES (56, 'Kaitlyn', 'Luettgen', 'pagac.anastasia@example.com', '(610)990-2962x169', '2018-08-10 05:14:01', '2021-01-16 22:39:31');
INSERT INTO `clients` (`id`, `first_name`, `last_name`, `email`, `phone`, `created_at`, `updated_at`) VALUES (57, 'Allene', 'Gutkowski', 'schneider.aniya@example.org', '768.726.7640x29008', '2018-12-28 09:57:14', '2017-07-27 11:59:26');
INSERT INTO `clients` (`id`, `first_name`, `last_name`, `email`, `phone`, `created_at`, `updated_at`) VALUES (58, 'Sophie', 'Pfeffer', 'colleen.lehner@example.net', '378-478-3986', '2018-05-13 22:51:42', '2013-04-20 09:46:36');
INSERT INTO `clients` (`id`, `first_name`, `last_name`, `email`, `phone`, `created_at`, `updated_at`) VALUES (59, 'Serenity', 'Orn', 'hfadel@example.org', '665-796-2322x549', '2015-01-26 20:26:57', '2019-12-27 00:26:51');
INSERT INTO `clients` (`id`, `first_name`, `last_name`, `email`, `phone`, `created_at`, `updated_at`) VALUES (60, 'Lolita', 'Effertz', 'gilbert65@example.com', '720-936-7996', '2015-12-29 08:25:58', '2012-03-09 21:01:36');
INSERT INTO `clients` (`id`, `first_name`, `last_name`, `email`, `phone`, `created_at`, `updated_at`) VALUES (61, 'Nelle', 'Heathcote', 'amedhurst@example.org', '676-426-1497', '2011-12-21 11:01:27', '2020-03-03 10:05:31');
INSERT INTO `clients` (`id`, `first_name`, `last_name`, `email`, `phone`, `created_at`, `updated_at`) VALUES (62, 'Hector', 'Hermann', 'alycia.hyatt@example.com', '565.642.5571', '2011-06-29 02:36:12', '2013-07-08 19:10:29');
INSERT INTO `clients` (`id`, `first_name`, `last_name`, `email`, `phone`, `created_at`, `updated_at`) VALUES (63, 'Amina', 'Stroman', 'fidel.spinka@example.org', '(789)327-4488', '2020-04-29 15:32:15', '2014-02-15 14:42:16');
INSERT INTO `clients` (`id`, `first_name`, `last_name`, `email`, `phone`, `created_at`, `updated_at`) VALUES (64, 'Syble', 'Nicolas', 'umurphy@example.com', '744-261-3622', '2020-01-25 01:34:10', '2019-02-22 16:21:04');
INSERT INTO `clients` (`id`, `first_name`, `last_name`, `email`, `phone`, `created_at`, `updated_at`) VALUES (65, 'Mya', 'Miller', 'bernadette.o\'reilly@example.org', '552-296-6869x605', '2020-02-20 05:17:44', '2014-07-10 22:02:55');
INSERT INTO `clients` (`id`, `first_name`, `last_name`, `email`, `phone`, `created_at`, `updated_at`) VALUES (66, 'Asha', 'Stracke', 'zemlak.nya@example.com', '900.844.2969', '2011-10-23 14:58:27', '2018-11-13 00:26:20');
INSERT INTO `clients` (`id`, `first_name`, `last_name`, `email`, `phone`, `created_at`, `updated_at`) VALUES (67, 'Chelsey', 'Klocko', 'bud59@example.net', '+42(8)1608436193', '2015-06-27 14:29:43', '2016-05-03 11:41:38');
INSERT INTO `clients` (`id`, `first_name`, `last_name`, `email`, `phone`, `created_at`, `updated_at`) VALUES (68, 'Edgardo', 'Dare', 'bogisich.cindy@example.com', '1-307-250-8579', '2017-03-03 15:45:31', '2018-03-11 12:30:12');
INSERT INTO `clients` (`id`, `first_name`, `last_name`, `email`, `phone`, `created_at`, `updated_at`) VALUES (69, 'Kacie', 'Okuneva', 'edythe50@example.org', '(696)920-9559', '2011-07-24 17:27:11', '2012-08-18 04:42:21');
INSERT INTO `clients` (`id`, `first_name`, `last_name`, `email`, `phone`, `created_at`, `updated_at`) VALUES (70, 'Sophie', 'McClure', 'cstracke@example.org', '(885)296-2257x69781', '2015-11-16 11:19:22', '2015-10-13 04:22:54');
INSERT INTO `clients` (`id`, `first_name`, `last_name`, `email`, `phone`, `created_at`, `updated_at`) VALUES (71, 'Ephraim', 'Johnston', 'lhane@example.net', '1-336-116-0361', '2011-12-12 11:24:24', '2014-05-21 01:40:03');
INSERT INTO `clients` (`id`, `first_name`, `last_name`, `email`, `phone`, `created_at`, `updated_at`) VALUES (72, 'Sandy', 'Batz', 'bergstrom.ashton@example.org', '843.655.2471x603', '2018-09-13 00:49:59', '2018-03-07 17:25:39');
INSERT INTO `clients` (`id`, `first_name`, `last_name`, `email`, `phone`, `created_at`, `updated_at`) VALUES (73, 'Clemmie', 'Gusikowski', 'harber.efren@example.net', '399.439.8868x7479', '2014-08-06 18:11:49', '2013-07-04 21:27:24');
INSERT INTO `clients` (`id`, `first_name`, `last_name`, `email`, `phone`, `created_at`, `updated_at`) VALUES (74, 'Moses', 'Hilll', 'julien.swaniawski@example.com', '(130)893-4790x899', '2015-02-20 17:29:42', '2020-07-13 21:54:01');
INSERT INTO `clients` (`id`, `first_name`, `last_name`, `email`, `phone`, `created_at`, `updated_at`) VALUES (75, 'Iva', 'Fadel', 'francis29@example.org', '459-837-5080x65529', '2020-12-06 08:07:43', '2011-06-21 23:21:08');
INSERT INTO `clients` (`id`, `first_name`, `last_name`, `email`, `phone`, `created_at`, `updated_at`) VALUES (76, 'Allison', 'Torphy', 'rhirthe@example.org', '796-480-0579x37761', '2011-09-29 11:40:12', '2020-03-08 15:00:42');
INSERT INTO `clients` (`id`, `first_name`, `last_name`, `email`, `phone`, `created_at`, `updated_at`) VALUES (77, 'Velva', 'Greenfelder', 'eula99@example.net', '136.120.8744', '2016-08-04 08:45:36', '2014-12-16 13:42:37');
INSERT INTO `clients` (`id`, `first_name`, `last_name`, `email`, `phone`, `created_at`, `updated_at`) VALUES (78, 'William', 'Wyman', 'josh44@example.net', '+73(4)7834915097', '2016-01-21 17:06:54', '2020-03-11 12:54:54');
INSERT INTO `clients` (`id`, `first_name`, `last_name`, `email`, `phone`, `created_at`, `updated_at`) VALUES (79, 'Toy', 'Nader', 'cathy.bernier@example.com', '1-024-017-9254x115', '2014-07-17 20:29:05', '2012-08-05 03:37:13');
INSERT INTO `clients` (`id`, `first_name`, `last_name`, `email`, `phone`, `created_at`, `updated_at`) VALUES (80, 'Charles', 'West', 'spencer.walker@example.org', '(639)392-3971x514', '2018-03-14 06:55:51', '2013-02-28 01:19:11');
INSERT INTO `clients` (`id`, `first_name`, `last_name`, `email`, `phone`, `created_at`, `updated_at`) VALUES (81, 'Jess', 'Prosacco', 'will.beahan@example.com', '1-149-998-1689', '2019-08-12 15:16:17', '2019-10-12 19:18:45');
INSERT INTO `clients` (`id`, `first_name`, `last_name`, `email`, `phone`, `created_at`, `updated_at`) VALUES (82, 'Theo', 'Rippin', 'schmeler.marcellus@example.net', '069-652-4027x292', '2012-10-07 17:34:59', '2014-09-09 00:07:34');
INSERT INTO `clients` (`id`, `first_name`, `last_name`, `email`, `phone`, `created_at`, `updated_at`) VALUES (83, 'Ashtyn', 'Johnson', 'fhettinger@example.org', '(631)515-9431', '2012-04-30 22:46:49', '2020-05-23 10:08:09');
INSERT INTO `clients` (`id`, `first_name`, `last_name`, `email`, `phone`, `created_at`, `updated_at`) VALUES (84, 'Raphaelle', 'Smitham', 'jo.renner@example.net', '(284)238-1075x652', '2011-03-17 00:17:14', '2013-08-25 02:39:14');
INSERT INTO `clients` (`id`, `first_name`, `last_name`, `email`, `phone`, `created_at`, `updated_at`) VALUES (85, 'Eldon', 'Ondricka', 'jarod.fadel@example.com', '(996)756-6333', '2011-04-01 19:57:06', '2014-10-27 21:00:24');
INSERT INTO `clients` (`id`, `first_name`, `last_name`, `email`, `phone`, `created_at`, `updated_at`) VALUES (86, 'Sydney', 'Kemmer', 'dewitt.daugherty@example.org', '475-537-9084x760', '2017-07-04 22:01:59', '2020-11-01 08:19:59');
INSERT INTO `clients` (`id`, `first_name`, `last_name`, `email`, `phone`, `created_at`, `updated_at`) VALUES (87, 'Jimmy', 'Okuneva', 'vheidenreich@example.net', '804-272-4972x7263', '2013-10-23 18:55:57', '2016-02-27 04:39:20');
INSERT INTO `clients` (`id`, `first_name`, `last_name`, `email`, `phone`, `created_at`, `updated_at`) VALUES (88, 'Gwen', 'Upton', 'thoppe@example.org', '(065)970-8640x700', '2011-09-17 23:04:25', '2012-08-07 00:34:31');
INSERT INTO `clients` (`id`, `first_name`, `last_name`, `email`, `phone`, `created_at`, `updated_at`) VALUES (89, 'Lorenz', 'Jones', 'jaren.upton@example.org', '603.263.1027', '2020-03-04 11:25:55', '2014-08-30 15:53:48');
INSERT INTO `clients` (`id`, `first_name`, `last_name`, `email`, `phone`, `created_at`, `updated_at`) VALUES (90, 'Ruthie', 'Rempel', 'dylan53@example.net', '274.697.9833', '2017-05-15 06:25:21', '2019-05-21 04:21:19');
INSERT INTO `clients` (`id`, `first_name`, `last_name`, `email`, `phone`, `created_at`, `updated_at`) VALUES (91, 'Ardella', 'Swift', 'sonya82@example.org', '129.979.7671x32541', '2015-08-27 14:38:02', '2015-12-03 20:31:12');
INSERT INTO `clients` (`id`, `first_name`, `last_name`, `email`, `phone`, `created_at`, `updated_at`) VALUES (92, 'Jovany', 'Schneider', 'hoeger.ettie@example.com', '545-765-9898x03085', '2016-11-14 08:59:00', '2018-02-15 10:09:21');
INSERT INTO `clients` (`id`, `first_name`, `last_name`, `email`, `phone`, `created_at`, `updated_at`) VALUES (93, 'Carrie', 'Murray', 'shyanne.powlowski@example.com', '(507)115-1973x193', '2019-04-17 06:05:48', '2014-11-23 04:09:07');
INSERT INTO `clients` (`id`, `first_name`, `last_name`, `email`, `phone`, `created_at`, `updated_at`) VALUES (94, 'Marilie', 'Mayert', 'denis34@example.com', '1-947-580-4022', '2017-03-05 19:16:29', '2015-10-08 13:06:48');
INSERT INTO `clients` (`id`, `first_name`, `last_name`, `email`, `phone`, `created_at`, `updated_at`) VALUES (95, 'Keira', 'Huel', 'muller.rod@example.net', '+80(0)2779208425', '2021-02-03 15:04:45', '2018-10-14 10:57:01');
INSERT INTO `clients` (`id`, `first_name`, `last_name`, `email`, `phone`, `created_at`, `updated_at`) VALUES (96, 'Lorenz', 'Paucek', 'zstamm@example.org', '922-338-6288', '2021-03-06 16:04:48', '2018-11-05 09:22:19');
INSERT INTO `clients` (`id`, `first_name`, `last_name`, `email`, `phone`, `created_at`, `updated_at`) VALUES (97, 'Modesto', 'Carter', 'plangworth@example.org', '(533)887-1248', '2017-04-28 19:15:37', '2017-01-04 01:34:57');
INSERT INTO `clients` (`id`, `first_name`, `last_name`, `email`, `phone`, `created_at`, `updated_at`) VALUES (98, 'Aaliyah', 'Hudson', 'xfranecki@example.org', '1-386-632-4805x6034', '2014-10-21 23:57:19', '2015-05-08 20:58:54');
INSERT INTO `clients` (`id`, `first_name`, `last_name`, `email`, `phone`, `created_at`, `updated_at`) VALUES (99, 'Angelica', 'McClure', 'leuschke.jarred@example.com', '+22(8)7771377318', '2020-03-19 21:25:36', '2016-05-23 08:22:20');
INSERT INTO `clients` (`id`, `first_name`, `last_name`, `email`, `phone`, `created_at`, `updated_at`) VALUES (100, 'Meda', 'Stokes', 'franz.vandervort@example.org', '702-150-8183x2510', '2019-10-20 10:44:21', '2015-12-18 18:54:35');


#
# TABLE STRUCTURE FOR: orders
#

DROP TABLE IF EXISTS `orders`;

CREATE TABLE `orders` (
  `id` int(10) unsigned NOT NULL AUTO_INCREMENT,
  `client_id` int(10) unsigned NOT NULL,
  `shop_id` int(10) unsigned NOT NULL,
  `created_at` datetime DEFAULT current_timestamp(),
  `updated_at` datetime DEFAULT current_timestamp() ON UPDATE current_timestamp(),
  PRIMARY KEY (`id`)
) ENGINE=InnoDB AUTO_INCREMENT=301 DEFAULT CHARSET=utf8mb4 COLLATE=utf8mb4_unicode_ci COMMENT='Заказы';

INSERT INTO `orders` (`id`, `client_id`, `shop_id`, `created_at`, `updated_at`) VALUES (1, 55, 8, '2014-05-05 01:28:23', '2011-04-10 09:24:26');
INSERT INTO `orders` (`id`, `client_id`, `shop_id`, `created_at`, `updated_at`) VALUES (2, 88, 3, '2011-08-23 10:09:06', '2012-08-19 12:43:52');
INSERT INTO `orders` (`id`, `client_id`, `shop_id`, `created_at`, `updated_at`) VALUES (3, 59, 1, '2013-05-14 08:14:51', '2016-03-20 00:50:58');
INSERT INTO `orders` (`id`, `client_id`, `shop_id`, `created_at`, `updated_at`) VALUES (4, 64, 10, '2014-06-14 03:10:58', '2018-12-02 16:30:25');
INSERT INTO `orders` (`id`, `client_id`, `shop_id`, `created_at`, `updated_at`) VALUES (5, 72, 4, '2014-11-10 07:52:20', '2019-12-08 17:40:46');
INSERT INTO `orders` (`id`, `client_id`, `shop_id`, `created_at`, `updated_at`) VALUES (6, 31, 7, '2017-11-07 06:26:19', '2015-04-18 13:04:00');
INSERT INTO `orders` (`id`, `client_id`, `shop_id`, `created_at`, `updated_at`) VALUES (7, 26, 10, '2014-04-15 03:17:11', '2016-04-18 18:43:38');
INSERT INTO `orders` (`id`, `client_id`, `shop_id`, `created_at`, `updated_at`) VALUES (8, 32, 6, '2016-07-05 12:41:01', '2014-02-21 19:10:19');
INSERT INTO `orders` (`id`, `client_id`, `shop_id`, `created_at`, `updated_at`) VALUES (9, 98, 10, '2016-04-18 12:25:47', '2014-06-29 23:36:40');
INSERT INTO `orders` (`id`, `client_id`, `shop_id`, `created_at`, `updated_at`) VALUES (10, 57, 3, '2013-07-23 12:37:06', '2015-08-09 01:29:54');
INSERT INTO `orders` (`id`, `client_id`, `shop_id`, `created_at`, `updated_at`) VALUES (11, 48, 9, '2013-07-17 09:03:48', '2014-03-19 14:07:19');
INSERT INTO `orders` (`id`, `client_id`, `shop_id`, `created_at`, `updated_at`) VALUES (12, 34, 5, '2014-05-24 00:43:36', '2019-12-29 21:41:05');
INSERT INTO `orders` (`id`, `client_id`, `shop_id`, `created_at`, `updated_at`) VALUES (13, 36, 1, '2016-05-10 12:23:07', '2018-03-07 11:37:29');
INSERT INTO `orders` (`id`, `client_id`, `shop_id`, `created_at`, `updated_at`) VALUES (14, 34, 3, '2014-02-19 21:52:03', '2019-05-29 21:35:10');
INSERT INTO `orders` (`id`, `client_id`, `shop_id`, `created_at`, `updated_at`) VALUES (15, 52, 5, '2011-11-24 06:35:18', '2019-04-04 23:53:55');
INSERT INTO `orders` (`id`, `client_id`, `shop_id`, `created_at`, `updated_at`) VALUES (16, 96, 7, '2015-02-26 04:04:34', '2012-06-30 01:04:48');
INSERT INTO `orders` (`id`, `client_id`, `shop_id`, `created_at`, `updated_at`) VALUES (17, 2, 3, '2017-05-17 17:31:14', '2020-09-22 01:43:21');
INSERT INTO `orders` (`id`, `client_id`, `shop_id`, `created_at`, `updated_at`) VALUES (18, 47, 8, '2017-06-16 11:04:47', '2014-08-01 04:42:50');
INSERT INTO `orders` (`id`, `client_id`, `shop_id`, `created_at`, `updated_at`) VALUES (19, 24, 8, '2011-04-24 03:59:52', '2019-05-29 00:59:09');
INSERT INTO `orders` (`id`, `client_id`, `shop_id`, `created_at`, `updated_at`) VALUES (20, 32, 10, '2017-11-19 19:49:10', '2014-11-11 12:38:28');
INSERT INTO `orders` (`id`, `client_id`, `shop_id`, `created_at`, `updated_at`) VALUES (21, 44, 9, '2014-01-21 03:21:43', '2017-04-14 06:06:42');
INSERT INTO `orders` (`id`, `client_id`, `shop_id`, `created_at`, `updated_at`) VALUES (22, 34, 3, '2018-07-03 04:12:46', '2013-03-29 03:44:18');
INSERT INTO `orders` (`id`, `client_id`, `shop_id`, `created_at`, `updated_at`) VALUES (23, 22, 3, '2019-07-05 12:00:02', '2019-07-19 00:33:18');
INSERT INTO `orders` (`id`, `client_id`, `shop_id`, `created_at`, `updated_at`) VALUES (24, 86, 2, '2018-03-27 23:05:33', '2013-03-22 14:20:39');
INSERT INTO `orders` (`id`, `client_id`, `shop_id`, `created_at`, `updated_at`) VALUES (25, 22, 8, '2018-12-25 08:36:05', '2013-02-28 22:35:59');
INSERT INTO `orders` (`id`, `client_id`, `shop_id`, `created_at`, `updated_at`) VALUES (26, 31, 5, '2018-08-22 05:56:44', '2017-06-29 07:26:42');
INSERT INTO `orders` (`id`, `client_id`, `shop_id`, `created_at`, `updated_at`) VALUES (27, 56, 5, '2020-09-13 20:46:40', '2015-04-17 05:36:48');
INSERT INTO `orders` (`id`, `client_id`, `shop_id`, `created_at`, `updated_at`) VALUES (28, 17, 9, '2016-08-03 05:05:33', '2017-01-28 11:00:12');
INSERT INTO `orders` (`id`, `client_id`, `shop_id`, `created_at`, `updated_at`) VALUES (29, 77, 3, '2014-07-05 14:37:28', '2018-02-23 07:54:20');
INSERT INTO `orders` (`id`, `client_id`, `shop_id`, `created_at`, `updated_at`) VALUES (30, 14, 1, '2011-10-24 12:29:07', '2012-03-02 10:49:05');
INSERT INTO `orders` (`id`, `client_id`, `shop_id`, `created_at`, `updated_at`) VALUES (31, 7, 6, '2015-03-05 16:19:21', '2014-11-23 02:16:07');
INSERT INTO `orders` (`id`, `client_id`, `shop_id`, `created_at`, `updated_at`) VALUES (32, 54, 3, '2011-07-20 19:40:53', '2011-09-20 01:28:07');
INSERT INTO `orders` (`id`, `client_id`, `shop_id`, `created_at`, `updated_at`) VALUES (33, 28, 9, '2012-07-31 02:30:57', '2016-05-04 04:56:24');
INSERT INTO `orders` (`id`, `client_id`, `shop_id`, `created_at`, `updated_at`) VALUES (34, 74, 7, '2018-03-11 23:39:25', '2012-07-10 15:33:08');
INSERT INTO `orders` (`id`, `client_id`, `shop_id`, `created_at`, `updated_at`) VALUES (35, 22, 10, '2020-02-13 22:24:30', '2015-07-19 15:19:24');
INSERT INTO `orders` (`id`, `client_id`, `shop_id`, `created_at`, `updated_at`) VALUES (36, 50, 9, '2012-10-09 17:28:23', '2015-10-23 06:59:29');
INSERT INTO `orders` (`id`, `client_id`, `shop_id`, `created_at`, `updated_at`) VALUES (37, 57, 2, '2013-12-22 09:29:37', '2017-12-19 05:38:14');
INSERT INTO `orders` (`id`, `client_id`, `shop_id`, `created_at`, `updated_at`) VALUES (38, 24, 3, '2021-01-01 22:55:50', '2019-07-24 17:46:18');
INSERT INTO `orders` (`id`, `client_id`, `shop_id`, `created_at`, `updated_at`) VALUES (39, 3, 10, '2021-01-22 19:46:07', '2011-04-26 13:07:11');
INSERT INTO `orders` (`id`, `client_id`, `shop_id`, `created_at`, `updated_at`) VALUES (40, 25, 1, '2014-11-21 15:28:34', '2011-11-25 09:37:07');
INSERT INTO `orders` (`id`, `client_id`, `shop_id`, `created_at`, `updated_at`) VALUES (41, 76, 6, '2017-03-08 11:43:09', '2011-10-23 04:34:08');
INSERT INTO `orders` (`id`, `client_id`, `shop_id`, `created_at`, `updated_at`) VALUES (42, 18, 8, '2013-01-13 04:45:09', '2012-06-23 00:12:48');
INSERT INTO `orders` (`id`, `client_id`, `shop_id`, `created_at`, `updated_at`) VALUES (43, 67, 7, '2012-06-08 19:31:15', '2016-12-30 14:55:29');
INSERT INTO `orders` (`id`, `client_id`, `shop_id`, `created_at`, `updated_at`) VALUES (44, 3, 2, '2017-12-19 03:54:52', '2019-03-31 12:08:47');
INSERT INTO `orders` (`id`, `client_id`, `shop_id`, `created_at`, `updated_at`) VALUES (45, 56, 6, '2019-11-10 23:33:31', '2021-01-28 23:10:37');
INSERT INTO `orders` (`id`, `client_id`, `shop_id`, `created_at`, `updated_at`) VALUES (46, 45, 1, '2020-11-08 20:28:01', '2019-09-29 03:38:50');
INSERT INTO `orders` (`id`, `client_id`, `shop_id`, `created_at`, `updated_at`) VALUES (47, 75, 5, '2014-03-05 21:26:56', '2016-03-28 13:46:52');
INSERT INTO `orders` (`id`, `client_id`, `shop_id`, `created_at`, `updated_at`) VALUES (48, 71, 2, '2020-03-05 17:00:37', '2017-04-12 20:05:06');
INSERT INTO `orders` (`id`, `client_id`, `shop_id`, `created_at`, `updated_at`) VALUES (49, 83, 7, '2014-09-17 10:37:42', '2017-08-27 01:05:30');
INSERT INTO `orders` (`id`, `client_id`, `shop_id`, `created_at`, `updated_at`) VALUES (50, 32, 6, '2011-09-30 04:41:30', '2013-11-17 01:07:17');
INSERT INTO `orders` (`id`, `client_id`, `shop_id`, `created_at`, `updated_at`) VALUES (51, 30, 8, '2013-04-26 13:52:54', '2015-11-10 07:49:48');
INSERT INTO `orders` (`id`, `client_id`, `shop_id`, `created_at`, `updated_at`) VALUES (52, 40, 1, '2014-06-21 09:08:22', '2019-03-30 23:47:11');
INSERT INTO `orders` (`id`, `client_id`, `shop_id`, `created_at`, `updated_at`) VALUES (53, 84, 10, '2014-02-20 16:02:43', '2014-11-18 21:07:45');
INSERT INTO `orders` (`id`, `client_id`, `shop_id`, `created_at`, `updated_at`) VALUES (54, 16, 8, '2014-10-31 01:24:24', '2018-07-04 05:58:02');
INSERT INTO `orders` (`id`, `client_id`, `shop_id`, `created_at`, `updated_at`) VALUES (55, 98, 9, '2014-01-03 06:42:37', '2017-07-20 09:56:03');
INSERT INTO `orders` (`id`, `client_id`, `shop_id`, `created_at`, `updated_at`) VALUES (56, 55, 8, '2012-07-01 12:46:05', '2013-12-13 04:51:47');
INSERT INTO `orders` (`id`, `client_id`, `shop_id`, `created_at`, `updated_at`) VALUES (57, 78, 6, '2019-01-03 15:27:14', '2016-09-15 14:05:10');
INSERT INTO `orders` (`id`, `client_id`, `shop_id`, `created_at`, `updated_at`) VALUES (58, 64, 1, '2018-12-17 19:13:04', '2016-11-29 23:46:24');
INSERT INTO `orders` (`id`, `client_id`, `shop_id`, `created_at`, `updated_at`) VALUES (59, 39, 10, '2013-12-09 13:49:51', '2011-06-29 18:14:10');
INSERT INTO `orders` (`id`, `client_id`, `shop_id`, `created_at`, `updated_at`) VALUES (60, 47, 8, '2013-06-04 06:20:56', '2020-01-04 04:56:19');
INSERT INTO `orders` (`id`, `client_id`, `shop_id`, `created_at`, `updated_at`) VALUES (61, 39, 2, '2019-11-14 17:33:27', '2018-01-13 07:50:06');
INSERT INTO `orders` (`id`, `client_id`, `shop_id`, `created_at`, `updated_at`) VALUES (62, 77, 3, '2016-12-06 04:54:08', '2014-01-13 14:19:26');
INSERT INTO `orders` (`id`, `client_id`, `shop_id`, `created_at`, `updated_at`) VALUES (63, 18, 4, '2019-01-30 17:05:34', '2016-08-28 15:59:41');
INSERT INTO `orders` (`id`, `client_id`, `shop_id`, `created_at`, `updated_at`) VALUES (64, 93, 9, '2012-03-05 16:31:14', '2018-10-30 21:44:50');
INSERT INTO `orders` (`id`, `client_id`, `shop_id`, `created_at`, `updated_at`) VALUES (65, 38, 5, '2019-03-28 10:32:05', '2013-03-27 15:13:04');
INSERT INTO `orders` (`id`, `client_id`, `shop_id`, `created_at`, `updated_at`) VALUES (66, 31, 5, '2017-05-05 06:32:04', '2014-04-08 01:54:24');
INSERT INTO `orders` (`id`, `client_id`, `shop_id`, `created_at`, `updated_at`) VALUES (67, 72, 2, '2018-06-04 05:27:51', '2015-07-31 15:21:18');
INSERT INTO `orders` (`id`, `client_id`, `shop_id`, `created_at`, `updated_at`) VALUES (68, 11, 3, '2011-06-26 20:25:18', '2015-09-27 19:53:28');
INSERT INTO `orders` (`id`, `client_id`, `shop_id`, `created_at`, `updated_at`) VALUES (69, 72, 3, '2017-07-23 14:39:37', '2011-10-23 05:27:05');
INSERT INTO `orders` (`id`, `client_id`, `shop_id`, `created_at`, `updated_at`) VALUES (70, 17, 10, '2013-07-27 15:50:28', '2015-02-05 16:34:20');
INSERT INTO `orders` (`id`, `client_id`, `shop_id`, `created_at`, `updated_at`) VALUES (71, 69, 8, '2017-08-16 02:16:40', '2011-12-29 18:05:49');
INSERT INTO `orders` (`id`, `client_id`, `shop_id`, `created_at`, `updated_at`) VALUES (72, 56, 3, '2017-02-05 00:34:33', '2015-04-29 21:45:57');
INSERT INTO `orders` (`id`, `client_id`, `shop_id`, `created_at`, `updated_at`) VALUES (73, 32, 6, '2019-10-12 20:16:58', '2020-08-02 02:35:57');
INSERT INTO `orders` (`id`, `client_id`, `shop_id`, `created_at`, `updated_at`) VALUES (74, 6, 3, '2020-11-27 13:32:55', '2016-10-24 14:23:52');
INSERT INTO `orders` (`id`, `client_id`, `shop_id`, `created_at`, `updated_at`) VALUES (75, 17, 1, '2018-09-29 04:32:41', '2018-09-02 16:53:25');
INSERT INTO `orders` (`id`, `client_id`, `shop_id`, `created_at`, `updated_at`) VALUES (76, 45, 10, '2015-05-31 15:43:36', '2016-05-26 13:52:49');
INSERT INTO `orders` (`id`, `client_id`, `shop_id`, `created_at`, `updated_at`) VALUES (77, 48, 5, '2019-03-03 22:46:41', '2019-07-25 09:35:16');
INSERT INTO `orders` (`id`, `client_id`, `shop_id`, `created_at`, `updated_at`) VALUES (78, 27, 3, '2020-12-09 06:08:35', '2011-04-25 03:31:43');
INSERT INTO `orders` (`id`, `client_id`, `shop_id`, `created_at`, `updated_at`) VALUES (79, 26, 4, '2020-04-30 06:56:16', '2013-07-13 13:07:15');
INSERT INTO `orders` (`id`, `client_id`, `shop_id`, `created_at`, `updated_at`) VALUES (80, 87, 6, '2015-09-22 12:44:49', '2014-09-26 16:29:36');
INSERT INTO `orders` (`id`, `client_id`, `shop_id`, `created_at`, `updated_at`) VALUES (81, 65, 2, '2017-09-02 03:42:17', '2017-04-12 18:49:41');
INSERT INTO `orders` (`id`, `client_id`, `shop_id`, `created_at`, `updated_at`) VALUES (82, 25, 10, '2014-05-15 04:59:32', '2015-10-07 10:11:30');
INSERT INTO `orders` (`id`, `client_id`, `shop_id`, `created_at`, `updated_at`) VALUES (83, 6, 6, '2014-07-24 01:33:15', '2019-06-09 22:03:14');
INSERT INTO `orders` (`id`, `client_id`, `shop_id`, `created_at`, `updated_at`) VALUES (84, 70, 6, '2015-02-08 13:41:37', '2015-09-16 18:48:55');
INSERT INTO `orders` (`id`, `client_id`, `shop_id`, `created_at`, `updated_at`) VALUES (85, 28, 10, '2013-01-11 01:54:03', '2019-04-10 11:14:39');
INSERT INTO `orders` (`id`, `client_id`, `shop_id`, `created_at`, `updated_at`) VALUES (86, 79, 9, '2016-09-23 21:34:06', '2011-12-22 11:40:27');
INSERT INTO `orders` (`id`, `client_id`, `shop_id`, `created_at`, `updated_at`) VALUES (87, 35, 8, '2020-12-04 10:24:43', '2015-04-01 20:00:39');
INSERT INTO `orders` (`id`, `client_id`, `shop_id`, `created_at`, `updated_at`) VALUES (88, 9, 8, '2015-05-26 12:11:33', '2014-08-19 23:57:30');
INSERT INTO `orders` (`id`, `client_id`, `shop_id`, `created_at`, `updated_at`) VALUES (89, 86, 4, '2015-05-22 08:23:50', '2015-12-21 06:08:41');
INSERT INTO `orders` (`id`, `client_id`, `shop_id`, `created_at`, `updated_at`) VALUES (90, 67, 1, '2015-04-30 04:36:21', '2017-12-18 22:38:56');
INSERT INTO `orders` (`id`, `client_id`, `shop_id`, `created_at`, `updated_at`) VALUES (91, 96, 10, '2011-06-06 00:26:33', '2019-08-27 11:52:50');
INSERT INTO `orders` (`id`, `client_id`, `shop_id`, `created_at`, `updated_at`) VALUES (92, 45, 4, '2016-05-23 18:26:40', '2018-02-05 15:54:34');
INSERT INTO `orders` (`id`, `client_id`, `shop_id`, `created_at`, `updated_at`) VALUES (93, 73, 1, '2014-10-17 20:10:29', '2014-08-06 16:36:58');
INSERT INTO `orders` (`id`, `client_id`, `shop_id`, `created_at`, `updated_at`) VALUES (94, 24, 5, '2019-09-21 14:38:01', '2014-07-31 17:45:23');
INSERT INTO `orders` (`id`, `client_id`, `shop_id`, `created_at`, `updated_at`) VALUES (95, 26, 5, '2016-09-01 13:32:59', '2017-08-31 07:51:23');
INSERT INTO `orders` (`id`, `client_id`, `shop_id`, `created_at`, `updated_at`) VALUES (96, 9, 3, '2019-11-21 17:44:44', '2011-09-17 03:44:05');
INSERT INTO `orders` (`id`, `client_id`, `shop_id`, `created_at`, `updated_at`) VALUES (97, 78, 8, '2017-08-12 04:33:32', '2018-01-09 05:27:24');
INSERT INTO `orders` (`id`, `client_id`, `shop_id`, `created_at`, `updated_at`) VALUES (98, 40, 7, '2016-07-25 21:06:01', '2017-07-22 09:32:21');
INSERT INTO `orders` (`id`, `client_id`, `shop_id`, `created_at`, `updated_at`) VALUES (99, 58, 4, '2020-05-14 03:05:43', '2015-05-16 11:05:44');
INSERT INTO `orders` (`id`, `client_id`, `shop_id`, `created_at`, `updated_at`) VALUES (100, 33, 1, '2019-10-29 19:58:48', '2015-10-25 07:08:30');
INSERT INTO `orders` (`id`, `client_id`, `shop_id`, `created_at`, `updated_at`) VALUES (101, 10, 7, '2017-12-06 08:15:28', '2017-04-12 07:12:19');
INSERT INTO `orders` (`id`, `client_id`, `shop_id`, `created_at`, `updated_at`) VALUES (102, 43, 5, '2019-04-05 16:52:24', '2018-01-11 16:52:31');
INSERT INTO `orders` (`id`, `client_id`, `shop_id`, `created_at`, `updated_at`) VALUES (103, 13, 8, '2017-07-07 15:55:29', '2018-07-02 00:27:08');
INSERT INTO `orders` (`id`, `client_id`, `shop_id`, `created_at`, `updated_at`) VALUES (104, 19, 6, '2011-05-14 08:40:16', '2011-11-19 17:16:34');
INSERT INTO `orders` (`id`, `client_id`, `shop_id`, `created_at`, `updated_at`) VALUES (105, 12, 2, '2019-04-08 07:26:01', '2014-06-20 18:04:36');
INSERT INTO `orders` (`id`, `client_id`, `shop_id`, `created_at`, `updated_at`) VALUES (106, 53, 5, '2021-02-10 07:58:25', '2020-07-24 23:15:18');
INSERT INTO `orders` (`id`, `client_id`, `shop_id`, `created_at`, `updated_at`) VALUES (107, 55, 2, '2012-09-11 20:40:08', '2013-08-26 05:31:49');
INSERT INTO `orders` (`id`, `client_id`, `shop_id`, `created_at`, `updated_at`) VALUES (108, 82, 5, '2012-05-04 23:28:17', '2014-04-01 08:53:03');
INSERT INTO `orders` (`id`, `client_id`, `shop_id`, `created_at`, `updated_at`) VALUES (109, 12, 6, '2020-04-19 11:52:30', '2016-04-09 13:36:18');
INSERT INTO `orders` (`id`, `client_id`, `shop_id`, `created_at`, `updated_at`) VALUES (110, 23, 5, '2019-12-16 15:50:02', '2012-02-19 17:15:54');
INSERT INTO `orders` (`id`, `client_id`, `shop_id`, `created_at`, `updated_at`) VALUES (111, 72, 8, '2015-05-14 22:13:55', '2017-05-31 11:18:29');
INSERT INTO `orders` (`id`, `client_id`, `shop_id`, `created_at`, `updated_at`) VALUES (112, 13, 9, '2013-10-12 04:54:06', '2016-11-27 06:30:47');
INSERT INTO `orders` (`id`, `client_id`, `shop_id`, `created_at`, `updated_at`) VALUES (113, 75, 1, '2020-06-05 22:59:32', '2018-04-19 21:21:29');
INSERT INTO `orders` (`id`, `client_id`, `shop_id`, `created_at`, `updated_at`) VALUES (114, 76, 8, '2013-02-19 19:45:37', '2017-01-02 21:28:07');
INSERT INTO `orders` (`id`, `client_id`, `shop_id`, `created_at`, `updated_at`) VALUES (115, 25, 3, '2019-12-14 18:08:08', '2019-04-19 09:44:09');
INSERT INTO `orders` (`id`, `client_id`, `shop_id`, `created_at`, `updated_at`) VALUES (116, 25, 7, '2015-10-20 03:35:39', '2018-02-03 18:07:29');
INSERT INTO `orders` (`id`, `client_id`, `shop_id`, `created_at`, `updated_at`) VALUES (117, 8, 7, '2018-07-03 22:48:19', '2017-04-07 06:10:28');
INSERT INTO `orders` (`id`, `client_id`, `shop_id`, `created_at`, `updated_at`) VALUES (118, 61, 2, '2017-09-15 09:42:48', '2019-08-02 21:44:54');
INSERT INTO `orders` (`id`, `client_id`, `shop_id`, `created_at`, `updated_at`) VALUES (119, 27, 9, '2015-10-31 18:09:33', '2012-12-23 14:35:35');
INSERT INTO `orders` (`id`, `client_id`, `shop_id`, `created_at`, `updated_at`) VALUES (120, 9, 2, '2017-08-01 00:46:21', '2017-08-30 14:59:27');
INSERT INTO `orders` (`id`, `client_id`, `shop_id`, `created_at`, `updated_at`) VALUES (121, 39, 9, '2011-09-03 03:19:29', '2019-11-16 06:33:17');
INSERT INTO `orders` (`id`, `client_id`, `shop_id`, `created_at`, `updated_at`) VALUES (122, 96, 5, '2020-08-07 20:16:35', '2013-10-12 06:24:57');
INSERT INTO `orders` (`id`, `client_id`, `shop_id`, `created_at`, `updated_at`) VALUES (123, 4, 6, '2013-09-22 14:45:09', '2014-12-18 21:19:38');
INSERT INTO `orders` (`id`, `client_id`, `shop_id`, `created_at`, `updated_at`) VALUES (124, 28, 3, '2013-03-15 10:20:38', '2017-07-02 03:25:05');
INSERT INTO `orders` (`id`, `client_id`, `shop_id`, `created_at`, `updated_at`) VALUES (125, 85, 8, '2013-07-13 08:44:56', '2020-07-28 00:25:58');
INSERT INTO `orders` (`id`, `client_id`, `shop_id`, `created_at`, `updated_at`) VALUES (126, 41, 4, '2015-11-22 20:46:09', '2017-01-17 05:37:09');
INSERT INTO `orders` (`id`, `client_id`, `shop_id`, `created_at`, `updated_at`) VALUES (127, 87, 5, '2020-05-25 06:08:15', '2019-08-04 07:09:57');
INSERT INTO `orders` (`id`, `client_id`, `shop_id`, `created_at`, `updated_at`) VALUES (128, 24, 7, '2019-11-29 22:50:08', '2014-06-21 14:41:41');
INSERT INTO `orders` (`id`, `client_id`, `shop_id`, `created_at`, `updated_at`) VALUES (129, 41, 9, '2015-11-30 16:54:35', '2013-08-27 04:08:59');
INSERT INTO `orders` (`id`, `client_id`, `shop_id`, `created_at`, `updated_at`) VALUES (130, 80, 8, '2016-10-18 12:16:48', '2020-01-30 22:05:18');
INSERT INTO `orders` (`id`, `client_id`, `shop_id`, `created_at`, `updated_at`) VALUES (131, 25, 9, '2012-01-10 20:03:03', '2012-02-06 18:24:22');
INSERT INTO `orders` (`id`, `client_id`, `shop_id`, `created_at`, `updated_at`) VALUES (132, 46, 7, '2016-12-04 10:37:38', '2014-02-28 21:11:32');
INSERT INTO `orders` (`id`, `client_id`, `shop_id`, `created_at`, `updated_at`) VALUES (133, 51, 7, '2015-08-10 10:35:33', '2012-12-15 05:31:57');
INSERT INTO `orders` (`id`, `client_id`, `shop_id`, `created_at`, `updated_at`) VALUES (134, 13, 5, '2016-03-04 20:38:19', '2015-10-22 21:08:45');
INSERT INTO `orders` (`id`, `client_id`, `shop_id`, `created_at`, `updated_at`) VALUES (135, 3, 4, '2015-04-05 12:16:13', '2017-10-14 23:44:16');
INSERT INTO `orders` (`id`, `client_id`, `shop_id`, `created_at`, `updated_at`) VALUES (136, 84, 10, '2021-01-16 11:35:13', '2021-01-25 08:21:04');
INSERT INTO `orders` (`id`, `client_id`, `shop_id`, `created_at`, `updated_at`) VALUES (137, 29, 3, '2011-06-01 16:47:43', '2012-08-04 02:21:58');
INSERT INTO `orders` (`id`, `client_id`, `shop_id`, `created_at`, `updated_at`) VALUES (138, 39, 2, '2020-03-28 11:01:15', '2017-05-06 12:53:52');
INSERT INTO `orders` (`id`, `client_id`, `shop_id`, `created_at`, `updated_at`) VALUES (139, 62, 10, '2014-01-09 07:21:49', '2012-02-19 12:59:14');
INSERT INTO `orders` (`id`, `client_id`, `shop_id`, `created_at`, `updated_at`) VALUES (140, 26, 7, '2011-07-05 22:23:44', '2017-04-11 21:46:01');
INSERT INTO `orders` (`id`, `client_id`, `shop_id`, `created_at`, `updated_at`) VALUES (141, 50, 5, '2017-11-25 06:32:27', '2016-10-08 21:02:48');
INSERT INTO `orders` (`id`, `client_id`, `shop_id`, `created_at`, `updated_at`) VALUES (142, 55, 8, '2020-11-15 21:13:50', '2011-03-16 00:11:10');
INSERT INTO `orders` (`id`, `client_id`, `shop_id`, `created_at`, `updated_at`) VALUES (143, 7, 8, '2014-06-10 03:30:29', '2019-11-19 03:25:01');
INSERT INTO `orders` (`id`, `client_id`, `shop_id`, `created_at`, `updated_at`) VALUES (144, 20, 2, '2019-09-19 22:45:44', '2012-02-26 15:41:43');
INSERT INTO `orders` (`id`, `client_id`, `shop_id`, `created_at`, `updated_at`) VALUES (145, 7, 2, '2020-05-11 10:01:10', '2017-05-26 01:23:45');
INSERT INTO `orders` (`id`, `client_id`, `shop_id`, `created_at`, `updated_at`) VALUES (146, 55, 8, '2013-02-05 14:49:26', '2017-08-14 17:36:07');
INSERT INTO `orders` (`id`, `client_id`, `shop_id`, `created_at`, `updated_at`) VALUES (147, 89, 9, '2014-02-13 07:04:11', '2017-11-14 23:56:56');
INSERT INTO `orders` (`id`, `client_id`, `shop_id`, `created_at`, `updated_at`) VALUES (148, 68, 7, '2012-12-30 22:24:45', '2013-03-24 08:34:16');
INSERT INTO `orders` (`id`, `client_id`, `shop_id`, `created_at`, `updated_at`) VALUES (149, 40, 7, '2017-02-28 21:49:26', '2020-07-31 22:17:31');
INSERT INTO `orders` (`id`, `client_id`, `shop_id`, `created_at`, `updated_at`) VALUES (150, 54, 10, '2012-04-30 12:51:19', '2020-03-18 18:28:12');
INSERT INTO `orders` (`id`, `client_id`, `shop_id`, `created_at`, `updated_at`) VALUES (151, 46, 3, '2014-09-11 03:15:26', '2019-09-15 14:15:45');
INSERT INTO `orders` (`id`, `client_id`, `shop_id`, `created_at`, `updated_at`) VALUES (152, 6, 9, '2011-12-31 07:55:16', '2016-06-09 11:29:18');
INSERT INTO `orders` (`id`, `client_id`, `shop_id`, `created_at`, `updated_at`) VALUES (153, 89, 10, '2017-11-08 12:40:13', '2020-05-23 16:24:19');
INSERT INTO `orders` (`id`, `client_id`, `shop_id`, `created_at`, `updated_at`) VALUES (154, 95, 3, '2011-06-25 18:25:59', '2015-01-21 13:30:56');
INSERT INTO `orders` (`id`, `client_id`, `shop_id`, `created_at`, `updated_at`) VALUES (155, 99, 6, '2012-04-30 10:59:51', '2014-04-30 06:20:46');
INSERT INTO `orders` (`id`, `client_id`, `shop_id`, `created_at`, `updated_at`) VALUES (156, 13, 7, '2014-07-14 17:02:51', '2014-10-03 07:58:41');
INSERT INTO `orders` (`id`, `client_id`, `shop_id`, `created_at`, `updated_at`) VALUES (157, 95, 3, '2012-12-16 11:17:32', '2015-08-09 19:21:51');
INSERT INTO `orders` (`id`, `client_id`, `shop_id`, `created_at`, `updated_at`) VALUES (158, 51, 9, '2016-11-07 02:09:05', '2012-10-27 03:29:17');
INSERT INTO `orders` (`id`, `client_id`, `shop_id`, `created_at`, `updated_at`) VALUES (159, 5, 2, '2016-06-26 15:13:58', '2020-07-07 00:04:47');
INSERT INTO `orders` (`id`, `client_id`, `shop_id`, `created_at`, `updated_at`) VALUES (160, 43, 6, '2013-01-15 18:07:50', '2011-10-11 19:47:36');
INSERT INTO `orders` (`id`, `client_id`, `shop_id`, `created_at`, `updated_at`) VALUES (161, 20, 4, '2018-08-24 23:59:58', '2012-06-05 11:08:03');
INSERT INTO `orders` (`id`, `client_id`, `shop_id`, `created_at`, `updated_at`) VALUES (162, 83, 3, '2020-08-28 10:48:04', '2020-11-25 20:51:43');
INSERT INTO `orders` (`id`, `client_id`, `shop_id`, `created_at`, `updated_at`) VALUES (163, 3, 6, '2014-08-03 22:32:21', '2016-08-12 03:46:48');
INSERT INTO `orders` (`id`, `client_id`, `shop_id`, `created_at`, `updated_at`) VALUES (164, 62, 3, '2016-02-01 20:21:10', '2018-09-12 07:33:39');
INSERT INTO `orders` (`id`, `client_id`, `shop_id`, `created_at`, `updated_at`) VALUES (165, 38, 10, '2019-01-30 17:17:57', '2011-05-03 07:56:07');
INSERT INTO `orders` (`id`, `client_id`, `shop_id`, `created_at`, `updated_at`) VALUES (166, 3, 10, '2014-07-18 04:51:10', '2020-05-07 18:05:52');
INSERT INTO `orders` (`id`, `client_id`, `shop_id`, `created_at`, `updated_at`) VALUES (167, 45, 9, '2015-09-20 14:45:45', '2013-11-03 09:33:25');
INSERT INTO `orders` (`id`, `client_id`, `shop_id`, `created_at`, `updated_at`) VALUES (168, 37, 9, '2019-01-24 10:29:05', '2013-12-30 06:14:54');
INSERT INTO `orders` (`id`, `client_id`, `shop_id`, `created_at`, `updated_at`) VALUES (169, 42, 6, '2013-08-20 10:15:48', '2020-09-16 23:08:22');
INSERT INTO `orders` (`id`, `client_id`, `shop_id`, `created_at`, `updated_at`) VALUES (170, 51, 8, '2011-07-30 14:26:41', '2011-10-28 01:12:38');
INSERT INTO `orders` (`id`, `client_id`, `shop_id`, `created_at`, `updated_at`) VALUES (171, 72, 2, '2018-05-25 23:26:49', '2016-08-03 04:15:12');
INSERT INTO `orders` (`id`, `client_id`, `shop_id`, `created_at`, `updated_at`) VALUES (172, 68, 1, '2016-08-20 04:01:44', '2014-11-05 10:29:54');
INSERT INTO `orders` (`id`, `client_id`, `shop_id`, `created_at`, `updated_at`) VALUES (173, 8, 1, '2016-03-11 05:37:19', '2015-03-10 06:40:41');
INSERT INTO `orders` (`id`, `client_id`, `shop_id`, `created_at`, `updated_at`) VALUES (174, 57, 10, '2019-02-05 22:54:44', '2011-11-30 12:53:19');
INSERT INTO `orders` (`id`, `client_id`, `shop_id`, `created_at`, `updated_at`) VALUES (175, 82, 10, '2019-08-11 02:08:09', '2017-09-11 17:46:57');
INSERT INTO `orders` (`id`, `client_id`, `shop_id`, `created_at`, `updated_at`) VALUES (176, 99, 2, '2016-04-21 04:50:22', '2015-03-05 03:42:53');
INSERT INTO `orders` (`id`, `client_id`, `shop_id`, `created_at`, `updated_at`) VALUES (177, 21, 2, '2017-03-01 10:48:20', '2015-03-18 13:53:28');
INSERT INTO `orders` (`id`, `client_id`, `shop_id`, `created_at`, `updated_at`) VALUES (178, 81, 7, '2020-05-12 15:19:51', '2020-07-28 22:19:50');
INSERT INTO `orders` (`id`, `client_id`, `shop_id`, `created_at`, `updated_at`) VALUES (179, 63, 9, '2018-05-15 23:18:40', '2012-08-12 13:45:47');
INSERT INTO `orders` (`id`, `client_id`, `shop_id`, `created_at`, `updated_at`) VALUES (180, 59, 8, '2011-11-28 17:10:26', '2020-10-12 12:32:57');
INSERT INTO `orders` (`id`, `client_id`, `shop_id`, `created_at`, `updated_at`) VALUES (181, 22, 3, '2019-10-02 01:52:53', '2019-03-27 10:10:24');
INSERT INTO `orders` (`id`, `client_id`, `shop_id`, `created_at`, `updated_at`) VALUES (182, 76, 1, '2014-05-28 11:15:45', '2020-04-28 22:01:56');
INSERT INTO `orders` (`id`, `client_id`, `shop_id`, `created_at`, `updated_at`) VALUES (183, 45, 6, '2017-01-07 05:17:53', '2017-08-07 13:14:24');
INSERT INTO `orders` (`id`, `client_id`, `shop_id`, `created_at`, `updated_at`) VALUES (184, 44, 3, '2014-07-09 10:35:57', '2013-07-06 09:39:53');
INSERT INTO `orders` (`id`, `client_id`, `shop_id`, `created_at`, `updated_at`) VALUES (185, 38, 5, '2018-02-03 08:37:35', '2019-07-20 15:15:06');
INSERT INTO `orders` (`id`, `client_id`, `shop_id`, `created_at`, `updated_at`) VALUES (186, 36, 9, '2012-01-20 01:45:59', '2017-11-24 17:47:34');
INSERT INTO `orders` (`id`, `client_id`, `shop_id`, `created_at`, `updated_at`) VALUES (187, 57, 4, '2011-11-22 01:42:38', '2016-06-28 16:03:53');
INSERT INTO `orders` (`id`, `client_id`, `shop_id`, `created_at`, `updated_at`) VALUES (188, 46, 2, '2013-08-17 01:51:53', '2020-12-14 13:44:27');
INSERT INTO `orders` (`id`, `client_id`, `shop_id`, `created_at`, `updated_at`) VALUES (189, 27, 2, '2020-04-27 14:50:35', '2012-05-18 05:23:52');
INSERT INTO `orders` (`id`, `client_id`, `shop_id`, `created_at`, `updated_at`) VALUES (190, 32, 1, '2011-03-17 05:00:01', '2020-01-21 04:01:51');
INSERT INTO `orders` (`id`, `client_id`, `shop_id`, `created_at`, `updated_at`) VALUES (191, 10, 3, '2019-04-12 06:19:45', '2016-09-21 02:16:45');
INSERT INTO `orders` (`id`, `client_id`, `shop_id`, `created_at`, `updated_at`) VALUES (192, 71, 5, '2012-09-27 14:13:53', '2011-10-25 09:55:07');
INSERT INTO `orders` (`id`, `client_id`, `shop_id`, `created_at`, `updated_at`) VALUES (193, 29, 3, '2011-09-21 17:36:44', '2014-06-16 19:59:50');
INSERT INTO `orders` (`id`, `client_id`, `shop_id`, `created_at`, `updated_at`) VALUES (194, 49, 1, '2011-07-31 04:14:22', '2020-05-21 16:39:55');
INSERT INTO `orders` (`id`, `client_id`, `shop_id`, `created_at`, `updated_at`) VALUES (195, 36, 10, '2012-11-05 04:16:04', '2021-02-10 18:00:27');
INSERT INTO `orders` (`id`, `client_id`, `shop_id`, `created_at`, `updated_at`) VALUES (196, 24, 2, '2013-10-21 19:20:49', '2016-11-27 20:25:08');
INSERT INTO `orders` (`id`, `client_id`, `shop_id`, `created_at`, `updated_at`) VALUES (197, 8, 9, '2018-04-23 10:10:14', '2016-05-17 06:40:09');
INSERT INTO `orders` (`id`, `client_id`, `shop_id`, `created_at`, `updated_at`) VALUES (198, 93, 10, '2011-08-05 02:50:57', '2016-11-24 10:17:24');
INSERT INTO `orders` (`id`, `client_id`, `shop_id`, `created_at`, `updated_at`) VALUES (199, 78, 10, '2016-08-07 10:12:42', '2013-04-05 17:17:01');
INSERT INTO `orders` (`id`, `client_id`, `shop_id`, `created_at`, `updated_at`) VALUES (200, 76, 1, '2014-10-02 10:42:20', '2019-10-18 08:09:36');
INSERT INTO `orders` (`id`, `client_id`, `shop_id`, `created_at`, `updated_at`) VALUES (201, 36, 8, '2015-10-14 19:15:21', '2020-12-06 21:57:29');
INSERT INTO `orders` (`id`, `client_id`, `shop_id`, `created_at`, `updated_at`) VALUES (202, 73, 4, '2013-05-03 02:19:13', '2016-02-12 05:37:00');
INSERT INTO `orders` (`id`, `client_id`, `shop_id`, `created_at`, `updated_at`) VALUES (203, 83, 4, '2015-03-16 04:19:50', '2013-09-03 09:14:53');
INSERT INTO `orders` (`id`, `client_id`, `shop_id`, `created_at`, `updated_at`) VALUES (204, 26, 4, '2017-01-21 10:23:48', '2013-10-16 05:44:57');
INSERT INTO `orders` (`id`, `client_id`, `shop_id`, `created_at`, `updated_at`) VALUES (205, 38, 1, '2017-05-21 08:25:54', '2013-02-04 02:55:09');
INSERT INTO `orders` (`id`, `client_id`, `shop_id`, `created_at`, `updated_at`) VALUES (206, 25, 2, '2013-08-05 15:11:49', '2019-08-05 02:22:24');
INSERT INTO `orders` (`id`, `client_id`, `shop_id`, `created_at`, `updated_at`) VALUES (207, 11, 2, '2014-07-06 02:59:36', '2016-04-24 06:14:18');
INSERT INTO `orders` (`id`, `client_id`, `shop_id`, `created_at`, `updated_at`) VALUES (208, 12, 7, '2017-08-05 21:14:53', '2020-12-25 18:24:05');
INSERT INTO `orders` (`id`, `client_id`, `shop_id`, `created_at`, `updated_at`) VALUES (209, 95, 5, '2012-09-01 03:56:58', '2015-09-22 22:00:07');
INSERT INTO `orders` (`id`, `client_id`, `shop_id`, `created_at`, `updated_at`) VALUES (210, 53, 9, '2015-07-25 20:54:50', '2017-02-16 04:05:35');
INSERT INTO `orders` (`id`, `client_id`, `shop_id`, `created_at`, `updated_at`) VALUES (211, 59, 5, '2014-07-29 09:10:48', '2011-09-06 03:27:57');
INSERT INTO `orders` (`id`, `client_id`, `shop_id`, `created_at`, `updated_at`) VALUES (212, 14, 7, '2020-05-10 23:42:28', '2018-07-28 01:23:47');
INSERT INTO `orders` (`id`, `client_id`, `shop_id`, `created_at`, `updated_at`) VALUES (213, 45, 1, '2021-03-08 02:17:03', '2018-09-23 01:30:19');
INSERT INTO `orders` (`id`, `client_id`, `shop_id`, `created_at`, `updated_at`) VALUES (214, 34, 9, '2013-07-08 19:37:49', '2017-09-25 16:33:55');
INSERT INTO `orders` (`id`, `client_id`, `shop_id`, `created_at`, `updated_at`) VALUES (215, 58, 8, '2015-07-18 08:18:46', '2020-02-09 10:33:24');
INSERT INTO `orders` (`id`, `client_id`, `shop_id`, `created_at`, `updated_at`) VALUES (216, 94, 7, '2018-10-06 11:56:45', '2018-07-02 06:55:28');
INSERT INTO `orders` (`id`, `client_id`, `shop_id`, `created_at`, `updated_at`) VALUES (217, 69, 6, '2017-08-26 04:06:43', '2013-05-24 13:29:09');
INSERT INTO `orders` (`id`, `client_id`, `shop_id`, `created_at`, `updated_at`) VALUES (218, 100, 7, '2018-07-19 08:49:35', '2018-04-12 04:26:50');
INSERT INTO `orders` (`id`, `client_id`, `shop_id`, `created_at`, `updated_at`) VALUES (219, 24, 2, '2021-02-22 14:22:41', '2019-12-19 13:06:08');
INSERT INTO `orders` (`id`, `client_id`, `shop_id`, `created_at`, `updated_at`) VALUES (220, 90, 5, '2013-01-27 08:05:43', '2014-08-22 11:09:46');
INSERT INTO `orders` (`id`, `client_id`, `shop_id`, `created_at`, `updated_at`) VALUES (221, 41, 8, '2016-04-15 14:06:22', '2012-02-29 21:37:16');
INSERT INTO `orders` (`id`, `client_id`, `shop_id`, `created_at`, `updated_at`) VALUES (222, 67, 5, '2015-09-22 18:26:26', '2020-06-28 15:28:51');
INSERT INTO `orders` (`id`, `client_id`, `shop_id`, `created_at`, `updated_at`) VALUES (223, 64, 5, '2018-02-05 16:45:39', '2017-09-23 15:24:28');
INSERT INTO `orders` (`id`, `client_id`, `shop_id`, `created_at`, `updated_at`) VALUES (224, 12, 1, '2018-11-09 06:51:50', '2014-03-26 02:56:08');
INSERT INTO `orders` (`id`, `client_id`, `shop_id`, `created_at`, `updated_at`) VALUES (225, 66, 8, '2012-09-19 10:08:58', '2015-07-28 21:21:47');
INSERT INTO `orders` (`id`, `client_id`, `shop_id`, `created_at`, `updated_at`) VALUES (226, 45, 6, '2014-04-11 12:28:59', '2020-01-12 00:09:31');
INSERT INTO `orders` (`id`, `client_id`, `shop_id`, `created_at`, `updated_at`) VALUES (227, 94, 8, '2013-12-25 19:34:19', '2018-04-13 03:14:15');
INSERT INTO `orders` (`id`, `client_id`, `shop_id`, `created_at`, `updated_at`) VALUES (228, 95, 2, '2019-09-02 13:23:36', '2019-07-22 09:04:15');
INSERT INTO `orders` (`id`, `client_id`, `shop_id`, `created_at`, `updated_at`) VALUES (229, 33, 6, '2013-08-08 15:54:03', '2018-11-11 01:00:57');
INSERT INTO `orders` (`id`, `client_id`, `shop_id`, `created_at`, `updated_at`) VALUES (230, 56, 4, '2017-11-18 21:52:43', '2017-12-22 14:53:09');
INSERT INTO `orders` (`id`, `client_id`, `shop_id`, `created_at`, `updated_at`) VALUES (231, 19, 5, '2016-08-04 21:31:58', '2013-04-18 04:08:06');
INSERT INTO `orders` (`id`, `client_id`, `shop_id`, `created_at`, `updated_at`) VALUES (232, 47, 9, '2015-06-17 09:24:54', '2015-09-25 02:29:35');
INSERT INTO `orders` (`id`, `client_id`, `shop_id`, `created_at`, `updated_at`) VALUES (233, 18, 2, '2012-01-26 20:24:11', '2015-04-09 00:41:56');
INSERT INTO `orders` (`id`, `client_id`, `shop_id`, `created_at`, `updated_at`) VALUES (234, 26, 8, '2020-09-29 20:30:23', '2013-11-28 13:42:22');
INSERT INTO `orders` (`id`, `client_id`, `shop_id`, `created_at`, `updated_at`) VALUES (235, 100, 9, '2017-02-02 10:39:09', '2013-10-30 08:03:26');
INSERT INTO `orders` (`id`, `client_id`, `shop_id`, `created_at`, `updated_at`) VALUES (236, 32, 10, '2013-11-01 22:27:26', '2011-05-06 12:10:13');
INSERT INTO `orders` (`id`, `client_id`, `shop_id`, `created_at`, `updated_at`) VALUES (237, 15, 2, '2017-11-10 20:08:48', '2017-06-10 13:59:27');
INSERT INTO `orders` (`id`, `client_id`, `shop_id`, `created_at`, `updated_at`) VALUES (238, 21, 4, '2016-07-12 23:56:10', '2020-10-25 05:55:49');
INSERT INTO `orders` (`id`, `client_id`, `shop_id`, `created_at`, `updated_at`) VALUES (239, 25, 2, '2014-11-10 21:00:41', '2016-07-08 01:06:12');
INSERT INTO `orders` (`id`, `client_id`, `shop_id`, `created_at`, `updated_at`) VALUES (240, 41, 5, '2019-05-24 08:04:24', '2019-02-07 19:20:38');
INSERT INTO `orders` (`id`, `client_id`, `shop_id`, `created_at`, `updated_at`) VALUES (241, 23, 1, '2015-09-04 09:50:49', '2011-04-06 18:15:01');
INSERT INTO `orders` (`id`, `client_id`, `shop_id`, `created_at`, `updated_at`) VALUES (242, 83, 3, '2015-09-29 13:04:29', '2012-09-23 03:15:32');
INSERT INTO `orders` (`id`, `client_id`, `shop_id`, `created_at`, `updated_at`) VALUES (243, 28, 7, '2011-06-13 11:42:48', '2012-12-15 11:01:50');
INSERT INTO `orders` (`id`, `client_id`, `shop_id`, `created_at`, `updated_at`) VALUES (244, 57, 4, '2012-05-27 22:29:10', '2016-07-16 19:25:21');
INSERT INTO `orders` (`id`, `client_id`, `shop_id`, `created_at`, `updated_at`) VALUES (245, 61, 5, '2018-10-24 17:52:32', '2016-04-24 23:41:29');
INSERT INTO `orders` (`id`, `client_id`, `shop_id`, `created_at`, `updated_at`) VALUES (246, 82, 6, '2015-01-03 12:28:56', '2018-05-13 16:53:38');
INSERT INTO `orders` (`id`, `client_id`, `shop_id`, `created_at`, `updated_at`) VALUES (247, 28, 1, '2014-02-19 19:14:44', '2014-11-29 14:45:33');
INSERT INTO `orders` (`id`, `client_id`, `shop_id`, `created_at`, `updated_at`) VALUES (248, 41, 8, '2013-01-08 14:08:36', '2011-08-22 01:55:50');
INSERT INTO `orders` (`id`, `client_id`, `shop_id`, `created_at`, `updated_at`) VALUES (249, 99, 9, '2012-07-14 03:15:57', '2011-05-17 05:05:48');
INSERT INTO `orders` (`id`, `client_id`, `shop_id`, `created_at`, `updated_at`) VALUES (250, 81, 7, '2015-11-26 13:37:45', '2016-04-04 02:01:56');
INSERT INTO `orders` (`id`, `client_id`, `shop_id`, `created_at`, `updated_at`) VALUES (251, 99, 8, '2020-02-03 16:15:56', '2018-07-29 05:17:08');
INSERT INTO `orders` (`id`, `client_id`, `shop_id`, `created_at`, `updated_at`) VALUES (252, 25, 3, '2013-02-09 23:54:43', '2015-12-22 22:41:19');
INSERT INTO `orders` (`id`, `client_id`, `shop_id`, `created_at`, `updated_at`) VALUES (253, 37, 6, '2020-05-09 16:33:55', '2020-01-28 04:51:28');
INSERT INTO `orders` (`id`, `client_id`, `shop_id`, `created_at`, `updated_at`) VALUES (254, 17, 8, '2017-07-05 19:38:48', '2013-11-03 18:33:50');
INSERT INTO `orders` (`id`, `client_id`, `shop_id`, `created_at`, `updated_at`) VALUES (255, 3, 2, '2012-05-14 17:14:30', '2015-10-21 03:57:49');
INSERT INTO `orders` (`id`, `client_id`, `shop_id`, `created_at`, `updated_at`) VALUES (256, 13, 8, '2021-01-15 15:10:09', '2014-05-25 04:03:21');
INSERT INTO `orders` (`id`, `client_id`, `shop_id`, `created_at`, `updated_at`) VALUES (257, 10, 7, '2011-12-14 10:47:00', '2021-03-14 10:49:09');
INSERT INTO `orders` (`id`, `client_id`, `shop_id`, `created_at`, `updated_at`) VALUES (258, 19, 8, '2013-01-04 09:38:40', '2012-06-08 10:52:22');
INSERT INTO `orders` (`id`, `client_id`, `shop_id`, `created_at`, `updated_at`) VALUES (259, 93, 6, '2014-02-24 09:14:26', '2013-08-02 14:38:51');
INSERT INTO `orders` (`id`, `client_id`, `shop_id`, `created_at`, `updated_at`) VALUES (260, 56, 4, '2012-08-15 05:19:36', '2019-05-29 22:04:39');
INSERT INTO `orders` (`id`, `client_id`, `shop_id`, `created_at`, `updated_at`) VALUES (261, 98, 9, '2012-08-24 18:11:10', '2012-02-23 04:16:34');
INSERT INTO `orders` (`id`, `client_id`, `shop_id`, `created_at`, `updated_at`) VALUES (262, 52, 5, '2017-12-18 18:53:54', '2013-07-06 14:30:04');
INSERT INTO `orders` (`id`, `client_id`, `shop_id`, `created_at`, `updated_at`) VALUES (263, 42, 10, '2020-11-23 05:53:08', '2011-09-15 06:24:47');
INSERT INTO `orders` (`id`, `client_id`, `shop_id`, `created_at`, `updated_at`) VALUES (264, 1, 9, '2012-01-24 10:19:20', '2014-05-22 04:45:20');
INSERT INTO `orders` (`id`, `client_id`, `shop_id`, `created_at`, `updated_at`) VALUES (265, 25, 2, '2016-04-22 17:17:07', '2020-07-03 16:51:09');
INSERT INTO `orders` (`id`, `client_id`, `shop_id`, `created_at`, `updated_at`) VALUES (266, 73, 7, '2020-12-15 09:27:51', '2011-08-01 04:28:46');
INSERT INTO `orders` (`id`, `client_id`, `shop_id`, `created_at`, `updated_at`) VALUES (267, 88, 7, '2018-01-13 03:26:25', '2015-11-03 08:04:59');
INSERT INTO `orders` (`id`, `client_id`, `shop_id`, `created_at`, `updated_at`) VALUES (268, 31, 8, '2016-07-09 20:18:31', '2017-06-27 11:13:43');
INSERT INTO `orders` (`id`, `client_id`, `shop_id`, `created_at`, `updated_at`) VALUES (269, 55, 7, '2018-11-01 12:18:33', '2012-06-01 02:25:34');
INSERT INTO `orders` (`id`, `client_id`, `shop_id`, `created_at`, `updated_at`) VALUES (270, 35, 1, '2019-04-22 11:49:51', '2016-06-10 12:17:32');
INSERT INTO `orders` (`id`, `client_id`, `shop_id`, `created_at`, `updated_at`) VALUES (271, 43, 3, '2017-06-23 00:10:33', '2011-11-16 05:13:10');
INSERT INTO `orders` (`id`, `client_id`, `shop_id`, `created_at`, `updated_at`) VALUES (272, 48, 5, '2014-01-26 19:09:08', '2013-03-27 11:20:34');
INSERT INTO `orders` (`id`, `client_id`, `shop_id`, `created_at`, `updated_at`) VALUES (273, 62, 7, '2013-08-07 10:45:28', '2017-04-22 20:37:34');
INSERT INTO `orders` (`id`, `client_id`, `shop_id`, `created_at`, `updated_at`) VALUES (274, 65, 2, '2016-07-22 23:42:10', '2012-12-16 17:48:52');
INSERT INTO `orders` (`id`, `client_id`, `shop_id`, `created_at`, `updated_at`) VALUES (275, 66, 8, '2013-10-24 10:19:16', '2014-08-24 15:28:51');
INSERT INTO `orders` (`id`, `client_id`, `shop_id`, `created_at`, `updated_at`) VALUES (276, 40, 1, '2013-04-24 10:11:32', '2011-08-08 23:42:18');
INSERT INTO `orders` (`id`, `client_id`, `shop_id`, `created_at`, `updated_at`) VALUES (277, 34, 3, '2017-01-20 18:46:56', '2016-03-04 14:40:21');
INSERT INTO `orders` (`id`, `client_id`, `shop_id`, `created_at`, `updated_at`) VALUES (278, 55, 4, '2011-10-07 04:52:16', '2013-03-10 11:42:28');
INSERT INTO `orders` (`id`, `client_id`, `shop_id`, `created_at`, `updated_at`) VALUES (279, 86, 2, '2012-05-08 12:21:15', '2017-08-02 00:41:17');
INSERT INTO `orders` (`id`, `client_id`, `shop_id`, `created_at`, `updated_at`) VALUES (280, 59, 10, '2013-02-21 10:38:43', '2016-09-15 00:24:29');
INSERT INTO `orders` (`id`, `client_id`, `shop_id`, `created_at`, `updated_at`) VALUES (281, 37, 4, '2020-09-15 02:54:14', '2015-08-20 11:56:59');
INSERT INTO `orders` (`id`, `client_id`, `shop_id`, `created_at`, `updated_at`) VALUES (282, 11, 9, '2013-10-19 20:12:23', '2011-04-01 07:13:12');
INSERT INTO `orders` (`id`, `client_id`, `shop_id`, `created_at`, `updated_at`) VALUES (283, 95, 7, '2017-01-06 07:32:58', '2020-01-22 14:07:36');
INSERT INTO `orders` (`id`, `client_id`, `shop_id`, `created_at`, `updated_at`) VALUES (284, 14, 1, '2016-01-23 10:19:39', '2013-01-30 14:29:37');
INSERT INTO `orders` (`id`, `client_id`, `shop_id`, `created_at`, `updated_at`) VALUES (285, 87, 7, '2019-10-18 21:57:11', '2015-09-29 19:14:46');
INSERT INTO `orders` (`id`, `client_id`, `shop_id`, `created_at`, `updated_at`) VALUES (286, 99, 3, '2014-10-10 07:21:09', '2017-04-24 15:01:24');
INSERT INTO `orders` (`id`, `client_id`, `shop_id`, `created_at`, `updated_at`) VALUES (287, 61, 4, '2015-11-29 06:27:44', '2014-03-18 00:24:47');
INSERT INTO `orders` (`id`, `client_id`, `shop_id`, `created_at`, `updated_at`) VALUES (288, 23, 9, '2012-03-01 16:27:30', '2014-12-04 03:50:46');
INSERT INTO `orders` (`id`, `client_id`, `shop_id`, `created_at`, `updated_at`) VALUES (289, 92, 7, '2020-04-20 20:05:21', '2014-01-22 04:57:00');
INSERT INTO `orders` (`id`, `client_id`, `shop_id`, `created_at`, `updated_at`) VALUES (290, 90, 4, '2012-11-06 19:06:19', '2016-12-20 08:58:15');
INSERT INTO `orders` (`id`, `client_id`, `shop_id`, `created_at`, `updated_at`) VALUES (291, 42, 5, '2012-03-21 01:33:34', '2011-10-22 00:47:41');
INSERT INTO `orders` (`id`, `client_id`, `shop_id`, `created_at`, `updated_at`) VALUES (292, 41, 5, '2020-12-13 03:50:48', '2013-01-05 18:13:41');
INSERT INTO `orders` (`id`, `client_id`, `shop_id`, `created_at`, `updated_at`) VALUES (293, 60, 7, '2014-06-03 19:27:10', '2015-05-19 00:37:17');
INSERT INTO `orders` (`id`, `client_id`, `shop_id`, `created_at`, `updated_at`) VALUES (294, 50, 3, '2015-04-29 00:18:58', '2011-04-01 16:03:03');
INSERT INTO `orders` (`id`, `client_id`, `shop_id`, `created_at`, `updated_at`) VALUES (295, 64, 1, '2015-10-19 20:31:19', '2018-10-13 04:53:59');
INSERT INTO `orders` (`id`, `client_id`, `shop_id`, `created_at`, `updated_at`) VALUES (296, 74, 1, '2014-04-03 01:30:11', '2014-01-28 11:12:32');
INSERT INTO `orders` (`id`, `client_id`, `shop_id`, `created_at`, `updated_at`) VALUES (297, 65, 10, '2017-07-17 09:57:07', '2012-06-05 01:30:51');
INSERT INTO `orders` (`id`, `client_id`, `shop_id`, `created_at`, `updated_at`) VALUES (298, 28, 4, '2012-07-16 13:32:45', '2016-07-20 12:43:32');
INSERT INTO `orders` (`id`, `client_id`, `shop_id`, `created_at`, `updated_at`) VALUES (299, 95, 10, '2020-10-16 12:56:57', '2017-07-15 18:13:31');
INSERT INTO `orders` (`id`, `client_id`, `shop_id`, `created_at`, `updated_at`) VALUES (300, 82, 4, '2016-09-07 02:25:22', '2021-02-05 07:32:22');


#
# TABLE STRUCTURE FOR: orders_products
#

DROP TABLE IF EXISTS `orders_products`;

CREATE TABLE `orders_products` (
  `id` int(10) unsigned NOT NULL AUTO_INCREMENT,
  `order_id` int(10) unsigned NOT NULL,
  `products_category_id` int(10) unsigned NOT NULL,
  `product_id` int(10) unsigned NOT NULL,
  `count` int(10) unsigned NOT NULL,
  `created_at` datetime DEFAULT current_timestamp(),
  `updated_at` datetime DEFAULT current_timestamp() ON UPDATE current_timestamp(),
  PRIMARY KEY (`id`)
) ENGINE=InnoDB AUTO_INCREMENT=401 DEFAULT CHARSET=utf8mb4 COLLATE=utf8mb4_unicode_ci COMMENT='Позиции заказа';

INSERT INTO `orders_products` (`id`, `order_id`, `products_category_id`, `product_id`, `count`, `created_at`, `updated_at`) VALUES (1, 136, 1, 3, 3, '2020-07-09 08:45:23', '2018-08-04 00:53:16');
INSERT INTO `orders_products` (`id`, `order_id`, `products_category_id`, `product_id`, `count`, `created_at`, `updated_at`) VALUES (2, 107, 1, 7, 3, '2018-10-08 10:22:24', '2018-02-04 08:57:26');
INSERT INTO `orders_products` (`id`, `order_id`, `products_category_id`, `product_id`, `count`, `created_at`, `updated_at`) VALUES (3, 148, 1, 8, 4, '2011-11-30 07:06:19', '2018-05-14 15:02:54');
INSERT INTO `orders_products` (`id`, `order_id`, `products_category_id`, `product_id`, `count`, `created_at`, `updated_at`) VALUES (4, 188, 2, 5, 4, '2016-11-04 21:33:39', '2015-03-18 19:22:41');
INSERT INTO `orders_products` (`id`, `order_id`, `products_category_id`, `product_id`, `count`, `created_at`, `updated_at`) VALUES (5, 242, 1, 9, 3, '2018-05-14 15:50:43', '2014-09-14 11:38:08');
INSERT INTO `orders_products` (`id`, `order_id`, `products_category_id`, `product_id`, `count`, `created_at`, `updated_at`) VALUES (6, 246, 2, 3, 3, '2017-04-04 03:45:58', '2014-04-05 05:15:46');
INSERT INTO `orders_products` (`id`, `order_id`, `products_category_id`, `product_id`, `count`, `created_at`, `updated_at`) VALUES (7, 23, 2, 9, 4, '2019-05-11 20:20:59', '2014-10-17 08:52:28');
INSERT INTO `orders_products` (`id`, `order_id`, `products_category_id`, `product_id`, `count`, `created_at`, `updated_at`) VALUES (8, 200, 2, 9, 4, '2013-10-25 09:09:53', '2013-01-20 09:45:35');
INSERT INTO `orders_products` (`id`, `order_id`, `products_category_id`, `product_id`, `count`, `created_at`, `updated_at`) VALUES (9, 37, 2, 2, 4, '2019-02-02 12:28:21', '2014-02-17 21:45:19');
INSERT INTO `orders_products` (`id`, `order_id`, `products_category_id`, `product_id`, `count`, `created_at`, `updated_at`) VALUES (10, 238, 1, 6, 1, '2015-05-23 11:09:08', '2014-11-23 18:17:14');
INSERT INTO `orders_products` (`id`, `order_id`, `products_category_id`, `product_id`, `count`, `created_at`, `updated_at`) VALUES (11, 269, 2, 4, 1, '2020-09-20 06:06:17', '2011-12-04 23:51:10');
INSERT INTO `orders_products` (`id`, `order_id`, `products_category_id`, `product_id`, `count`, `created_at`, `updated_at`) VALUES (12, 105, 2, 3, 1, '2011-07-29 00:34:06', '2020-08-30 21:11:48');
INSERT INTO `orders_products` (`id`, `order_id`, `products_category_id`, `product_id`, `count`, `created_at`, `updated_at`) VALUES (13, 181, 1, 9, 2, '2019-04-07 07:12:20', '2018-12-21 04:27:00');
INSERT INTO `orders_products` (`id`, `order_id`, `products_category_id`, `product_id`, `count`, `created_at`, `updated_at`) VALUES (14, 98, 2, 3, 4, '2019-09-18 09:28:48', '2014-12-15 01:39:33');
INSERT INTO `orders_products` (`id`, `order_id`, `products_category_id`, `product_id`, `count`, `created_at`, `updated_at`) VALUES (15, 155, 1, 2, 4, '2016-02-25 09:42:23', '2014-08-15 09:12:13');
INSERT INTO `orders_products` (`id`, `order_id`, `products_category_id`, `product_id`, `count`, `created_at`, `updated_at`) VALUES (16, 45, 1, 5, 3, '2012-05-31 04:07:59', '2013-01-29 04:15:45');
INSERT INTO `orders_products` (`id`, `order_id`, `products_category_id`, `product_id`, `count`, `created_at`, `updated_at`) VALUES (17, 52, 1, 5, 4, '2017-03-04 02:56:21', '2016-10-17 03:22:51');
INSERT INTO `orders_products` (`id`, `order_id`, `products_category_id`, `product_id`, `count`, `created_at`, `updated_at`) VALUES (18, 282, 1, 2, 2, '2013-03-02 06:32:31', '2018-03-22 13:32:52');
INSERT INTO `orders_products` (`id`, `order_id`, `products_category_id`, `product_id`, `count`, `created_at`, `updated_at`) VALUES (19, 79, 1, 1, 2, '2015-11-17 06:34:17', '2018-07-03 11:35:35');
INSERT INTO `orders_products` (`id`, `order_id`, `products_category_id`, `product_id`, `count`, `created_at`, `updated_at`) VALUES (20, 132, 1, 4, 2, '2019-02-12 11:13:21', '2014-07-12 02:58:06');
INSERT INTO `orders_products` (`id`, `order_id`, `products_category_id`, `product_id`, `count`, `created_at`, `updated_at`) VALUES (21, 292, 1, 1, 1, '2012-06-01 09:01:38', '2012-01-30 10:54:44');
INSERT INTO `orders_products` (`id`, `order_id`, `products_category_id`, `product_id`, `count`, `created_at`, `updated_at`) VALUES (22, 192, 1, 2, 3, '2014-11-17 19:26:58', '2021-01-21 16:03:59');
INSERT INTO `orders_products` (`id`, `order_id`, `products_category_id`, `product_id`, `count`, `created_at`, `updated_at`) VALUES (23, 130, 1, 1, 3, '2015-11-09 05:28:46', '2012-09-02 06:48:18');
INSERT INTO `orders_products` (`id`, `order_id`, `products_category_id`, `product_id`, `count`, `created_at`, `updated_at`) VALUES (24, 277, 1, 9, 4, '2013-08-09 01:16:03', '2017-09-27 16:55:38');
INSERT INTO `orders_products` (`id`, `order_id`, `products_category_id`, `product_id`, `count`, `created_at`, `updated_at`) VALUES (25, 196, 2, 5, 1, '2018-03-18 19:12:49', '2012-07-17 18:12:45');
INSERT INTO `orders_products` (`id`, `order_id`, `products_category_id`, `product_id`, `count`, `created_at`, `updated_at`) VALUES (26, 73, 1, 6, 1, '2014-03-10 08:24:03', '2012-01-05 10:42:45');
INSERT INTO `orders_products` (`id`, `order_id`, `products_category_id`, `product_id`, `count`, `created_at`, `updated_at`) VALUES (27, 137, 2, 7, 2, '2012-05-18 01:14:38', '2015-09-25 01:46:43');
INSERT INTO `orders_products` (`id`, `order_id`, `products_category_id`, `product_id`, `count`, `created_at`, `updated_at`) VALUES (28, 51, 1, 7, 3, '2014-07-18 19:28:46', '2015-10-27 04:37:09');
INSERT INTO `orders_products` (`id`, `order_id`, `products_category_id`, `product_id`, `count`, `created_at`, `updated_at`) VALUES (29, 50, 1, 1, 1, '2011-09-23 09:00:33', '2019-04-11 21:03:06');
INSERT INTO `orders_products` (`id`, `order_id`, `products_category_id`, `product_id`, `count`, `created_at`, `updated_at`) VALUES (30, 45, 1, 1, 3, '2017-11-18 17:49:58', '2020-06-12 15:04:34');
INSERT INTO `orders_products` (`id`, `order_id`, `products_category_id`, `product_id`, `count`, `created_at`, `updated_at`) VALUES (31, 8, 2, 4, 2, '2015-04-06 22:38:18', '2019-09-24 05:41:21');
INSERT INTO `orders_products` (`id`, `order_id`, `products_category_id`, `product_id`, `count`, `created_at`, `updated_at`) VALUES (32, 240, 1, 7, 4, '2018-08-22 12:48:23', '2017-10-14 21:41:02');
INSERT INTO `orders_products` (`id`, `order_id`, `products_category_id`, `product_id`, `count`, `created_at`, `updated_at`) VALUES (33, 168, 1, 2, 2, '2019-09-22 21:13:51', '2020-02-09 04:55:16');
INSERT INTO `orders_products` (`id`, `order_id`, `products_category_id`, `product_id`, `count`, `created_at`, `updated_at`) VALUES (34, 48, 2, 9, 4, '2017-11-02 16:54:47', '2020-03-01 12:20:11');
INSERT INTO `orders_products` (`id`, `order_id`, `products_category_id`, `product_id`, `count`, `created_at`, `updated_at`) VALUES (35, 252, 1, 5, 2, '2020-08-31 21:20:14', '2015-08-17 05:11:04');
INSERT INTO `orders_products` (`id`, `order_id`, `products_category_id`, `product_id`, `count`, `created_at`, `updated_at`) VALUES (36, 150, 1, 3, 2, '2018-09-21 20:35:29', '2020-08-24 13:36:22');
INSERT INTO `orders_products` (`id`, `order_id`, `products_category_id`, `product_id`, `count`, `created_at`, `updated_at`) VALUES (37, 83, 2, 6, 1, '2017-04-12 22:22:06', '2019-11-26 23:14:50');
INSERT INTO `orders_products` (`id`, `order_id`, `products_category_id`, `product_id`, `count`, `created_at`, `updated_at`) VALUES (38, 33, 1, 8, 4, '2013-05-05 22:38:47', '2017-03-25 21:44:13');
INSERT INTO `orders_products` (`id`, `order_id`, `products_category_id`, `product_id`, `count`, `created_at`, `updated_at`) VALUES (39, 293, 2, 1, 4, '2014-11-08 02:25:00', '2014-01-05 18:07:05');
INSERT INTO `orders_products` (`id`, `order_id`, `products_category_id`, `product_id`, `count`, `created_at`, `updated_at`) VALUES (40, 240, 1, 2, 1, '2017-08-24 21:55:57', '2013-12-26 02:01:12');
INSERT INTO `orders_products` (`id`, `order_id`, `products_category_id`, `product_id`, `count`, `created_at`, `updated_at`) VALUES (41, 108, 1, 6, 2, '2018-10-05 08:56:35', '2017-10-11 02:24:13');
INSERT INTO `orders_products` (`id`, `order_id`, `products_category_id`, `product_id`, `count`, `created_at`, `updated_at`) VALUES (42, 111, 1, 8, 3, '2012-11-05 14:35:43', '2012-01-14 03:58:28');
INSERT INTO `orders_products` (`id`, `order_id`, `products_category_id`, `product_id`, `count`, `created_at`, `updated_at`) VALUES (43, 159, 2, 5, 4, '2020-06-20 13:25:01', '2016-08-21 05:30:19');
INSERT INTO `orders_products` (`id`, `order_id`, `products_category_id`, `product_id`, `count`, `created_at`, `updated_at`) VALUES (44, 99, 1, 3, 4, '2018-06-26 03:21:32', '2012-01-16 02:34:16');
INSERT INTO `orders_products` (`id`, `order_id`, `products_category_id`, `product_id`, `count`, `created_at`, `updated_at`) VALUES (45, 85, 2, 5, 3, '2017-12-07 07:04:28', '2021-01-25 13:41:59');
INSERT INTO `orders_products` (`id`, `order_id`, `products_category_id`, `product_id`, `count`, `created_at`, `updated_at`) VALUES (46, 45, 2, 4, 1, '2013-01-20 14:13:09', '2012-12-09 05:11:34');
INSERT INTO `orders_products` (`id`, `order_id`, `products_category_id`, `product_id`, `count`, `created_at`, `updated_at`) VALUES (47, 60, 2, 2, 1, '2017-09-04 20:20:56', '2015-04-25 11:59:23');
INSERT INTO `orders_products` (`id`, `order_id`, `products_category_id`, `product_id`, `count`, `created_at`, `updated_at`) VALUES (48, 50, 2, 5, 3, '2017-11-17 09:38:13', '2018-08-17 03:07:42');
INSERT INTO `orders_products` (`id`, `order_id`, `products_category_id`, `product_id`, `count`, `created_at`, `updated_at`) VALUES (49, 38, 2, 8, 2, '2018-08-03 09:16:29', '2012-04-23 13:52:54');
INSERT INTO `orders_products` (`id`, `order_id`, `products_category_id`, `product_id`, `count`, `created_at`, `updated_at`) VALUES (50, 114, 1, 1, 2, '2015-04-11 05:45:09', '2013-04-21 22:40:00');
INSERT INTO `orders_products` (`id`, `order_id`, `products_category_id`, `product_id`, `count`, `created_at`, `updated_at`) VALUES (51, 246, 2, 5, 2, '2017-03-29 14:44:43', '2017-09-09 10:30:39');
INSERT INTO `orders_products` (`id`, `order_id`, `products_category_id`, `product_id`, `count`, `created_at`, `updated_at`) VALUES (52, 76, 2, 6, 3, '2020-07-04 01:23:11', '2012-02-22 15:26:24');
INSERT INTO `orders_products` (`id`, `order_id`, `products_category_id`, `product_id`, `count`, `created_at`, `updated_at`) VALUES (53, 103, 2, 1, 3, '2019-01-11 11:45:43', '2012-09-14 14:30:26');
INSERT INTO `orders_products` (`id`, `order_id`, `products_category_id`, `product_id`, `count`, `created_at`, `updated_at`) VALUES (54, 128, 1, 1, 3, '2014-08-21 14:50:28', '2020-03-08 06:39:25');
INSERT INTO `orders_products` (`id`, `order_id`, `products_category_id`, `product_id`, `count`, `created_at`, `updated_at`) VALUES (55, 57, 2, 8, 4, '2013-12-17 08:27:41', '2015-10-28 16:58:01');
INSERT INTO `orders_products` (`id`, `order_id`, `products_category_id`, `product_id`, `count`, `created_at`, `updated_at`) VALUES (56, 164, 2, 1, 3, '2017-03-25 21:08:23', '2016-12-25 11:36:21');
INSERT INTO `orders_products` (`id`, `order_id`, `products_category_id`, `product_id`, `count`, `created_at`, `updated_at`) VALUES (57, 8, 1, 3, 1, '2015-08-21 21:58:46', '2020-02-04 15:29:34');
INSERT INTO `orders_products` (`id`, `order_id`, `products_category_id`, `product_id`, `count`, `created_at`, `updated_at`) VALUES (58, 130, 2, 7, 3, '2021-02-19 02:54:35', '2013-01-11 01:43:16');
INSERT INTO `orders_products` (`id`, `order_id`, `products_category_id`, `product_id`, `count`, `created_at`, `updated_at`) VALUES (59, 69, 2, 9, 2, '2018-01-28 00:47:13', '2020-07-03 13:05:14');
INSERT INTO `orders_products` (`id`, `order_id`, `products_category_id`, `product_id`, `count`, `created_at`, `updated_at`) VALUES (60, 99, 1, 4, 4, '2020-12-30 06:22:04', '2011-04-04 14:06:28');
INSERT INTO `orders_products` (`id`, `order_id`, `products_category_id`, `product_id`, `count`, `created_at`, `updated_at`) VALUES (61, 101, 2, 9, 4, '2012-05-28 14:09:28', '2018-07-25 13:26:20');
INSERT INTO `orders_products` (`id`, `order_id`, `products_category_id`, `product_id`, `count`, `created_at`, `updated_at`) VALUES (62, 15, 1, 5, 2, '2013-12-30 13:33:36', '2012-09-29 22:46:57');
INSERT INTO `orders_products` (`id`, `order_id`, `products_category_id`, `product_id`, `count`, `created_at`, `updated_at`) VALUES (63, 60, 2, 9, 2, '2019-03-14 07:51:58', '2015-06-07 22:13:54');
INSERT INTO `orders_products` (`id`, `order_id`, `products_category_id`, `product_id`, `count`, `created_at`, `updated_at`) VALUES (64, 156, 1, 7, 4, '2017-02-23 08:35:48', '2017-10-26 08:32:52');
INSERT INTO `orders_products` (`id`, `order_id`, `products_category_id`, `product_id`, `count`, `created_at`, `updated_at`) VALUES (65, 199, 1, 6, 3, '2018-03-19 15:33:07', '2011-11-25 01:39:13');
INSERT INTO `orders_products` (`id`, `order_id`, `products_category_id`, `product_id`, `count`, `created_at`, `updated_at`) VALUES (66, 264, 2, 6, 2, '2016-09-21 23:20:56', '2015-10-06 05:25:53');
INSERT INTO `orders_products` (`id`, `order_id`, `products_category_id`, `product_id`, `count`, `created_at`, `updated_at`) VALUES (67, 135, 1, 7, 3, '2020-08-04 02:20:09', '2015-05-14 11:33:14');
INSERT INTO `orders_products` (`id`, `order_id`, `products_category_id`, `product_id`, `count`, `created_at`, `updated_at`) VALUES (68, 8, 1, 2, 2, '2013-03-21 21:01:38', '2017-10-13 15:19:41');
INSERT INTO `orders_products` (`id`, `order_id`, `products_category_id`, `product_id`, `count`, `created_at`, `updated_at`) VALUES (69, 296, 1, 8, 3, '2015-09-12 14:24:23', '2019-06-24 05:29:42');
INSERT INTO `orders_products` (`id`, `order_id`, `products_category_id`, `product_id`, `count`, `created_at`, `updated_at`) VALUES (70, 244, 2, 1, 4, '2021-02-22 19:18:44', '2012-08-11 17:00:36');
INSERT INTO `orders_products` (`id`, `order_id`, `products_category_id`, `product_id`, `count`, `created_at`, `updated_at`) VALUES (71, 118, 2, 4, 4, '2017-09-30 11:43:23', '2019-09-23 15:10:11');
INSERT INTO `orders_products` (`id`, `order_id`, `products_category_id`, `product_id`, `count`, `created_at`, `updated_at`) VALUES (72, 94, 1, 5, 1, '2011-09-12 23:33:28', '2018-12-10 02:25:02');
INSERT INTO `orders_products` (`id`, `order_id`, `products_category_id`, `product_id`, `count`, `created_at`, `updated_at`) VALUES (73, 100, 1, 3, 2, '2015-08-23 09:40:35', '2013-08-19 16:25:56');
INSERT INTO `orders_products` (`id`, `order_id`, `products_category_id`, `product_id`, `count`, `created_at`, `updated_at`) VALUES (74, 28, 2, 2, 4, '2017-02-02 15:22:41', '2011-08-04 08:38:03');
INSERT INTO `orders_products` (`id`, `order_id`, `products_category_id`, `product_id`, `count`, `created_at`, `updated_at`) VALUES (75, 35, 1, 9, 2, '2011-03-20 10:46:39', '2020-07-15 16:31:52');
INSERT INTO `orders_products` (`id`, `order_id`, `products_category_id`, `product_id`, `count`, `created_at`, `updated_at`) VALUES (76, 115, 2, 8, 4, '2011-06-21 03:37:06', '2014-02-12 02:58:06');
INSERT INTO `orders_products` (`id`, `order_id`, `products_category_id`, `product_id`, `count`, `created_at`, `updated_at`) VALUES (77, 49, 1, 1, 4, '2014-11-17 05:02:17', '2012-04-03 05:44:38');
INSERT INTO `orders_products` (`id`, `order_id`, `products_category_id`, `product_id`, `count`, `created_at`, `updated_at`) VALUES (78, 29, 1, 4, 3, '2018-08-24 02:09:27', '2018-08-27 08:29:33');
INSERT INTO `orders_products` (`id`, `order_id`, `products_category_id`, `product_id`, `count`, `created_at`, `updated_at`) VALUES (79, 50, 1, 3, 1, '2019-01-01 08:29:19', '2014-11-10 09:59:38');
INSERT INTO `orders_products` (`id`, `order_id`, `products_category_id`, `product_id`, `count`, `created_at`, `updated_at`) VALUES (80, 4, 2, 3, 2, '2013-06-30 14:53:37', '2019-06-25 04:58:49');
INSERT INTO `orders_products` (`id`, `order_id`, `products_category_id`, `product_id`, `count`, `created_at`, `updated_at`) VALUES (81, 279, 1, 2, 4, '2014-06-09 15:26:15', '2012-12-19 14:34:50');
INSERT INTO `orders_products` (`id`, `order_id`, `products_category_id`, `product_id`, `count`, `created_at`, `updated_at`) VALUES (82, 38, 2, 2, 4, '2011-05-07 09:03:00', '2011-12-01 00:32:49');
INSERT INTO `orders_products` (`id`, `order_id`, `products_category_id`, `product_id`, `count`, `created_at`, `updated_at`) VALUES (83, 96, 2, 9, 1, '2016-08-31 01:25:55', '2016-09-25 10:22:14');
INSERT INTO `orders_products` (`id`, `order_id`, `products_category_id`, `product_id`, `count`, `created_at`, `updated_at`) VALUES (84, 220, 2, 3, 2, '2017-01-17 05:08:18', '2020-08-21 21:59:07');
INSERT INTO `orders_products` (`id`, `order_id`, `products_category_id`, `product_id`, `count`, `created_at`, `updated_at`) VALUES (85, 216, 1, 4, 2, '2020-11-10 03:43:28', '2020-03-01 01:46:23');
INSERT INTO `orders_products` (`id`, `order_id`, `products_category_id`, `product_id`, `count`, `created_at`, `updated_at`) VALUES (86, 126, 2, 8, 1, '2011-12-19 07:40:47', '2015-11-27 18:21:22');
INSERT INTO `orders_products` (`id`, `order_id`, `products_category_id`, `product_id`, `count`, `created_at`, `updated_at`) VALUES (87, 196, 1, 9, 3, '2019-04-24 19:33:27', '2014-10-09 01:06:30');
INSERT INTO `orders_products` (`id`, `order_id`, `products_category_id`, `product_id`, `count`, `created_at`, `updated_at`) VALUES (88, 88, 2, 8, 4, '2011-07-12 18:07:48', '2018-07-14 14:18:41');
INSERT INTO `orders_products` (`id`, `order_id`, `products_category_id`, `product_id`, `count`, `created_at`, `updated_at`) VALUES (89, 3, 2, 5, 1, '2021-02-02 09:34:39', '2016-12-04 11:32:04');
INSERT INTO `orders_products` (`id`, `order_id`, `products_category_id`, `product_id`, `count`, `created_at`, `updated_at`) VALUES (90, 300, 1, 9, 4, '2019-04-23 15:31:13', '2013-02-17 16:12:08');
INSERT INTO `orders_products` (`id`, `order_id`, `products_category_id`, `product_id`, `count`, `created_at`, `updated_at`) VALUES (91, 1, 1, 1, 4, '2021-02-01 19:23:21', '2014-03-10 15:01:39');
INSERT INTO `orders_products` (`id`, `order_id`, `products_category_id`, `product_id`, `count`, `created_at`, `updated_at`) VALUES (92, 127, 2, 5, 2, '2018-03-09 02:21:19', '2011-09-20 03:06:07');
INSERT INTO `orders_products` (`id`, `order_id`, `products_category_id`, `product_id`, `count`, `created_at`, `updated_at`) VALUES (93, 142, 2, 9, 3, '2019-07-17 16:27:01', '2012-05-02 06:50:15');
INSERT INTO `orders_products` (`id`, `order_id`, `products_category_id`, `product_id`, `count`, `created_at`, `updated_at`) VALUES (94, 89, 1, 2, 1, '2018-02-04 12:39:35', '2016-06-16 23:17:08');
INSERT INTO `orders_products` (`id`, `order_id`, `products_category_id`, `product_id`, `count`, `created_at`, `updated_at`) VALUES (95, 219, 1, 5, 1, '2014-01-04 14:20:49', '2017-09-14 09:25:37');
INSERT INTO `orders_products` (`id`, `order_id`, `products_category_id`, `product_id`, `count`, `created_at`, `updated_at`) VALUES (96, 164, 2, 9, 3, '2014-06-21 04:17:20', '2011-11-08 04:45:03');
INSERT INTO `orders_products` (`id`, `order_id`, `products_category_id`, `product_id`, `count`, `created_at`, `updated_at`) VALUES (97, 139, 1, 9, 1, '2013-07-03 03:53:03', '2018-10-23 18:12:03');
INSERT INTO `orders_products` (`id`, `order_id`, `products_category_id`, `product_id`, `count`, `created_at`, `updated_at`) VALUES (98, 236, 1, 3, 4, '2013-11-01 03:29:52', '2011-05-03 04:22:52');
INSERT INTO `orders_products` (`id`, `order_id`, `products_category_id`, `product_id`, `count`, `created_at`, `updated_at`) VALUES (99, 91, 2, 6, 2, '2017-09-07 19:48:23', '2013-06-17 10:56:26');
INSERT INTO `orders_products` (`id`, `order_id`, `products_category_id`, `product_id`, `count`, `created_at`, `updated_at`) VALUES (100, 68, 1, 5, 2, '2012-12-10 22:16:10', '2019-09-07 07:01:21');
INSERT INTO `orders_products` (`id`, `order_id`, `products_category_id`, `product_id`, `count`, `created_at`, `updated_at`) VALUES (101, 58, 1, 4, 1, '2020-10-20 16:21:58', '2016-06-17 19:46:53');
INSERT INTO `orders_products` (`id`, `order_id`, `products_category_id`, `product_id`, `count`, `created_at`, `updated_at`) VALUES (102, 254, 1, 3, 2, '2015-01-08 08:17:32', '2014-11-30 11:05:36');
INSERT INTO `orders_products` (`id`, `order_id`, `products_category_id`, `product_id`, `count`, `created_at`, `updated_at`) VALUES (103, 196, 1, 3, 2, '2017-08-08 06:23:12', '2021-01-11 15:08:33');
INSERT INTO `orders_products` (`id`, `order_id`, `products_category_id`, `product_id`, `count`, `created_at`, `updated_at`) VALUES (104, 220, 2, 3, 1, '2014-05-04 13:40:55', '2021-02-21 06:50:58');
INSERT INTO `orders_products` (`id`, `order_id`, `products_category_id`, `product_id`, `count`, `created_at`, `updated_at`) VALUES (105, 114, 1, 9, 1, '2016-07-23 13:38:45', '2018-11-05 20:01:40');
INSERT INTO `orders_products` (`id`, `order_id`, `products_category_id`, `product_id`, `count`, `created_at`, `updated_at`) VALUES (106, 233, 2, 8, 1, '2012-10-22 03:47:59', '2018-12-07 19:46:24');
INSERT INTO `orders_products` (`id`, `order_id`, `products_category_id`, `product_id`, `count`, `created_at`, `updated_at`) VALUES (107, 122, 1, 5, 3, '2019-03-19 13:06:47', '2012-02-24 06:37:16');
INSERT INTO `orders_products` (`id`, `order_id`, `products_category_id`, `product_id`, `count`, `created_at`, `updated_at`) VALUES (108, 260, 2, 9, 4, '2014-03-22 17:21:05', '2020-04-17 21:41:55');
INSERT INTO `orders_products` (`id`, `order_id`, `products_category_id`, `product_id`, `count`, `created_at`, `updated_at`) VALUES (109, 193, 1, 3, 1, '2018-03-03 19:37:30', '2014-03-13 03:17:13');
INSERT INTO `orders_products` (`id`, `order_id`, `products_category_id`, `product_id`, `count`, `created_at`, `updated_at`) VALUES (110, 295, 2, 9, 4, '2019-03-28 04:54:24', '2019-05-22 05:13:53');
INSERT INTO `orders_products` (`id`, `order_id`, `products_category_id`, `product_id`, `count`, `created_at`, `updated_at`) VALUES (111, 287, 1, 2, 1, '2013-11-24 09:11:07', '2012-02-10 20:54:32');
INSERT INTO `orders_products` (`id`, `order_id`, `products_category_id`, `product_id`, `count`, `created_at`, `updated_at`) VALUES (112, 125, 2, 1, 1, '2019-05-27 17:52:46', '2012-05-30 22:15:44');
INSERT INTO `orders_products` (`id`, `order_id`, `products_category_id`, `product_id`, `count`, `created_at`, `updated_at`) VALUES (113, 289, 2, 4, 4, '2017-02-07 04:55:07', '2017-09-17 03:33:50');
INSERT INTO `orders_products` (`id`, `order_id`, `products_category_id`, `product_id`, `count`, `created_at`, `updated_at`) VALUES (114, 29, 2, 1, 1, '2018-10-28 02:30:09', '2017-12-07 21:31:38');
INSERT INTO `orders_products` (`id`, `order_id`, `products_category_id`, `product_id`, `count`, `created_at`, `updated_at`) VALUES (115, 240, 2, 6, 2, '2021-01-17 09:45:03', '2020-10-09 00:45:02');
INSERT INTO `orders_products` (`id`, `order_id`, `products_category_id`, `product_id`, `count`, `created_at`, `updated_at`) VALUES (116, 103, 2, 8, 1, '2013-06-08 00:39:15', '2016-02-25 09:59:25');
INSERT INTO `orders_products` (`id`, `order_id`, `products_category_id`, `product_id`, `count`, `created_at`, `updated_at`) VALUES (117, 278, 2, 7, 4, '2020-01-25 23:36:53', '2013-10-11 23:48:37');
INSERT INTO `orders_products` (`id`, `order_id`, `products_category_id`, `product_id`, `count`, `created_at`, `updated_at`) VALUES (118, 235, 1, 7, 4, '2012-03-22 16:54:16', '2012-07-07 12:18:09');
INSERT INTO `orders_products` (`id`, `order_id`, `products_category_id`, `product_id`, `count`, `created_at`, `updated_at`) VALUES (119, 232, 2, 2, 2, '2012-07-09 10:56:09', '2017-04-21 15:20:26');
INSERT INTO `orders_products` (`id`, `order_id`, `products_category_id`, `product_id`, `count`, `created_at`, `updated_at`) VALUES (120, 281, 1, 5, 4, '2013-01-03 05:36:58', '2019-02-09 16:54:57');
INSERT INTO `orders_products` (`id`, `order_id`, `products_category_id`, `product_id`, `count`, `created_at`, `updated_at`) VALUES (121, 103, 2, 7, 1, '2015-11-04 14:26:05', '2020-07-11 20:44:56');
INSERT INTO `orders_products` (`id`, `order_id`, `products_category_id`, `product_id`, `count`, `created_at`, `updated_at`) VALUES (122, 7, 2, 9, 1, '2020-04-18 01:04:31', '2020-03-26 02:39:51');
INSERT INTO `orders_products` (`id`, `order_id`, `products_category_id`, `product_id`, `count`, `created_at`, `updated_at`) VALUES (123, 79, 1, 2, 1, '2013-12-11 04:46:11', '2014-10-24 12:18:17');
INSERT INTO `orders_products` (`id`, `order_id`, `products_category_id`, `product_id`, `count`, `created_at`, `updated_at`) VALUES (124, 139, 2, 9, 4, '2011-09-24 20:30:14', '2015-10-10 02:13:32');
INSERT INTO `orders_products` (`id`, `order_id`, `products_category_id`, `product_id`, `count`, `created_at`, `updated_at`) VALUES (125, 83, 2, 4, 2, '2018-07-31 05:26:43', '2012-01-25 12:19:58');
INSERT INTO `orders_products` (`id`, `order_id`, `products_category_id`, `product_id`, `count`, `created_at`, `updated_at`) VALUES (126, 217, 1, 3, 1, '2018-03-11 01:21:28', '2015-11-28 00:40:14');
INSERT INTO `orders_products` (`id`, `order_id`, `products_category_id`, `product_id`, `count`, `created_at`, `updated_at`) VALUES (127, 176, 2, 7, 1, '2016-07-09 14:28:33', '2018-08-14 21:17:44');
INSERT INTO `orders_products` (`id`, `order_id`, `products_category_id`, `product_id`, `count`, `created_at`, `updated_at`) VALUES (128, 69, 1, 1, 1, '2017-02-10 23:01:00', '2015-11-04 14:52:43');
INSERT INTO `orders_products` (`id`, `order_id`, `products_category_id`, `product_id`, `count`, `created_at`, `updated_at`) VALUES (129, 264, 2, 7, 1, '2013-05-26 00:09:05', '2012-09-18 07:21:08');
INSERT INTO `orders_products` (`id`, `order_id`, `products_category_id`, `product_id`, `count`, `created_at`, `updated_at`) VALUES (130, 297, 2, 4, 2, '2014-05-07 05:20:19', '2020-12-02 16:36:20');
INSERT INTO `orders_products` (`id`, `order_id`, `products_category_id`, `product_id`, `count`, `created_at`, `updated_at`) VALUES (131, 72, 1, 2, 4, '2017-09-22 04:29:38', '2018-05-31 07:53:24');
INSERT INTO `orders_products` (`id`, `order_id`, `products_category_id`, `product_id`, `count`, `created_at`, `updated_at`) VALUES (132, 19, 2, 3, 3, '2015-05-04 04:43:49', '2016-03-20 03:09:42');
INSERT INTO `orders_products` (`id`, `order_id`, `products_category_id`, `product_id`, `count`, `created_at`, `updated_at`) VALUES (133, 67, 1, 1, 4, '2014-03-13 15:39:28', '2019-09-12 23:12:31');
INSERT INTO `orders_products` (`id`, `order_id`, `products_category_id`, `product_id`, `count`, `created_at`, `updated_at`) VALUES (134, 261, 1, 6, 1, '2012-11-06 09:44:27', '2016-07-17 14:04:15');
INSERT INTO `orders_products` (`id`, `order_id`, `products_category_id`, `product_id`, `count`, `created_at`, `updated_at`) VALUES (135, 229, 2, 8, 1, '2015-08-01 08:45:41', '2013-01-10 11:22:47');
INSERT INTO `orders_products` (`id`, `order_id`, `products_category_id`, `product_id`, `count`, `created_at`, `updated_at`) VALUES (136, 22, 1, 5, 3, '2017-03-19 20:09:51', '2013-07-23 05:57:53');
INSERT INTO `orders_products` (`id`, `order_id`, `products_category_id`, `product_id`, `count`, `created_at`, `updated_at`) VALUES (137, 89, 2, 9, 2, '2014-03-26 17:39:02', '2013-05-07 02:45:35');
INSERT INTO `orders_products` (`id`, `order_id`, `products_category_id`, `product_id`, `count`, `created_at`, `updated_at`) VALUES (138, 230, 2, 7, 2, '2019-02-20 13:26:00', '2020-01-13 19:46:36');
INSERT INTO `orders_products` (`id`, `order_id`, `products_category_id`, `product_id`, `count`, `created_at`, `updated_at`) VALUES (139, 266, 2, 3, 1, '2016-04-28 21:13:29', '2011-04-19 11:10:58');
INSERT INTO `orders_products` (`id`, `order_id`, `products_category_id`, `product_id`, `count`, `created_at`, `updated_at`) VALUES (140, 114, 2, 5, 2, '2016-09-05 21:09:41', '2013-10-04 16:27:47');
INSERT INTO `orders_products` (`id`, `order_id`, `products_category_id`, `product_id`, `count`, `created_at`, `updated_at`) VALUES (141, 72, 2, 3, 3, '2020-11-18 20:12:28', '2018-01-01 22:33:43');
INSERT INTO `orders_products` (`id`, `order_id`, `products_category_id`, `product_id`, `count`, `created_at`, `updated_at`) VALUES (142, 4, 2, 4, 2, '2011-08-16 04:31:13', '2016-04-09 16:47:04');
INSERT INTO `orders_products` (`id`, `order_id`, `products_category_id`, `product_id`, `count`, `created_at`, `updated_at`) VALUES (143, 70, 1, 8, 2, '2019-02-14 02:44:13', '2020-06-20 08:41:48');
INSERT INTO `orders_products` (`id`, `order_id`, `products_category_id`, `product_id`, `count`, `created_at`, `updated_at`) VALUES (144, 191, 1, 5, 1, '2017-12-27 07:38:41', '2018-10-05 05:03:05');
INSERT INTO `orders_products` (`id`, `order_id`, `products_category_id`, `product_id`, `count`, `created_at`, `updated_at`) VALUES (145, 252, 2, 6, 1, '2018-12-26 15:10:42', '2012-08-08 14:11:00');
INSERT INTO `orders_products` (`id`, `order_id`, `products_category_id`, `product_id`, `count`, `created_at`, `updated_at`) VALUES (146, 264, 2, 7, 1, '2016-12-15 16:22:26', '2011-06-02 15:46:53');
INSERT INTO `orders_products` (`id`, `order_id`, `products_category_id`, `product_id`, `count`, `created_at`, `updated_at`) VALUES (147, 160, 1, 8, 2, '2014-01-17 09:19:58', '2018-01-16 11:55:34');
INSERT INTO `orders_products` (`id`, `order_id`, `products_category_id`, `product_id`, `count`, `created_at`, `updated_at`) VALUES (148, 156, 1, 7, 4, '2016-06-06 15:25:42', '2014-03-07 21:21:18');
INSERT INTO `orders_products` (`id`, `order_id`, `products_category_id`, `product_id`, `count`, `created_at`, `updated_at`) VALUES (149, 29, 1, 1, 1, '2018-02-15 07:44:22', '2017-09-30 13:26:29');
INSERT INTO `orders_products` (`id`, `order_id`, `products_category_id`, `product_id`, `count`, `created_at`, `updated_at`) VALUES (150, 26, 1, 3, 1, '2016-01-30 09:23:14', '2013-11-27 01:06:15');
INSERT INTO `orders_products` (`id`, `order_id`, `products_category_id`, `product_id`, `count`, `created_at`, `updated_at`) VALUES (151, 117, 2, 8, 1, '2020-05-24 09:45:38', '2015-09-27 17:51:23');
INSERT INTO `orders_products` (`id`, `order_id`, `products_category_id`, `product_id`, `count`, `created_at`, `updated_at`) VALUES (152, 24, 1, 8, 1, '2017-03-13 18:39:25', '2012-02-10 07:03:18');
INSERT INTO `orders_products` (`id`, `order_id`, `products_category_id`, `product_id`, `count`, `created_at`, `updated_at`) VALUES (153, 170, 1, 5, 2, '2019-09-25 12:57:10', '2018-09-12 03:10:45');
INSERT INTO `orders_products` (`id`, `order_id`, `products_category_id`, `product_id`, `count`, `created_at`, `updated_at`) VALUES (154, 50, 2, 9, 3, '2018-07-19 18:27:45', '2018-09-08 18:00:39');
INSERT INTO `orders_products` (`id`, `order_id`, `products_category_id`, `product_id`, `count`, `created_at`, `updated_at`) VALUES (155, 216, 2, 9, 2, '2016-10-10 21:56:21', '2020-12-06 00:27:01');
INSERT INTO `orders_products` (`id`, `order_id`, `products_category_id`, `product_id`, `count`, `created_at`, `updated_at`) VALUES (156, 169, 2, 6, 4, '2015-04-17 14:15:56', '2018-04-19 02:49:58');
INSERT INTO `orders_products` (`id`, `order_id`, `products_category_id`, `product_id`, `count`, `created_at`, `updated_at`) VALUES (157, 252, 1, 7, 4, '2016-12-06 08:26:24', '2017-01-19 05:19:58');
INSERT INTO `orders_products` (`id`, `order_id`, `products_category_id`, `product_id`, `count`, `created_at`, `updated_at`) VALUES (158, 266, 2, 8, 4, '2020-02-09 18:44:41', '2014-07-21 18:11:33');
INSERT INTO `orders_products` (`id`, `order_id`, `products_category_id`, `product_id`, `count`, `created_at`, `updated_at`) VALUES (159, 228, 2, 8, 4, '2013-08-26 03:13:55', '2015-07-05 18:18:55');
INSERT INTO `orders_products` (`id`, `order_id`, `products_category_id`, `product_id`, `count`, `created_at`, `updated_at`) VALUES (160, 106, 2, 9, 4, '2011-09-26 04:19:35', '2020-04-14 02:14:47');
INSERT INTO `orders_products` (`id`, `order_id`, `products_category_id`, `product_id`, `count`, `created_at`, `updated_at`) VALUES (161, 125, 1, 1, 1, '2020-04-26 03:10:15', '2016-10-22 01:18:24');
INSERT INTO `orders_products` (`id`, `order_id`, `products_category_id`, `product_id`, `count`, `created_at`, `updated_at`) VALUES (162, 54, 1, 4, 4, '2017-06-06 00:19:50', '2011-06-09 17:09:49');
INSERT INTO `orders_products` (`id`, `order_id`, `products_category_id`, `product_id`, `count`, `created_at`, `updated_at`) VALUES (163, 127, 2, 3, 3, '2012-06-27 13:57:12', '2011-06-16 05:17:27');
INSERT INTO `orders_products` (`id`, `order_id`, `products_category_id`, `product_id`, `count`, `created_at`, `updated_at`) VALUES (164, 132, 2, 7, 1, '2014-02-13 11:11:08', '2017-11-28 17:53:34');
INSERT INTO `orders_products` (`id`, `order_id`, `products_category_id`, `product_id`, `count`, `created_at`, `updated_at`) VALUES (165, 239, 2, 9, 2, '2015-06-18 01:09:02', '2019-12-11 09:00:36');
INSERT INTO `orders_products` (`id`, `order_id`, `products_category_id`, `product_id`, `count`, `created_at`, `updated_at`) VALUES (166, 7, 1, 4, 3, '2013-10-04 02:05:00', '2016-05-20 10:34:31');
INSERT INTO `orders_products` (`id`, `order_id`, `products_category_id`, `product_id`, `count`, `created_at`, `updated_at`) VALUES (167, 54, 1, 7, 4, '2019-07-20 15:03:36', '2012-06-02 09:54:49');
INSERT INTO `orders_products` (`id`, `order_id`, `products_category_id`, `product_id`, `count`, `created_at`, `updated_at`) VALUES (168, 5, 1, 8, 2, '2019-05-29 06:19:57', '2013-05-12 08:37:18');
INSERT INTO `orders_products` (`id`, `order_id`, `products_category_id`, `product_id`, `count`, `created_at`, `updated_at`) VALUES (169, 284, 1, 8, 3, '2016-05-22 03:14:44', '2013-04-27 03:16:09');
INSERT INTO `orders_products` (`id`, `order_id`, `products_category_id`, `product_id`, `count`, `created_at`, `updated_at`) VALUES (170, 123, 1, 4, 3, '2013-11-10 09:56:37', '2017-02-24 06:25:46');
INSERT INTO `orders_products` (`id`, `order_id`, `products_category_id`, `product_id`, `count`, `created_at`, `updated_at`) VALUES (171, 5, 2, 2, 4, '2020-03-01 00:30:10', '2011-08-29 04:59:50');
INSERT INTO `orders_products` (`id`, `order_id`, `products_category_id`, `product_id`, `count`, `created_at`, `updated_at`) VALUES (172, 172, 1, 7, 1, '2013-09-29 08:41:38', '2012-03-14 21:25:37');
INSERT INTO `orders_products` (`id`, `order_id`, `products_category_id`, `product_id`, `count`, `created_at`, `updated_at`) VALUES (173, 12, 1, 5, 2, '2018-01-21 19:57:33', '2016-05-27 15:28:29');
INSERT INTO `orders_products` (`id`, `order_id`, `products_category_id`, `product_id`, `count`, `created_at`, `updated_at`) VALUES (174, 74, 2, 6, 4, '2019-04-15 14:00:51', '2014-05-14 22:37:04');
INSERT INTO `orders_products` (`id`, `order_id`, `products_category_id`, `product_id`, `count`, `created_at`, `updated_at`) VALUES (175, 30, 1, 8, 3, '2012-10-28 12:15:50', '2020-10-21 12:30:14');
INSERT INTO `orders_products` (`id`, `order_id`, `products_category_id`, `product_id`, `count`, `created_at`, `updated_at`) VALUES (176, 183, 2, 4, 1, '2013-04-14 09:19:14', '2020-08-30 10:08:21');
INSERT INTO `orders_products` (`id`, `order_id`, `products_category_id`, `product_id`, `count`, `created_at`, `updated_at`) VALUES (177, 167, 2, 5, 2, '2015-09-11 01:04:12', '2020-12-30 15:47:45');
INSERT INTO `orders_products` (`id`, `order_id`, `products_category_id`, `product_id`, `count`, `created_at`, `updated_at`) VALUES (178, 281, 1, 9, 1, '2013-06-14 03:20:12', '2020-05-01 04:08:45');
INSERT INTO `orders_products` (`id`, `order_id`, `products_category_id`, `product_id`, `count`, `created_at`, `updated_at`) VALUES (179, 239, 1, 9, 4, '2018-08-12 16:29:14', '2012-12-25 05:05:33');
INSERT INTO `orders_products` (`id`, `order_id`, `products_category_id`, `product_id`, `count`, `created_at`, `updated_at`) VALUES (180, 112, 2, 3, 3, '2018-05-06 10:40:10', '2019-06-28 14:46:14');
INSERT INTO `orders_products` (`id`, `order_id`, `products_category_id`, `product_id`, `count`, `created_at`, `updated_at`) VALUES (181, 222, 2, 5, 1, '2020-06-14 22:41:49', '2012-04-04 19:32:23');
INSERT INTO `orders_products` (`id`, `order_id`, `products_category_id`, `product_id`, `count`, `created_at`, `updated_at`) VALUES (182, 100, 2, 3, 3, '2011-09-14 19:34:58', '2011-05-29 20:06:31');
INSERT INTO `orders_products` (`id`, `order_id`, `products_category_id`, `product_id`, `count`, `created_at`, `updated_at`) VALUES (183, 277, 2, 3, 1, '2013-05-06 23:22:08', '2018-01-17 17:11:15');
INSERT INTO `orders_products` (`id`, `order_id`, `products_category_id`, `product_id`, `count`, `created_at`, `updated_at`) VALUES (184, 267, 2, 1, 4, '2020-01-20 03:13:29', '2014-04-07 16:28:27');
INSERT INTO `orders_products` (`id`, `order_id`, `products_category_id`, `product_id`, `count`, `created_at`, `updated_at`) VALUES (185, 153, 1, 4, 2, '2016-05-07 17:32:51', '2011-05-25 02:09:57');
INSERT INTO `orders_products` (`id`, `order_id`, `products_category_id`, `product_id`, `count`, `created_at`, `updated_at`) VALUES (186, 261, 1, 5, 1, '2020-05-04 02:04:03', '2017-10-06 05:47:33');
INSERT INTO `orders_products` (`id`, `order_id`, `products_category_id`, `product_id`, `count`, `created_at`, `updated_at`) VALUES (187, 169, 2, 7, 2, '2019-07-19 18:11:19', '2015-09-29 22:06:10');
INSERT INTO `orders_products` (`id`, `order_id`, `products_category_id`, `product_id`, `count`, `created_at`, `updated_at`) VALUES (188, 274, 2, 3, 1, '2020-07-16 00:54:44', '2014-07-05 05:54:24');
INSERT INTO `orders_products` (`id`, `order_id`, `products_category_id`, `product_id`, `count`, `created_at`, `updated_at`) VALUES (189, 137, 1, 9, 2, '2017-10-09 07:14:41', '2014-02-23 16:49:53');
INSERT INTO `orders_products` (`id`, `order_id`, `products_category_id`, `product_id`, `count`, `created_at`, `updated_at`) VALUES (190, 238, 2, 3, 2, '2016-12-29 17:18:18', '2018-02-03 03:40:14');
INSERT INTO `orders_products` (`id`, `order_id`, `products_category_id`, `product_id`, `count`, `created_at`, `updated_at`) VALUES (191, 139, 2, 1, 2, '2018-02-12 22:06:52', '2017-12-06 01:27:24');
INSERT INTO `orders_products` (`id`, `order_id`, `products_category_id`, `product_id`, `count`, `created_at`, `updated_at`) VALUES (192, 180, 1, 2, 4, '2016-03-09 16:54:11', '2018-02-11 20:37:29');
INSERT INTO `orders_products` (`id`, `order_id`, `products_category_id`, `product_id`, `count`, `created_at`, `updated_at`) VALUES (193, 243, 2, 4, 1, '2017-07-01 18:10:59', '2015-02-22 12:51:21');
INSERT INTO `orders_products` (`id`, `order_id`, `products_category_id`, `product_id`, `count`, `created_at`, `updated_at`) VALUES (194, 285, 2, 7, 4, '2016-10-19 06:51:21', '2015-04-25 07:19:40');
INSERT INTO `orders_products` (`id`, `order_id`, `products_category_id`, `product_id`, `count`, `created_at`, `updated_at`) VALUES (195, 114, 1, 6, 2, '2012-09-03 23:59:42', '2017-12-28 21:56:35');
INSERT INTO `orders_products` (`id`, `order_id`, `products_category_id`, `product_id`, `count`, `created_at`, `updated_at`) VALUES (196, 120, 1, 7, 3, '2019-06-21 09:17:14', '2017-03-16 03:39:46');
INSERT INTO `orders_products` (`id`, `order_id`, `products_category_id`, `product_id`, `count`, `created_at`, `updated_at`) VALUES (197, 161, 2, 3, 1, '2014-11-11 13:35:17', '2019-05-07 19:01:48');
INSERT INTO `orders_products` (`id`, `order_id`, `products_category_id`, `product_id`, `count`, `created_at`, `updated_at`) VALUES (198, 172, 1, 5, 4, '2011-10-11 13:06:04', '2012-09-11 22:03:53');
INSERT INTO `orders_products` (`id`, `order_id`, `products_category_id`, `product_id`, `count`, `created_at`, `updated_at`) VALUES (199, 3, 2, 8, 3, '2012-10-22 23:07:01', '2016-04-16 22:27:05');
INSERT INTO `orders_products` (`id`, `order_id`, `products_category_id`, `product_id`, `count`, `created_at`, `updated_at`) VALUES (200, 206, 1, 8, 4, '2013-08-03 09:28:47', '2011-07-17 02:04:03');
INSERT INTO `orders_products` (`id`, `order_id`, `products_category_id`, `product_id`, `count`, `created_at`, `updated_at`) VALUES (201, 66, 1, 4, 1, '2013-07-05 04:11:04', '2020-05-14 16:55:10');
INSERT INTO `orders_products` (`id`, `order_id`, `products_category_id`, `product_id`, `count`, `created_at`, `updated_at`) VALUES (202, 256, 2, 4, 4, '2011-07-02 04:18:12', '2013-06-04 13:38:26');
INSERT INTO `orders_products` (`id`, `order_id`, `products_category_id`, `product_id`, `count`, `created_at`, `updated_at`) VALUES (203, 261, 1, 6, 1, '2011-09-07 10:56:20', '2012-11-29 16:29:33');
INSERT INTO `orders_products` (`id`, `order_id`, `products_category_id`, `product_id`, `count`, `created_at`, `updated_at`) VALUES (204, 202, 1, 4, 1, '2012-06-28 06:09:33', '2016-02-18 16:23:53');
INSERT INTO `orders_products` (`id`, `order_id`, `products_category_id`, `product_id`, `count`, `created_at`, `updated_at`) VALUES (205, 31, 1, 6, 2, '2019-10-21 11:07:30', '2019-11-05 18:12:02');
INSERT INTO `orders_products` (`id`, `order_id`, `products_category_id`, `product_id`, `count`, `created_at`, `updated_at`) VALUES (206, 55, 2, 4, 3, '2011-11-12 08:50:39', '2014-10-10 13:03:39');
INSERT INTO `orders_products` (`id`, `order_id`, `products_category_id`, `product_id`, `count`, `created_at`, `updated_at`) VALUES (207, 94, 2, 7, 4, '2019-10-13 21:13:05', '2020-10-12 03:38:59');
INSERT INTO `orders_products` (`id`, `order_id`, `products_category_id`, `product_id`, `count`, `created_at`, `updated_at`) VALUES (208, 152, 1, 1, 4, '2011-12-04 09:44:27', '2015-01-04 02:58:46');
INSERT INTO `orders_products` (`id`, `order_id`, `products_category_id`, `product_id`, `count`, `created_at`, `updated_at`) VALUES (209, 43, 1, 8, 1, '2017-07-24 10:29:04', '2017-04-09 21:01:13');
INSERT INTO `orders_products` (`id`, `order_id`, `products_category_id`, `product_id`, `count`, `created_at`, `updated_at`) VALUES (210, 143, 1, 8, 3, '2020-08-18 08:15:13', '2012-12-26 16:23:14');
INSERT INTO `orders_products` (`id`, `order_id`, `products_category_id`, `product_id`, `count`, `created_at`, `updated_at`) VALUES (211, 257, 1, 4, 1, '2018-01-08 15:52:06', '2011-07-17 18:09:31');
INSERT INTO `orders_products` (`id`, `order_id`, `products_category_id`, `product_id`, `count`, `created_at`, `updated_at`) VALUES (212, 112, 2, 1, 3, '2017-02-19 16:11:14', '2011-07-20 02:17:43');
INSERT INTO `orders_products` (`id`, `order_id`, `products_category_id`, `product_id`, `count`, `created_at`, `updated_at`) VALUES (213, 89, 1, 8, 1, '2019-01-12 20:26:08', '2013-09-23 01:48:02');
INSERT INTO `orders_products` (`id`, `order_id`, `products_category_id`, `product_id`, `count`, `created_at`, `updated_at`) VALUES (214, 240, 2, 2, 4, '2020-09-27 07:06:11', '2018-07-18 08:12:03');
INSERT INTO `orders_products` (`id`, `order_id`, `products_category_id`, `product_id`, `count`, `created_at`, `updated_at`) VALUES (215, 208, 1, 3, 1, '2017-01-12 13:35:51', '2017-06-09 19:36:27');
INSERT INTO `orders_products` (`id`, `order_id`, `products_category_id`, `product_id`, `count`, `created_at`, `updated_at`) VALUES (216, 184, 1, 6, 1, '2013-08-21 07:56:02', '2019-02-24 07:05:37');
INSERT INTO `orders_products` (`id`, `order_id`, `products_category_id`, `product_id`, `count`, `created_at`, `updated_at`) VALUES (217, 274, 1, 6, 4, '2013-08-20 15:52:32', '2016-08-06 07:43:08');
INSERT INTO `orders_products` (`id`, `order_id`, `products_category_id`, `product_id`, `count`, `created_at`, `updated_at`) VALUES (218, 92, 1, 5, 1, '2013-12-09 03:05:49', '2021-02-19 18:10:54');
INSERT INTO `orders_products` (`id`, `order_id`, `products_category_id`, `product_id`, `count`, `created_at`, `updated_at`) VALUES (219, 189, 2, 1, 4, '2017-07-22 18:08:30', '2020-06-26 04:22:55');
INSERT INTO `orders_products` (`id`, `order_id`, `products_category_id`, `product_id`, `count`, `created_at`, `updated_at`) VALUES (220, 37, 2, 2, 3, '2021-02-14 00:42:57', '2016-08-24 20:47:12');
INSERT INTO `orders_products` (`id`, `order_id`, `products_category_id`, `product_id`, `count`, `created_at`, `updated_at`) VALUES (221, 296, 2, 1, 3, '2018-09-22 07:44:10', '2011-06-07 05:08:13');
INSERT INTO `orders_products` (`id`, `order_id`, `products_category_id`, `product_id`, `count`, `created_at`, `updated_at`) VALUES (222, 4, 2, 4, 3, '2020-10-22 02:40:10', '2019-12-22 21:06:41');
INSERT INTO `orders_products` (`id`, `order_id`, `products_category_id`, `product_id`, `count`, `created_at`, `updated_at`) VALUES (223, 180, 2, 1, 2, '2018-08-25 16:47:36', '2021-01-02 06:39:01');
INSERT INTO `orders_products` (`id`, `order_id`, `products_category_id`, `product_id`, `count`, `created_at`, `updated_at`) VALUES (224, 234, 1, 9, 2, '2020-04-27 06:09:18', '2011-12-01 01:07:18');
INSERT INTO `orders_products` (`id`, `order_id`, `products_category_id`, `product_id`, `count`, `created_at`, `updated_at`) VALUES (225, 279, 1, 5, 4, '2021-03-13 11:29:10', '2011-12-04 19:37:06');
INSERT INTO `orders_products` (`id`, `order_id`, `products_category_id`, `product_id`, `count`, `created_at`, `updated_at`) VALUES (226, 33, 1, 1, 2, '2015-03-09 10:54:33', '2012-12-30 14:59:37');
INSERT INTO `orders_products` (`id`, `order_id`, `products_category_id`, `product_id`, `count`, `created_at`, `updated_at`) VALUES (227, 258, 1, 4, 3, '2013-02-15 04:11:31', '2016-08-03 19:08:02');
INSERT INTO `orders_products` (`id`, `order_id`, `products_category_id`, `product_id`, `count`, `created_at`, `updated_at`) VALUES (228, 217, 2, 6, 4, '2013-05-13 02:47:33', '2017-09-18 11:54:06');
INSERT INTO `orders_products` (`id`, `order_id`, `products_category_id`, `product_id`, `count`, `created_at`, `updated_at`) VALUES (229, 59, 2, 6, 3, '2017-11-16 12:46:06', '2014-07-18 01:13:19');
INSERT INTO `orders_products` (`id`, `order_id`, `products_category_id`, `product_id`, `count`, `created_at`, `updated_at`) VALUES (230, 165, 2, 6, 2, '2016-02-17 10:42:14', '2019-09-02 11:55:26');
INSERT INTO `orders_products` (`id`, `order_id`, `products_category_id`, `product_id`, `count`, `created_at`, `updated_at`) VALUES (231, 122, 2, 6, 2, '2011-10-21 02:53:10', '2018-01-10 20:02:20');
INSERT INTO `orders_products` (`id`, `order_id`, `products_category_id`, `product_id`, `count`, `created_at`, `updated_at`) VALUES (232, 275, 1, 8, 3, '2019-05-14 05:42:07', '2019-03-17 00:32:43');
INSERT INTO `orders_products` (`id`, `order_id`, `products_category_id`, `product_id`, `count`, `created_at`, `updated_at`) VALUES (233, 211, 2, 7, 2, '2018-04-29 03:20:01', '2020-09-07 09:57:46');
INSERT INTO `orders_products` (`id`, `order_id`, `products_category_id`, `product_id`, `count`, `created_at`, `updated_at`) VALUES (234, 242, 2, 9, 1, '2014-08-27 21:33:49', '2020-04-10 18:35:25');
INSERT INTO `orders_products` (`id`, `order_id`, `products_category_id`, `product_id`, `count`, `created_at`, `updated_at`) VALUES (235, 207, 1, 7, 4, '2013-02-25 04:20:13', '2013-04-13 22:36:07');
INSERT INTO `orders_products` (`id`, `order_id`, `products_category_id`, `product_id`, `count`, `created_at`, `updated_at`) VALUES (236, 219, 1, 3, 4, '2017-09-17 07:46:51', '2013-04-29 03:13:50');
INSERT INTO `orders_products` (`id`, `order_id`, `products_category_id`, `product_id`, `count`, `created_at`, `updated_at`) VALUES (237, 88, 1, 6, 3, '2017-12-15 05:25:19', '2017-06-10 23:58:20');
INSERT INTO `orders_products` (`id`, `order_id`, `products_category_id`, `product_id`, `count`, `created_at`, `updated_at`) VALUES (238, 87, 1, 4, 2, '2018-11-26 01:09:48', '2013-03-15 21:28:49');
INSERT INTO `orders_products` (`id`, `order_id`, `products_category_id`, `product_id`, `count`, `created_at`, `updated_at`) VALUES (239, 290, 1, 3, 1, '2017-03-08 11:35:40', '2019-03-08 02:34:53');
INSERT INTO `orders_products` (`id`, `order_id`, `products_category_id`, `product_id`, `count`, `created_at`, `updated_at`) VALUES (240, 244, 2, 7, 3, '2015-01-02 08:27:15', '2014-03-31 10:03:44');
INSERT INTO `orders_products` (`id`, `order_id`, `products_category_id`, `product_id`, `count`, `created_at`, `updated_at`) VALUES (241, 171, 1, 2, 3, '2011-11-14 21:38:59', '2013-10-17 01:56:49');
INSERT INTO `orders_products` (`id`, `order_id`, `products_category_id`, `product_id`, `count`, `created_at`, `updated_at`) VALUES (242, 247, 2, 5, 3, '2015-09-17 22:24:35', '2012-02-12 02:30:36');
INSERT INTO `orders_products` (`id`, `order_id`, `products_category_id`, `product_id`, `count`, `created_at`, `updated_at`) VALUES (243, 55, 1, 5, 1, '2020-03-22 06:14:08', '2013-11-26 21:44:29');
INSERT INTO `orders_products` (`id`, `order_id`, `products_category_id`, `product_id`, `count`, `created_at`, `updated_at`) VALUES (244, 58, 1, 5, 1, '2016-07-31 14:57:37', '2020-07-13 21:58:59');
INSERT INTO `orders_products` (`id`, `order_id`, `products_category_id`, `product_id`, `count`, `created_at`, `updated_at`) VALUES (245, 169, 2, 2, 2, '2021-01-21 20:32:15', '2019-01-31 00:57:59');
INSERT INTO `orders_products` (`id`, `order_id`, `products_category_id`, `product_id`, `count`, `created_at`, `updated_at`) VALUES (246, 225, 2, 5, 3, '2017-01-16 12:59:10', '2011-07-08 03:09:25');
INSERT INTO `orders_products` (`id`, `order_id`, `products_category_id`, `product_id`, `count`, `created_at`, `updated_at`) VALUES (247, 232, 1, 3, 3, '2019-04-12 20:33:08', '2019-08-21 02:08:19');
INSERT INTO `orders_products` (`id`, `order_id`, `products_category_id`, `product_id`, `count`, `created_at`, `updated_at`) VALUES (248, 162, 2, 3, 4, '2019-03-08 14:28:34', '2011-03-15 14:33:35');
INSERT INTO `orders_products` (`id`, `order_id`, `products_category_id`, `product_id`, `count`, `created_at`, `updated_at`) VALUES (249, 4, 1, 6, 1, '2016-09-14 21:35:10', '2012-11-22 06:09:43');
INSERT INTO `orders_products` (`id`, `order_id`, `products_category_id`, `product_id`, `count`, `created_at`, `updated_at`) VALUES (250, 161, 1, 7, 3, '2021-01-01 00:48:05', '2011-09-14 15:20:29');
INSERT INTO `orders_products` (`id`, `order_id`, `products_category_id`, `product_id`, `count`, `created_at`, `updated_at`) VALUES (251, 260, 1, 8, 4, '2015-08-14 01:03:55', '2019-11-21 20:36:21');
INSERT INTO `orders_products` (`id`, `order_id`, `products_category_id`, `product_id`, `count`, `created_at`, `updated_at`) VALUES (252, 110, 2, 7, 3, '2021-03-06 21:53:14', '2012-10-28 00:26:01');
INSERT INTO `orders_products` (`id`, `order_id`, `products_category_id`, `product_id`, `count`, `created_at`, `updated_at`) VALUES (253, 137, 1, 7, 1, '2017-03-15 13:35:41', '2015-02-11 14:07:42');
INSERT INTO `orders_products` (`id`, `order_id`, `products_category_id`, `product_id`, `count`, `created_at`, `updated_at`) VALUES (254, 8, 1, 4, 3, '2011-08-24 22:50:23', '2018-06-30 12:13:39');
INSERT INTO `orders_products` (`id`, `order_id`, `products_category_id`, `product_id`, `count`, `created_at`, `updated_at`) VALUES (255, 166, 2, 6, 2, '2019-09-18 16:48:28', '2014-10-03 09:09:21');
INSERT INTO `orders_products` (`id`, `order_id`, `products_category_id`, `product_id`, `count`, `created_at`, `updated_at`) VALUES (256, 166, 2, 1, 2, '2013-08-01 18:25:39', '2020-03-13 05:49:18');
INSERT INTO `orders_products` (`id`, `order_id`, `products_category_id`, `product_id`, `count`, `created_at`, `updated_at`) VALUES (257, 247, 1, 2, 3, '2019-02-09 09:55:37', '2020-10-31 13:38:57');
INSERT INTO `orders_products` (`id`, `order_id`, `products_category_id`, `product_id`, `count`, `created_at`, `updated_at`) VALUES (258, 10, 1, 3, 2, '2012-12-27 19:53:31', '2018-10-06 06:56:08');
INSERT INTO `orders_products` (`id`, `order_id`, `products_category_id`, `product_id`, `count`, `created_at`, `updated_at`) VALUES (259, 198, 2, 7, 4, '2013-10-31 23:37:00', '2015-01-07 21:38:29');
INSERT INTO `orders_products` (`id`, `order_id`, `products_category_id`, `product_id`, `count`, `created_at`, `updated_at`) VALUES (260, 224, 2, 3, 1, '2011-05-27 10:34:10', '2017-08-29 03:08:45');
INSERT INTO `orders_products` (`id`, `order_id`, `products_category_id`, `product_id`, `count`, `created_at`, `updated_at`) VALUES (261, 241, 1, 6, 3, '2013-05-18 01:19:09', '2020-05-19 02:07:50');
INSERT INTO `orders_products` (`id`, `order_id`, `products_category_id`, `product_id`, `count`, `created_at`, `updated_at`) VALUES (262, 73, 1, 2, 2, '2013-10-01 23:59:56', '2013-10-28 10:37:47');
INSERT INTO `orders_products` (`id`, `order_id`, `products_category_id`, `product_id`, `count`, `created_at`, `updated_at`) VALUES (263, 51, 1, 4, 3, '2020-02-19 00:54:33', '2019-06-29 15:31:12');
INSERT INTO `orders_products` (`id`, `order_id`, `products_category_id`, `product_id`, `count`, `created_at`, `updated_at`) VALUES (264, 217, 1, 7, 3, '2019-06-23 20:56:02', '2016-04-13 23:03:09');
INSERT INTO `orders_products` (`id`, `order_id`, `products_category_id`, `product_id`, `count`, `created_at`, `updated_at`) VALUES (265, 283, 2, 4, 2, '2011-11-07 07:57:43', '2013-05-29 11:21:23');
INSERT INTO `orders_products` (`id`, `order_id`, `products_category_id`, `product_id`, `count`, `created_at`, `updated_at`) VALUES (266, 2, 2, 4, 1, '2016-08-06 17:25:01', '2019-05-18 07:46:10');
INSERT INTO `orders_products` (`id`, `order_id`, `products_category_id`, `product_id`, `count`, `created_at`, `updated_at`) VALUES (267, 152, 2, 8, 2, '2020-08-07 08:38:24', '2016-02-29 12:38:22');
INSERT INTO `orders_products` (`id`, `order_id`, `products_category_id`, `product_id`, `count`, `created_at`, `updated_at`) VALUES (268, 29, 2, 7, 3, '2011-12-23 07:49:36', '2012-05-12 22:44:08');
INSERT INTO `orders_products` (`id`, `order_id`, `products_category_id`, `product_id`, `count`, `created_at`, `updated_at`) VALUES (269, 272, 2, 6, 4, '2019-09-17 01:24:47', '2018-06-12 05:27:49');
INSERT INTO `orders_products` (`id`, `order_id`, `products_category_id`, `product_id`, `count`, `created_at`, `updated_at`) VALUES (270, 287, 1, 9, 1, '2020-10-21 17:15:11', '2012-09-01 23:14:43');
INSERT INTO `orders_products` (`id`, `order_id`, `products_category_id`, `product_id`, `count`, `created_at`, `updated_at`) VALUES (271, 111, 2, 9, 2, '2014-10-06 20:09:42', '2013-04-02 20:26:55');
INSERT INTO `orders_products` (`id`, `order_id`, `products_category_id`, `product_id`, `count`, `created_at`, `updated_at`) VALUES (272, 63, 1, 8, 2, '2014-01-04 06:31:44', '2016-06-15 15:19:09');
INSERT INTO `orders_products` (`id`, `order_id`, `products_category_id`, `product_id`, `count`, `created_at`, `updated_at`) VALUES (273, 51, 2, 6, 2, '2018-02-06 02:27:05', '2019-11-07 08:44:05');
INSERT INTO `orders_products` (`id`, `order_id`, `products_category_id`, `product_id`, `count`, `created_at`, `updated_at`) VALUES (274, 148, 2, 5, 1, '2018-10-16 22:20:55', '2020-11-22 14:02:06');
INSERT INTO `orders_products` (`id`, `order_id`, `products_category_id`, `product_id`, `count`, `created_at`, `updated_at`) VALUES (275, 119, 2, 6, 2, '2020-02-16 12:58:30', '2018-07-03 18:53:19');
INSERT INTO `orders_products` (`id`, `order_id`, `products_category_id`, `product_id`, `count`, `created_at`, `updated_at`) VALUES (276, 130, 2, 2, 2, '2015-01-17 07:19:38', '2016-12-05 04:04:02');
INSERT INTO `orders_products` (`id`, `order_id`, `products_category_id`, `product_id`, `count`, `created_at`, `updated_at`) VALUES (277, 33, 1, 6, 2, '2018-08-14 15:35:16', '2011-04-13 00:26:45');
INSERT INTO `orders_products` (`id`, `order_id`, `products_category_id`, `product_id`, `count`, `created_at`, `updated_at`) VALUES (278, 224, 1, 8, 1, '2011-03-22 16:22:07', '2013-04-27 02:26:38');
INSERT INTO `orders_products` (`id`, `order_id`, `products_category_id`, `product_id`, `count`, `created_at`, `updated_at`) VALUES (279, 103, 1, 1, 2, '2015-12-12 14:21:21', '2013-12-29 21:00:13');
INSERT INTO `orders_products` (`id`, `order_id`, `products_category_id`, `product_id`, `count`, `created_at`, `updated_at`) VALUES (280, 102, 2, 5, 1, '2018-11-02 23:17:03', '2020-09-09 22:57:23');
INSERT INTO `orders_products` (`id`, `order_id`, `products_category_id`, `product_id`, `count`, `created_at`, `updated_at`) VALUES (281, 12, 1, 2, 1, '2018-04-10 23:50:59', '2018-06-29 16:03:13');
INSERT INTO `orders_products` (`id`, `order_id`, `products_category_id`, `product_id`, `count`, `created_at`, `updated_at`) VALUES (282, 287, 2, 4, 4, '2018-11-09 00:38:39', '2011-08-18 16:11:24');
INSERT INTO `orders_products` (`id`, `order_id`, `products_category_id`, `product_id`, `count`, `created_at`, `updated_at`) VALUES (283, 249, 1, 2, 1, '2020-09-25 17:20:49', '2020-04-22 21:22:15');
INSERT INTO `orders_products` (`id`, `order_id`, `products_category_id`, `product_id`, `count`, `created_at`, `updated_at`) VALUES (284, 247, 2, 5, 2, '2019-07-09 17:20:47', '2011-09-23 23:33:39');
INSERT INTO `orders_products` (`id`, `order_id`, `products_category_id`, `product_id`, `count`, `created_at`, `updated_at`) VALUES (285, 87, 2, 5, 1, '2015-12-11 22:56:10', '2016-08-25 14:32:58');
INSERT INTO `orders_products` (`id`, `order_id`, `products_category_id`, `product_id`, `count`, `created_at`, `updated_at`) VALUES (286, 252, 2, 2, 1, '2012-08-15 07:48:41', '2011-07-19 02:18:09');
INSERT INTO `orders_products` (`id`, `order_id`, `products_category_id`, `product_id`, `count`, `created_at`, `updated_at`) VALUES (287, 13, 2, 4, 2, '2014-10-05 08:56:44', '2019-02-06 01:25:15');
INSERT INTO `orders_products` (`id`, `order_id`, `products_category_id`, `product_id`, `count`, `created_at`, `updated_at`) VALUES (288, 25, 1, 3, 2, '2012-04-25 03:59:40', '2018-05-23 01:30:07');
INSERT INTO `orders_products` (`id`, `order_id`, `products_category_id`, `product_id`, `count`, `created_at`, `updated_at`) VALUES (289, 33, 2, 6, 2, '2014-12-06 20:11:39', '2012-10-03 01:31:18');
INSERT INTO `orders_products` (`id`, `order_id`, `products_category_id`, `product_id`, `count`, `created_at`, `updated_at`) VALUES (290, 287, 1, 5, 3, '2013-05-02 05:58:43', '2020-05-31 05:01:57');
INSERT INTO `orders_products` (`id`, `order_id`, `products_category_id`, `product_id`, `count`, `created_at`, `updated_at`) VALUES (291, 24, 1, 9, 1, '2016-01-25 10:35:40', '2019-12-05 13:36:20');
INSERT INTO `orders_products` (`id`, `order_id`, `products_category_id`, `product_id`, `count`, `created_at`, `updated_at`) VALUES (292, 53, 1, 5, 2, '2014-11-18 10:39:47', '2016-01-16 08:51:14');
INSERT INTO `orders_products` (`id`, `order_id`, `products_category_id`, `product_id`, `count`, `created_at`, `updated_at`) VALUES (293, 260, 2, 5, 4, '2016-01-03 17:42:41', '2013-03-27 16:40:52');
INSERT INTO `orders_products` (`id`, `order_id`, `products_category_id`, `product_id`, `count`, `created_at`, `updated_at`) VALUES (294, 207, 1, 5, 3, '2012-04-20 09:56:07', '2019-09-02 15:30:47');
INSERT INTO `orders_products` (`id`, `order_id`, `products_category_id`, `product_id`, `count`, `created_at`, `updated_at`) VALUES (295, 6, 1, 7, 1, '2012-09-04 06:20:47', '2015-09-15 20:00:48');
INSERT INTO `orders_products` (`id`, `order_id`, `products_category_id`, `product_id`, `count`, `created_at`, `updated_at`) VALUES (296, 192, 2, 9, 2, '2018-11-12 16:40:27', '2020-04-22 20:59:07');
INSERT INTO `orders_products` (`id`, `order_id`, `products_category_id`, `product_id`, `count`, `created_at`, `updated_at`) VALUES (297, 256, 2, 7, 2, '2018-09-18 05:20:23', '2019-09-04 07:17:01');
INSERT INTO `orders_products` (`id`, `order_id`, `products_category_id`, `product_id`, `count`, `created_at`, `updated_at`) VALUES (298, 195, 1, 4, 4, '2018-01-13 06:19:46', '2018-10-03 19:28:59');
INSERT INTO `orders_products` (`id`, `order_id`, `products_category_id`, `product_id`, `count`, `created_at`, `updated_at`) VALUES (299, 148, 1, 6, 4, '2014-06-23 22:01:59', '2013-09-30 20:06:04');
INSERT INTO `orders_products` (`id`, `order_id`, `products_category_id`, `product_id`, `count`, `created_at`, `updated_at`) VALUES (300, 177, 1, 5, 1, '2012-05-14 15:11:01', '2014-11-12 10:45:42');
INSERT INTO `orders_products` (`id`, `order_id`, `products_category_id`, `product_id`, `count`, `created_at`, `updated_at`) VALUES (301, 129, 2, 2, 4, '2016-08-07 14:03:53', '2014-05-29 05:52:16');
INSERT INTO `orders_products` (`id`, `order_id`, `products_category_id`, `product_id`, `count`, `created_at`, `updated_at`) VALUES (302, 265, 2, 9, 4, '2016-08-13 22:00:57', '2012-03-02 02:54:40');
INSERT INTO `orders_products` (`id`, `order_id`, `products_category_id`, `product_id`, `count`, `created_at`, `updated_at`) VALUES (303, 24, 1, 9, 3, '2019-06-22 15:14:18', '2012-07-07 22:25:03');
INSERT INTO `orders_products` (`id`, `order_id`, `products_category_id`, `product_id`, `count`, `created_at`, `updated_at`) VALUES (304, 1, 2, 3, 3, '2012-08-26 10:36:42', '2017-06-23 00:32:44');
INSERT INTO `orders_products` (`id`, `order_id`, `products_category_id`, `product_id`, `count`, `created_at`, `updated_at`) VALUES (305, 85, 2, 9, 2, '2013-11-06 03:57:31', '2011-07-01 11:05:59');
INSERT INTO `orders_products` (`id`, `order_id`, `products_category_id`, `product_id`, `count`, `created_at`, `updated_at`) VALUES (306, 203, 2, 6, 3, '2017-09-21 07:21:39', '2020-03-12 17:18:20');
INSERT INTO `orders_products` (`id`, `order_id`, `products_category_id`, `product_id`, `count`, `created_at`, `updated_at`) VALUES (307, 64, 1, 3, 4, '2020-05-18 00:55:51', '2017-05-24 08:09:25');
INSERT INTO `orders_products` (`id`, `order_id`, `products_category_id`, `product_id`, `count`, `created_at`, `updated_at`) VALUES (308, 90, 1, 1, 3, '2020-02-06 23:29:04', '2013-04-19 22:57:02');
INSERT INTO `orders_products` (`id`, `order_id`, `products_category_id`, `product_id`, `count`, `created_at`, `updated_at`) VALUES (309, 90, 2, 4, 4, '2016-03-29 11:22:51', '2012-09-06 12:35:54');
INSERT INTO `orders_products` (`id`, `order_id`, `products_category_id`, `product_id`, `count`, `created_at`, `updated_at`) VALUES (310, 32, 1, 4, 4, '2013-08-04 17:17:18', '2019-10-25 23:59:37');
INSERT INTO `orders_products` (`id`, `order_id`, `products_category_id`, `product_id`, `count`, `created_at`, `updated_at`) VALUES (311, 48, 2, 2, 3, '2020-04-07 09:04:16', '2012-01-08 18:47:20');
INSERT INTO `orders_products` (`id`, `order_id`, `products_category_id`, `product_id`, `count`, `created_at`, `updated_at`) VALUES (312, 30, 2, 8, 2, '2015-08-09 20:04:16', '2021-01-08 19:31:07');
INSERT INTO `orders_products` (`id`, `order_id`, `products_category_id`, `product_id`, `count`, `created_at`, `updated_at`) VALUES (313, 144, 2, 7, 2, '2011-04-16 17:39:38', '2018-10-12 14:13:03');
INSERT INTO `orders_products` (`id`, `order_id`, `products_category_id`, `product_id`, `count`, `created_at`, `updated_at`) VALUES (314, 234, 1, 4, 2, '2014-04-18 07:42:55', '2020-02-08 17:47:55');
INSERT INTO `orders_products` (`id`, `order_id`, `products_category_id`, `product_id`, `count`, `created_at`, `updated_at`) VALUES (315, 59, 2, 8, 2, '2011-07-25 16:44:53', '2020-06-25 03:12:36');
INSERT INTO `orders_products` (`id`, `order_id`, `products_category_id`, `product_id`, `count`, `created_at`, `updated_at`) VALUES (316, 157, 2, 6, 4, '2011-10-13 21:24:34', '2014-02-17 17:26:31');
INSERT INTO `orders_products` (`id`, `order_id`, `products_category_id`, `product_id`, `count`, `created_at`, `updated_at`) VALUES (317, 262, 2, 3, 1, '2013-09-13 09:54:17', '2014-08-10 08:35:40');
INSERT INTO `orders_products` (`id`, `order_id`, `products_category_id`, `product_id`, `count`, `created_at`, `updated_at`) VALUES (318, 144, 1, 4, 1, '2019-03-04 06:35:51', '2020-07-30 22:40:31');
INSERT INTO `orders_products` (`id`, `order_id`, `products_category_id`, `product_id`, `count`, `created_at`, `updated_at`) VALUES (319, 260, 1, 5, 3, '2015-07-26 23:30:11', '2012-12-22 02:54:08');
INSERT INTO `orders_products` (`id`, `order_id`, `products_category_id`, `product_id`, `count`, `created_at`, `updated_at`) VALUES (320, 57, 1, 8, 4, '2013-01-01 06:17:01', '2013-05-10 16:08:19');
INSERT INTO `orders_products` (`id`, `order_id`, `products_category_id`, `product_id`, `count`, `created_at`, `updated_at`) VALUES (321, 86, 1, 1, 2, '2015-08-26 16:16:16', '2016-01-02 20:49:57');
INSERT INTO `orders_products` (`id`, `order_id`, `products_category_id`, `product_id`, `count`, `created_at`, `updated_at`) VALUES (322, 80, 2, 1, 2, '2019-08-09 00:49:33', '2020-11-24 13:37:25');
INSERT INTO `orders_products` (`id`, `order_id`, `products_category_id`, `product_id`, `count`, `created_at`, `updated_at`) VALUES (323, 149, 2, 2, 2, '2012-07-18 23:53:21', '2013-04-17 13:27:37');
INSERT INTO `orders_products` (`id`, `order_id`, `products_category_id`, `product_id`, `count`, `created_at`, `updated_at`) VALUES (324, 79, 2, 6, 4, '2014-12-23 17:04:23', '2012-11-14 14:31:08');
INSERT INTO `orders_products` (`id`, `order_id`, `products_category_id`, `product_id`, `count`, `created_at`, `updated_at`) VALUES (325, 122, 1, 3, 4, '2017-02-01 23:01:28', '2018-11-20 02:34:50');
INSERT INTO `orders_products` (`id`, `order_id`, `products_category_id`, `product_id`, `count`, `created_at`, `updated_at`) VALUES (326, 42, 2, 1, 4, '2011-04-16 06:39:12', '2021-02-07 14:34:23');
INSERT INTO `orders_products` (`id`, `order_id`, `products_category_id`, `product_id`, `count`, `created_at`, `updated_at`) VALUES (327, 218, 2, 5, 1, '2011-07-26 19:58:24', '2020-01-29 05:05:40');
INSERT INTO `orders_products` (`id`, `order_id`, `products_category_id`, `product_id`, `count`, `created_at`, `updated_at`) VALUES (328, 12, 1, 5, 3, '2020-08-19 16:57:36', '2016-07-13 13:19:16');
INSERT INTO `orders_products` (`id`, `order_id`, `products_category_id`, `product_id`, `count`, `created_at`, `updated_at`) VALUES (329, 162, 2, 9, 1, '2011-03-29 06:46:08', '2018-09-25 04:45:48');
INSERT INTO `orders_products` (`id`, `order_id`, `products_category_id`, `product_id`, `count`, `created_at`, `updated_at`) VALUES (330, 223, 2, 3, 4, '2012-06-11 16:35:19', '2020-07-17 18:05:47');
INSERT INTO `orders_products` (`id`, `order_id`, `products_category_id`, `product_id`, `count`, `created_at`, `updated_at`) VALUES (331, 229, 2, 6, 2, '2016-02-01 08:08:54', '2011-03-28 01:27:38');
INSERT INTO `orders_products` (`id`, `order_id`, `products_category_id`, `product_id`, `count`, `created_at`, `updated_at`) VALUES (332, 100, 1, 7, 1, '2017-10-09 14:58:10', '2016-01-15 04:26:07');
INSERT INTO `orders_products` (`id`, `order_id`, `products_category_id`, `product_id`, `count`, `created_at`, `updated_at`) VALUES (333, 284, 2, 8, 4, '2020-07-25 17:31:42', '2014-04-27 12:03:59');
INSERT INTO `orders_products` (`id`, `order_id`, `products_category_id`, `product_id`, `count`, `created_at`, `updated_at`) VALUES (334, 32, 1, 7, 2, '2012-12-22 10:19:56', '2018-12-19 17:09:25');
INSERT INTO `orders_products` (`id`, `order_id`, `products_category_id`, `product_id`, `count`, `created_at`, `updated_at`) VALUES (335, 278, 2, 7, 1, '2013-05-07 18:35:21', '2011-06-26 13:11:27');
INSERT INTO `orders_products` (`id`, `order_id`, `products_category_id`, `product_id`, `count`, `created_at`, `updated_at`) VALUES (336, 297, 1, 3, 2, '2011-08-03 06:37:23', '2015-04-06 06:57:04');
INSERT INTO `orders_products` (`id`, `order_id`, `products_category_id`, `product_id`, `count`, `created_at`, `updated_at`) VALUES (337, 154, 2, 7, 4, '2011-07-12 17:38:05', '2012-04-26 18:20:13');
INSERT INTO `orders_products` (`id`, `order_id`, `products_category_id`, `product_id`, `count`, `created_at`, `updated_at`) VALUES (338, 17, 1, 9, 2, '2020-07-05 22:51:30', '2020-01-27 11:01:23');
INSERT INTO `orders_products` (`id`, `order_id`, `products_category_id`, `product_id`, `count`, `created_at`, `updated_at`) VALUES (339, 99, 1, 3, 4, '2014-07-19 09:44:10', '2011-06-01 04:59:07');
INSERT INTO `orders_products` (`id`, `order_id`, `products_category_id`, `product_id`, `count`, `created_at`, `updated_at`) VALUES (340, 267, 1, 7, 3, '2018-05-19 01:09:16', '2012-11-23 08:50:24');
INSERT INTO `orders_products` (`id`, `order_id`, `products_category_id`, `product_id`, `count`, `created_at`, `updated_at`) VALUES (341, 164, 1, 5, 3, '2020-08-03 06:52:16', '2016-05-21 06:41:08');
INSERT INTO `orders_products` (`id`, `order_id`, `products_category_id`, `product_id`, `count`, `created_at`, `updated_at`) VALUES (342, 77, 2, 5, 2, '2011-04-02 11:33:56', '2020-12-21 18:56:52');
INSERT INTO `orders_products` (`id`, `order_id`, `products_category_id`, `product_id`, `count`, `created_at`, `updated_at`) VALUES (343, 191, 2, 8, 1, '2012-10-08 04:49:53', '2016-09-06 00:08:27');
INSERT INTO `orders_products` (`id`, `order_id`, `products_category_id`, `product_id`, `count`, `created_at`, `updated_at`) VALUES (344, 62, 1, 6, 3, '2017-12-08 03:55:30', '2019-02-18 13:33:19');
INSERT INTO `orders_products` (`id`, `order_id`, `products_category_id`, `product_id`, `count`, `created_at`, `updated_at`) VALUES (345, 233, 1, 8, 3, '2013-03-18 21:12:19', '2011-09-08 23:59:42');
INSERT INTO `orders_products` (`id`, `order_id`, `products_category_id`, `product_id`, `count`, `created_at`, `updated_at`) VALUES (346, 178, 2, 3, 4, '2011-06-17 23:45:17', '2020-04-04 09:57:42');
INSERT INTO `orders_products` (`id`, `order_id`, `products_category_id`, `product_id`, `count`, `created_at`, `updated_at`) VALUES (347, 40, 2, 4, 1, '2015-01-07 02:20:26', '2020-06-24 23:00:23');
INSERT INTO `orders_products` (`id`, `order_id`, `products_category_id`, `product_id`, `count`, `created_at`, `updated_at`) VALUES (348, 152, 2, 6, 4, '2019-01-07 23:10:24', '2020-12-25 03:38:27');
INSERT INTO `orders_products` (`id`, `order_id`, `products_category_id`, `product_id`, `count`, `created_at`, `updated_at`) VALUES (349, 185, 1, 8, 4, '2020-09-07 17:11:44', '2011-06-04 23:37:53');
INSERT INTO `orders_products` (`id`, `order_id`, `products_category_id`, `product_id`, `count`, `created_at`, `updated_at`) VALUES (350, 70, 1, 4, 4, '2011-04-28 19:43:38', '2018-11-08 18:37:40');
INSERT INTO `orders_products` (`id`, `order_id`, `products_category_id`, `product_id`, `count`, `created_at`, `updated_at`) VALUES (351, 298, 1, 6, 3, '2012-10-28 01:30:42', '2012-02-23 22:42:19');
INSERT INTO `orders_products` (`id`, `order_id`, `products_category_id`, `product_id`, `count`, `created_at`, `updated_at`) VALUES (352, 62, 1, 5, 2, '2012-08-13 05:04:54', '2011-08-22 10:33:18');
INSERT INTO `orders_products` (`id`, `order_id`, `products_category_id`, `product_id`, `count`, `created_at`, `updated_at`) VALUES (353, 171, 1, 1, 4, '2013-03-07 00:36:51', '2013-12-30 13:01:59');
INSERT INTO `orders_products` (`id`, `order_id`, `products_category_id`, `product_id`, `count`, `created_at`, `updated_at`) VALUES (354, 86, 2, 4, 4, '2013-11-19 23:54:13', '2014-10-07 02:38:10');
INSERT INTO `orders_products` (`id`, `order_id`, `products_category_id`, `product_id`, `count`, `created_at`, `updated_at`) VALUES (355, 159, 2, 1, 3, '2015-07-30 13:24:38', '2014-03-23 19:50:46');
INSERT INTO `orders_products` (`id`, `order_id`, `products_category_id`, `product_id`, `count`, `created_at`, `updated_at`) VALUES (356, 89, 2, 9, 2, '2015-12-14 18:45:53', '2015-08-07 15:01:23');
INSERT INTO `orders_products` (`id`, `order_id`, `products_category_id`, `product_id`, `count`, `created_at`, `updated_at`) VALUES (357, 3, 2, 9, 1, '2016-07-26 05:51:51', '2019-11-08 13:27:57');
INSERT INTO `orders_products` (`id`, `order_id`, `products_category_id`, `product_id`, `count`, `created_at`, `updated_at`) VALUES (358, 159, 2, 5, 2, '2011-10-20 17:12:24', '2020-02-10 22:37:27');
INSERT INTO `orders_products` (`id`, `order_id`, `products_category_id`, `product_id`, `count`, `created_at`, `updated_at`) VALUES (359, 72, 1, 3, 1, '2017-10-24 03:52:08', '2013-06-04 13:07:39');
INSERT INTO `orders_products` (`id`, `order_id`, `products_category_id`, `product_id`, `count`, `created_at`, `updated_at`) VALUES (360, 214, 1, 6, 2, '2017-04-12 07:30:57', '2015-04-20 23:21:49');
INSERT INTO `orders_products` (`id`, `order_id`, `products_category_id`, `product_id`, `count`, `created_at`, `updated_at`) VALUES (361, 67, 2, 1, 3, '2021-01-19 12:10:16', '2015-09-03 16:58:43');
INSERT INTO `orders_products` (`id`, `order_id`, `products_category_id`, `product_id`, `count`, `created_at`, `updated_at`) VALUES (362, 104, 2, 5, 1, '2016-10-28 12:59:19', '2020-06-04 21:21:52');
INSERT INTO `orders_products` (`id`, `order_id`, `products_category_id`, `product_id`, `count`, `created_at`, `updated_at`) VALUES (363, 224, 1, 8, 1, '2018-08-26 08:52:12', '2018-09-23 05:41:22');
INSERT INTO `orders_products` (`id`, `order_id`, `products_category_id`, `product_id`, `count`, `created_at`, `updated_at`) VALUES (364, 61, 1, 1, 1, '2016-08-17 23:13:42', '2016-08-08 03:32:00');
INSERT INTO `orders_products` (`id`, `order_id`, `products_category_id`, `product_id`, `count`, `created_at`, `updated_at`) VALUES (365, 277, 2, 8, 4, '2012-02-01 03:41:16', '2011-06-03 22:45:43');
INSERT INTO `orders_products` (`id`, `order_id`, `products_category_id`, `product_id`, `count`, `created_at`, `updated_at`) VALUES (366, 103, 2, 9, 1, '2018-02-18 11:18:28', '2017-04-03 01:10:46');
INSERT INTO `orders_products` (`id`, `order_id`, `products_category_id`, `product_id`, `count`, `created_at`, `updated_at`) VALUES (367, 297, 2, 3, 4, '2020-06-14 10:45:28', '2016-12-06 12:37:55');
INSERT INTO `orders_products` (`id`, `order_id`, `products_category_id`, `product_id`, `count`, `created_at`, `updated_at`) VALUES (368, 139, 1, 8, 3, '2016-05-12 11:04:29', '2015-12-01 22:07:26');
INSERT INTO `orders_products` (`id`, `order_id`, `products_category_id`, `product_id`, `count`, `created_at`, `updated_at`) VALUES (369, 248, 1, 9, 3, '2020-08-23 20:53:57', '2018-01-30 00:37:17');
INSERT INTO `orders_products` (`id`, `order_id`, `products_category_id`, `product_id`, `count`, `created_at`, `updated_at`) VALUES (370, 220, 1, 7, 2, '2017-08-22 19:51:01', '2015-11-04 07:12:47');
INSERT INTO `orders_products` (`id`, `order_id`, `products_category_id`, `product_id`, `count`, `created_at`, `updated_at`) VALUES (371, 186, 1, 2, 4, '2018-11-13 06:13:15', '2018-06-25 08:16:38');
INSERT INTO `orders_products` (`id`, `order_id`, `products_category_id`, `product_id`, `count`, `created_at`, `updated_at`) VALUES (372, 190, 1, 7, 2, '2015-01-26 09:19:26', '2014-07-12 23:36:33');
INSERT INTO `orders_products` (`id`, `order_id`, `products_category_id`, `product_id`, `count`, `created_at`, `updated_at`) VALUES (373, 246, 1, 2, 1, '2011-08-13 23:41:02', '2018-06-07 09:56:37');
INSERT INTO `orders_products` (`id`, `order_id`, `products_category_id`, `product_id`, `count`, `created_at`, `updated_at`) VALUES (374, 159, 2, 8, 2, '2015-10-26 16:46:43', '2015-06-28 20:50:27');
INSERT INTO `orders_products` (`id`, `order_id`, `products_category_id`, `product_id`, `count`, `created_at`, `updated_at`) VALUES (375, 65, 2, 1, 1, '2013-06-11 12:26:36', '2014-11-26 14:46:39');
INSERT INTO `orders_products` (`id`, `order_id`, `products_category_id`, `product_id`, `count`, `created_at`, `updated_at`) VALUES (376, 182, 1, 6, 3, '2019-09-04 12:35:11', '2016-11-24 22:18:40');
INSERT INTO `orders_products` (`id`, `order_id`, `products_category_id`, `product_id`, `count`, `created_at`, `updated_at`) VALUES (377, 82, 2, 9, 4, '2013-09-02 07:24:08', '2017-12-21 06:04:27');
INSERT INTO `orders_products` (`id`, `order_id`, `products_category_id`, `product_id`, `count`, `created_at`, `updated_at`) VALUES (378, 231, 1, 6, 2, '2016-10-26 01:38:32', '2013-06-13 16:25:46');
INSERT INTO `orders_products` (`id`, `order_id`, `products_category_id`, `product_id`, `count`, `created_at`, `updated_at`) VALUES (379, 101, 1, 7, 2, '2014-04-11 21:48:17', '2014-01-02 22:10:45');
INSERT INTO `orders_products` (`id`, `order_id`, `products_category_id`, `product_id`, `count`, `created_at`, `updated_at`) VALUES (380, 272, 1, 6, 2, '2017-03-27 07:59:27', '2017-01-30 19:48:31');
INSERT INTO `orders_products` (`id`, `order_id`, `products_category_id`, `product_id`, `count`, `created_at`, `updated_at`) VALUES (381, 35, 1, 8, 3, '2018-07-06 01:47:31', '2015-05-18 09:27:43');
INSERT INTO `orders_products` (`id`, `order_id`, `products_category_id`, `product_id`, `count`, `created_at`, `updated_at`) VALUES (382, 132, 2, 1, 4, '2017-09-13 06:52:50', '2016-12-18 18:49:56');
INSERT INTO `orders_products` (`id`, `order_id`, `products_category_id`, `product_id`, `count`, `created_at`, `updated_at`) VALUES (383, 80, 2, 6, 3, '2014-06-21 20:25:57', '2014-02-24 01:18:23');
INSERT INTO `orders_products` (`id`, `order_id`, `products_category_id`, `product_id`, `count`, `created_at`, `updated_at`) VALUES (384, 35, 1, 1, 2, '2018-02-25 20:16:02', '2020-03-23 23:44:11');
INSERT INTO `orders_products` (`id`, `order_id`, `products_category_id`, `product_id`, `count`, `created_at`, `updated_at`) VALUES (385, 162, 1, 2, 1, '2011-07-01 03:26:26', '2011-11-29 04:47:56');
INSERT INTO `orders_products` (`id`, `order_id`, `products_category_id`, `product_id`, `count`, `created_at`, `updated_at`) VALUES (386, 64, 2, 7, 2, '2015-01-05 01:01:29', '2018-04-15 17:40:53');
INSERT INTO `orders_products` (`id`, `order_id`, `products_category_id`, `product_id`, `count`, `created_at`, `updated_at`) VALUES (387, 199, 2, 6, 2, '2019-04-02 02:19:52', '2018-02-19 23:28:54');
INSERT INTO `orders_products` (`id`, `order_id`, `products_category_id`, `product_id`, `count`, `created_at`, `updated_at`) VALUES (388, 280, 2, 8, 4, '2012-05-19 03:38:11', '2014-08-21 14:28:49');
INSERT INTO `orders_products` (`id`, `order_id`, `products_category_id`, `product_id`, `count`, `created_at`, `updated_at`) VALUES (389, 191, 1, 9, 4, '2020-01-20 01:26:28', '2017-07-25 18:18:57');
INSERT INTO `orders_products` (`id`, `order_id`, `products_category_id`, `product_id`, `count`, `created_at`, `updated_at`) VALUES (390, 249, 1, 2, 2, '2020-02-09 15:41:20', '2014-09-02 07:47:51');
INSERT INTO `orders_products` (`id`, `order_id`, `products_category_id`, `product_id`, `count`, `created_at`, `updated_at`) VALUES (391, 267, 2, 2, 1, '2011-08-23 05:46:44', '2014-05-21 01:20:39');
INSERT INTO `orders_products` (`id`, `order_id`, `products_category_id`, `product_id`, `count`, `created_at`, `updated_at`) VALUES (392, 108, 1, 6, 2, '2011-08-07 03:41:59', '2013-10-09 20:57:17');
INSERT INTO `orders_products` (`id`, `order_id`, `products_category_id`, `product_id`, `count`, `created_at`, `updated_at`) VALUES (393, 123, 1, 3, 4, '2014-07-30 08:10:57', '2013-12-23 02:07:33');
INSERT INTO `orders_products` (`id`, `order_id`, `products_category_id`, `product_id`, `count`, `created_at`, `updated_at`) VALUES (394, 75, 2, 5, 1, '2019-01-29 14:52:19', '2014-09-11 05:27:33');
INSERT INTO `orders_products` (`id`, `order_id`, `products_category_id`, `product_id`, `count`, `created_at`, `updated_at`) VALUES (395, 165, 1, 2, 4, '2013-10-19 00:33:25', '2013-03-21 13:36:56');
INSERT INTO `orders_products` (`id`, `order_id`, `products_category_id`, `product_id`, `count`, `created_at`, `updated_at`) VALUES (396, 221, 1, 6, 4, '2019-10-02 00:44:17', '2016-12-05 18:30:40');
INSERT INTO `orders_products` (`id`, `order_id`, `products_category_id`, `product_id`, `count`, `created_at`, `updated_at`) VALUES (397, 103, 1, 5, 3, '2017-11-13 10:14:42', '2014-02-12 14:23:14');
INSERT INTO `orders_products` (`id`, `order_id`, `products_category_id`, `product_id`, `count`, `created_at`, `updated_at`) VALUES (398, 288, 2, 5, 2, '2013-01-25 18:10:34', '2020-06-26 21:45:49');
INSERT INTO `orders_products` (`id`, `order_id`, `products_category_id`, `product_id`, `count`, `created_at`, `updated_at`) VALUES (399, 251, 1, 2, 3, '2013-08-17 10:05:43', '2014-01-28 00:14:38');
INSERT INTO `orders_products` (`id`, `order_id`, `products_category_id`, `product_id`, `count`, `created_at`, `updated_at`) VALUES (400, 108, 1, 7, 1, '2017-10-27 13:07:50', '2015-07-19 04:38:49');


#
# TABLE STRUCTURE FOR: products_categories
#

DROP TABLE IF EXISTS `products_categories`;

CREATE TABLE `products_categories` (
  `id` int(10) unsigned NOT NULL AUTO_INCREMENT,
  `name` varchar(100) COLLATE utf8mb4_unicode_ci DEFAULT NULL,
  `created_at` datetime DEFAULT current_timestamp(),
  PRIMARY KEY (`id`)
) ENGINE=InnoDB DEFAULT CHARSET=utf8mb4 COLLATE=utf8mb4_unicode_ci COMMENT='Категории продукции';

#
# TABLE STRUCTURE FOR: profiles
#

DROP TABLE IF EXISTS `profiles`;

CREATE TABLE `profiles` (
  `client_id` int(10) unsigned NOT NULL AUTO_INCREMENT,
  `city` varchar(100) COLLATE utf8mb4_unicode_ci DEFAULT NULL,
  `address` varchar(100) COLLATE utf8mb4_unicode_ci DEFAULT NULL,
  `bithday` date DEFAULT NULL,
  `gender` char(1) COLLATE utf8mb4_unicode_ci NOT NULL,
  `created_at` datetime DEFAULT current_timestamp(),
  `updated_at` datetime DEFAULT current_timestamp() ON UPDATE current_timestamp(),
  PRIMARY KEY (`client_id`)
) ENGINE=InnoDB AUTO_INCREMENT=101 DEFAULT CHARSET=utf8mb4 COLLATE=utf8mb4_unicode_ci COMMENT='Профили клиентов/покупателей';

INSERT INTO `profiles` (`client_id`, `city`, `address`, `bithday`, `gender`, `created_at`, `updated_at`) VALUES (1, 'Lake Lambert', '07172 Sasha Grove\nMohrshire, WV 62125-8338', '1991-09-12', 'M', '2019-11-22 12:58:36', '2020-06-22 17:03:14');
INSERT INTO `profiles` (`client_id`, `city`, `address`, `bithday`, `gender`, `created_at`, `updated_at`) VALUES (2, 'West Salma', '7381 Gabriella Walk Apt. 402\nNorth Aylinview, NH 69581', '2009-02-26', 'F', '2017-03-14 09:36:44', '2019-09-02 21:11:24');
INSERT INTO `profiles` (`client_id`, `city`, `address`, `bithday`, `gender`, `created_at`, `updated_at`) VALUES (3, 'Port Tierrastad', '260 Anderson Burg Suite 596\nWest Raul, CO 96617', '1976-12-10', 'F', '2012-10-09 05:17:56', '2014-04-08 04:09:43');
INSERT INTO `profiles` (`client_id`, `city`, `address`, `bithday`, `gender`, `created_at`, `updated_at`) VALUES (4, 'Port Israelfurt', '2081 Carson Plains\nLake Norwood, WY 53677', '2004-03-25', 'M', '2017-04-29 16:18:11', '2011-07-27 21:07:00');
INSERT INTO `profiles` (`client_id`, `city`, `address`, `bithday`, `gender`, `created_at`, `updated_at`) VALUES (5, 'Lake Kayport', '805 Eldora Manor Suite 657\nLake Audreyville, KS 93250', '2016-05-15', 'F', '2019-11-08 21:53:43', '2015-10-25 07:09:36');
INSERT INTO `profiles` (`client_id`, `city`, `address`, `bithday`, `gender`, `created_at`, `updated_at`) VALUES (6, 'East Hal', '41177 Quigley Wells Apt. 679\nSouth Merlin, ND 97582-6493', '2005-07-27', 'M', '2017-09-20 14:53:11', '2020-03-08 15:57:01');
INSERT INTO `profiles` (`client_id`, `city`, `address`, `bithday`, `gender`, `created_at`, `updated_at`) VALUES (7, 'South Micahchester', '43372 Schowalter Ports Suite 963\nBrycenburgh, MN 23418-7440', '2012-04-20', 'M', '2011-05-19 23:11:26', '2016-07-07 15:30:25');
INSERT INTO `profiles` (`client_id`, `city`, `address`, `bithday`, `gender`, `created_at`, `updated_at`) VALUES (8, 'Port Shana', '742 Letitia Mall\nNorth Alexandra, GA 89103', '1984-12-30', 'M', '2012-09-19 03:18:04', '2014-12-07 18:10:24');
INSERT INTO `profiles` (`client_id`, `city`, `address`, `bithday`, `gender`, `created_at`, `updated_at`) VALUES (9, 'Littleborough', '5365 Kylie Lake\nStrosintown, KS 44725-2723', '1970-07-07', 'M', '2012-01-05 22:22:16', '2014-01-07 05:19:32');
INSERT INTO `profiles` (`client_id`, `city`, `address`, `bithday`, `gender`, `created_at`, `updated_at`) VALUES (10, 'North Michaelahaven', '25575 Dayne Bypass\nO\'Connellview, NY 08422-7281', '1970-12-15', 'F', '2015-08-27 15:20:04', '2012-03-09 19:31:36');
INSERT INTO `profiles` (`client_id`, `city`, `address`, `bithday`, `gender`, `created_at`, `updated_at`) VALUES (11, 'Fritschside', '5162 Evert Valleys\nLake Jacynthe, GA 49338-2564', '2020-12-21', 'M', '2012-08-20 03:30:21', '2011-12-05 00:42:17');
INSERT INTO `profiles` (`client_id`, `city`, `address`, `bithday`, `gender`, `created_at`, `updated_at`) VALUES (12, 'Lake Nickolashaven', '404 Nitzsche Estates Apt. 824\nHillsland, HI 84707', '2004-06-23', 'M', '2019-07-28 02:19:55', '2013-05-26 18:45:06');
INSERT INTO `profiles` (`client_id`, `city`, `address`, `bithday`, `gender`, `created_at`, `updated_at`) VALUES (13, 'Port Zander', '261 Richmond Gateway\nNorth Maud, HI 74603-2735', '2017-05-28', 'M', '2018-07-03 14:17:18', '2018-05-17 07:50:28');
INSERT INTO `profiles` (`client_id`, `city`, `address`, `bithday`, `gender`, `created_at`, `updated_at`) VALUES (14, 'East Markus', '615 Isabella Mountains\nNorth Savannahside, AL 13928-5041', '1983-10-19', 'F', '2016-01-07 14:27:47', '2017-09-29 02:22:06');
INSERT INTO `profiles` (`client_id`, `city`, `address`, `bithday`, `gender`, `created_at`, `updated_at`) VALUES (15, 'Lake Carterberg', '54937 Swaniawski Pike Apt. 834\nAmiramouth, UT 67013-1162', '1979-09-23', 'F', '2011-03-18 21:15:41', '2018-04-30 22:47:44');
INSERT INTO `profiles` (`client_id`, `city`, `address`, `bithday`, `gender`, `created_at`, `updated_at`) VALUES (16, 'Padbergstad', '64478 Reichel Key Apt. 106\nEast Helenberg, SD 76571-1024', '1982-02-20', 'M', '2018-04-28 14:06:09', '2014-10-20 08:15:21');
INSERT INTO `profiles` (`client_id`, `city`, `address`, `bithday`, `gender`, `created_at`, `updated_at`) VALUES (17, 'Reganside', '3864 Imani Ville Suite 159\nNorth Braulio, OK 56566', '1994-03-15', 'F', '2019-05-08 07:02:59', '2012-02-19 15:50:06');
INSERT INTO `profiles` (`client_id`, `city`, `address`, `bithday`, `gender`, `created_at`, `updated_at`) VALUES (18, 'Adamsshire', '65118 Brekke Squares\nSouth Heaven, HI 38971', '1996-08-15', 'M', '2014-06-11 14:16:07', '2019-11-24 01:13:49');
INSERT INTO `profiles` (`client_id`, `city`, `address`, `bithday`, `gender`, `created_at`, `updated_at`) VALUES (19, 'North Cindy', '684 Aliya Station Suite 355\nLake Twilamouth, NJ 30545', '2006-06-27', 'F', '2013-03-08 21:19:00', '2018-06-21 18:49:00');
INSERT INTO `profiles` (`client_id`, `city`, `address`, `bithday`, `gender`, `created_at`, `updated_at`) VALUES (20, 'Lake Lea', '40700 Brennan Lodge\nKaitlynstad, NJ 78927', '2018-11-14', 'M', '2017-08-14 15:52:29', '2019-02-08 20:32:05');
INSERT INTO `profiles` (`client_id`, `city`, `address`, `bithday`, `gender`, `created_at`, `updated_at`) VALUES (21, 'South Emelieborough', '75966 Bartoletti Isle\nNew Citlallishire, MN 98988', '2013-04-11', 'M', '2018-06-29 03:54:47', '2014-01-25 17:05:03');
INSERT INTO `profiles` (`client_id`, `city`, `address`, `bithday`, `gender`, `created_at`, `updated_at`) VALUES (22, 'Lake Angelinaville', '4502 Britney Lights\nPort Travisview, WV 53935', '1973-05-04', 'F', '2013-09-23 18:50:10', '2014-03-01 12:00:43');
INSERT INTO `profiles` (`client_id`, `city`, `address`, `bithday`, `gender`, `created_at`, `updated_at`) VALUES (23, 'Roobberg', '355 Kreiger Trail Apt. 294\nWest Hattie, DC 65308', '1993-01-23', 'M', '2018-09-30 07:16:33', '2012-03-01 03:15:07');
INSERT INTO `profiles` (`client_id`, `city`, `address`, `bithday`, `gender`, `created_at`, `updated_at`) VALUES (24, 'Lolitaport', '91585 Chase Trace Apt. 635\nCrystalmouth, MD 42955', '1973-04-10', 'F', '2013-03-29 17:13:26', '2018-07-01 06:53:47');
INSERT INTO `profiles` (`client_id`, `city`, `address`, `bithday`, `gender`, `created_at`, `updated_at`) VALUES (25, 'Kingborough', '939 Jabari Course Apt. 389\nRodrigohaven, HI 16477-0764', '2011-05-19', 'F', '2014-10-03 21:15:01', '2016-06-30 04:00:36');
INSERT INTO `profiles` (`client_id`, `city`, `address`, `bithday`, `gender`, `created_at`, `updated_at`) VALUES (26, 'North Anjalifort', '805 Eulah Harbor\nLake Ransom, IL 44498', '2009-05-04', 'F', '2014-10-11 08:41:52', '2020-05-07 03:26:15');
INSERT INTO `profiles` (`client_id`, `city`, `address`, `bithday`, `gender`, `created_at`, `updated_at`) VALUES (27, 'Oraberg', '1364 Heathcote Hollow Suite 893\nPort Corbinborough, NM 23168-7584', '1973-08-31', 'M', '2020-08-01 20:09:12', '2020-12-30 12:34:28');
INSERT INTO `profiles` (`client_id`, `city`, `address`, `bithday`, `gender`, `created_at`, `updated_at`) VALUES (28, 'Weimannborough', '35639 Mraz Camp Suite 954\nColeview, KS 55015', '1992-12-27', 'F', '2017-11-12 10:06:01', '2019-11-08 17:59:00');
INSERT INTO `profiles` (`client_id`, `city`, `address`, `bithday`, `gender`, `created_at`, `updated_at`) VALUES (29, 'Mariannaburgh', '691 Harvey Union\nEllsworthside, MD 33411', '1995-04-16', 'F', '2018-06-23 03:31:57', '2016-11-04 07:13:38');
INSERT INTO `profiles` (`client_id`, `city`, `address`, `bithday`, `gender`, `created_at`, `updated_at`) VALUES (30, 'East Zackchester', '4353 Lina Rapids\nEast Kailynport, NE 09836-6420', '2013-01-21', 'F', '2020-09-27 15:40:11', '2019-07-02 12:36:03');
INSERT INTO `profiles` (`client_id`, `city`, `address`, `bithday`, `gender`, `created_at`, `updated_at`) VALUES (31, 'Uptonfort', '20878 Haley Locks Apt. 598\nLuisashire, NJ 43039', '2002-06-17', 'F', '2012-03-23 19:17:09', '2011-09-16 05:44:28');
INSERT INTO `profiles` (`client_id`, `city`, `address`, `bithday`, `gender`, `created_at`, `updated_at`) VALUES (32, 'Croninton', '3558 Darryl Brooks\nSouth Maymie, ND 68168-0603', '2020-09-17', 'M', '2014-04-08 23:26:17', '2011-11-23 16:38:07');
INSERT INTO `profiles` (`client_id`, `city`, `address`, `bithday`, `gender`, `created_at`, `updated_at`) VALUES (33, 'Lake Adaline', '5898 Roselyn Trafficway Suite 109\nBeahanstad, DE 76573-9712', '2020-05-20', 'F', '2020-12-21 16:42:11', '2012-04-05 07:04:59');
INSERT INTO `profiles` (`client_id`, `city`, `address`, `bithday`, `gender`, `created_at`, `updated_at`) VALUES (34, 'Port Mariano', '15040 Cummerata Fort\nPort Isaiah, TX 59001', '1988-12-09', 'M', '2013-09-20 02:53:10', '2016-09-10 11:58:15');
INSERT INTO `profiles` (`client_id`, `city`, `address`, `bithday`, `gender`, `created_at`, `updated_at`) VALUES (35, 'East Jo', '4900 Veum Ports\nDachburgh, MD 01666', '1999-02-23', 'F', '2013-10-11 11:09:29', '2020-04-22 08:45:54');
INSERT INTO `profiles` (`client_id`, `city`, `address`, `bithday`, `gender`, `created_at`, `updated_at`) VALUES (36, 'Lake Siennaland', '132 Moore Landing\nNorth Giovanimouth, NC 91914', '1985-02-17', 'M', '2011-12-03 01:27:40', '2015-05-12 18:36:23');
INSERT INTO `profiles` (`client_id`, `city`, `address`, `bithday`, `gender`, `created_at`, `updated_at`) VALUES (37, 'Princeport', '579 Paula Flats\nEvieside, MT 34695', '1987-01-28', 'F', '2015-11-26 06:35:44', '2011-12-05 12:29:55');
INSERT INTO `profiles` (`client_id`, `city`, `address`, `bithday`, `gender`, `created_at`, `updated_at`) VALUES (38, 'New Reinholdmouth', '73628 Auer Forges Suite 329\nNew Tiana, VA 04243-9020', '2005-04-15', 'M', '2018-01-06 01:39:19', '2016-04-26 16:17:32');
INSERT INTO `profiles` (`client_id`, `city`, `address`, `bithday`, `gender`, `created_at`, `updated_at`) VALUES (39, 'Faustinoview', '76433 Garrick Forks Suite 103\nWest Raymondmouth, WV 55303-3500', '1998-09-17', 'M', '2019-09-24 20:31:30', '2011-10-06 03:59:07');
INSERT INTO `profiles` (`client_id`, `city`, `address`, `bithday`, `gender`, `created_at`, `updated_at`) VALUES (40, 'Lakinfurt', '1206 Athena Path Apt. 966\nBartonmouth, MI 86046', '1971-09-23', 'M', '2017-08-26 08:47:53', '2013-01-05 11:52:47');
INSERT INTO `profiles` (`client_id`, `city`, `address`, `bithday`, `gender`, `created_at`, `updated_at`) VALUES (41, 'South Ethelyn', '16794 Batz Walks\nHartmannbury, OK 89194', '2001-07-21', 'F', '2019-01-15 21:36:50', '2012-04-24 10:54:58');
INSERT INTO `profiles` (`client_id`, `city`, `address`, `bithday`, `gender`, `created_at`, `updated_at`) VALUES (42, 'West Nikita', '5451 Jaqueline Shore Apt. 934\nPort Altaville, OK 22763', '1983-09-29', 'F', '2018-10-24 02:27:40', '2012-07-16 07:30:55');
INSERT INTO `profiles` (`client_id`, `city`, `address`, `bithday`, `gender`, `created_at`, `updated_at`) VALUES (43, 'Hegmannside', '892 Maryjane Brook Apt. 249\nEast Kathryne, WA 19253', '2017-08-21', 'M', '2019-05-09 23:53:12', '2016-02-10 20:47:17');
INSERT INTO `profiles` (`client_id`, `city`, `address`, `bithday`, `gender`, `created_at`, `updated_at`) VALUES (44, 'Tonifort', '00488 Ahmad Square\nPort Melanyfurt, AK 68046-6205', '2008-05-28', 'M', '2012-08-07 13:07:00', '2013-04-03 06:50:05');
INSERT INTO `profiles` (`client_id`, `city`, `address`, `bithday`, `gender`, `created_at`, `updated_at`) VALUES (45, 'South Lizeth', '26006 Moore Village Suite 540\nNorth Palma, ME 71816', '1987-10-12', 'F', '2012-07-21 02:18:20', '2021-01-27 15:23:52');
INSERT INTO `profiles` (`client_id`, `city`, `address`, `bithday`, `gender`, `created_at`, `updated_at`) VALUES (46, 'Millsstad', '2852 Claud Views Apt. 592\nAdamsville, TN 41894-8622', '2000-11-10', 'F', '2013-08-15 21:41:14', '2011-07-09 02:44:34');
INSERT INTO `profiles` (`client_id`, `city`, `address`, `bithday`, `gender`, `created_at`, `updated_at`) VALUES (47, 'South Tiaside', '1664 Crist Valley Apt. 391\nSouth Alenefurt, WY 05943', '2001-09-30', 'F', '2012-04-01 01:14:14', '2011-09-25 02:04:48');
INSERT INTO `profiles` (`client_id`, `city`, `address`, `bithday`, `gender`, `created_at`, `updated_at`) VALUES (48, 'West Jaysonview', '5684 Sheila Key Suite 118\nPetramouth, MO 87058', '2000-11-14', 'F', '2016-06-08 08:27:16', '2014-01-10 11:49:48');
INSERT INTO `profiles` (`client_id`, `city`, `address`, `bithday`, `gender`, `created_at`, `updated_at`) VALUES (49, 'North Darion', '92318 Sibyl Lock Apt. 777\nWest Siennamouth, MN 84336-3896', '1990-03-27', 'F', '2017-04-20 16:40:37', '2014-10-17 19:36:14');
INSERT INTO `profiles` (`client_id`, `city`, `address`, `bithday`, `gender`, `created_at`, `updated_at`) VALUES (50, 'Collierburgh', '1277 Gottlieb Loaf Suite 490\nEast Lenna, ND 64806', '2019-08-09', 'M', '2012-07-25 12:36:34', '2017-09-21 15:09:43');
INSERT INTO `profiles` (`client_id`, `city`, `address`, `bithday`, `gender`, `created_at`, `updated_at`) VALUES (51, 'New Daishamouth', '4746 Clair Ferry\nGarrettport, IN 15520-4435', '2007-10-22', 'M', '2019-08-29 12:28:48', '2014-03-18 23:36:08');
INSERT INTO `profiles` (`client_id`, `city`, `address`, `bithday`, `gender`, `created_at`, `updated_at`) VALUES (52, 'Alexysview', '463 Chet Highway\nStrackeborough, OK 66312-1109', '1994-08-05', 'M', '2016-06-16 04:27:33', '2020-02-29 22:02:06');
INSERT INTO `profiles` (`client_id`, `city`, `address`, `bithday`, `gender`, `created_at`, `updated_at`) VALUES (53, 'South Luisshire', '54493 Edison Flat\nPort Ian, OR 69439', '2007-04-20', 'F', '2021-01-08 23:10:05', '2011-07-01 03:13:11');
INSERT INTO `profiles` (`client_id`, `city`, `address`, `bithday`, `gender`, `created_at`, `updated_at`) VALUES (54, 'Wymanchester', '481 Abel Wells Apt. 317\nDerrickport, SD 28071-2760', '2008-05-20', 'M', '2012-08-04 03:06:32', '2012-11-14 09:27:18');
INSERT INTO `profiles` (`client_id`, `city`, `address`, `bithday`, `gender`, `created_at`, `updated_at`) VALUES (55, 'South Dashawn', '522 Howe Islands\nTheodorestad, NY 46419-2064', '1992-01-21', 'F', '2019-04-15 02:25:24', '2016-10-16 22:22:59');
INSERT INTO `profiles` (`client_id`, `city`, `address`, `bithday`, `gender`, `created_at`, `updated_at`) VALUES (56, 'Bartolettiview', '7117 Gaylord Drive\nEast Majorville, VT 78847', '2015-07-31', 'M', '2015-11-18 04:24:50', '2013-05-09 18:55:38');
INSERT INTO `profiles` (`client_id`, `city`, `address`, `bithday`, `gender`, `created_at`, `updated_at`) VALUES (57, 'Lake Percy', '190 Langworth Glens\nDavidbury, OR 80465', '1998-04-24', 'M', '2019-05-03 11:47:43', '2012-03-06 16:57:04');
INSERT INTO `profiles` (`client_id`, `city`, `address`, `bithday`, `gender`, `created_at`, `updated_at`) VALUES (58, 'Langstad', '1350 Rutherford Branch Suite 154\nNorth Kathryn, CT 78087-3245', '1981-11-10', 'M', '2013-10-23 03:36:18', '2012-12-09 08:19:44');
INSERT INTO `profiles` (`client_id`, `city`, `address`, `bithday`, `gender`, `created_at`, `updated_at`) VALUES (59, 'Champlinhaven', '88259 Destiny Unions\nPort Alysaborough, DE 42560', '2015-03-25', 'M', '2020-09-30 22:29:52', '2011-05-26 14:12:38');
INSERT INTO `profiles` (`client_id`, `city`, `address`, `bithday`, `gender`, `created_at`, `updated_at`) VALUES (60, 'Bradyburgh', '22047 Margaretta Manor\nNorth Mauricemouth, KS 66917', '2018-02-01', 'M', '2015-12-15 23:18:38', '2015-12-22 19:41:23');
INSERT INTO `profiles` (`client_id`, `city`, `address`, `bithday`, `gender`, `created_at`, `updated_at`) VALUES (61, 'North Allisonside', '41848 Doyle Rapids\nLegroston, KY 26658-3309', '2005-10-10', 'F', '2017-05-25 04:35:31', '2018-03-29 07:26:35');
INSERT INTO `profiles` (`client_id`, `city`, `address`, `bithday`, `gender`, `created_at`, `updated_at`) VALUES (62, 'Feeneyton', '1982 Dallin Expressway\nWestleyport, WY 52352-9089', '1997-11-05', 'F', '2014-08-07 10:25:11', '2015-01-20 16:48:41');
INSERT INTO `profiles` (`client_id`, `city`, `address`, `bithday`, `gender`, `created_at`, `updated_at`) VALUES (63, 'Sophiafort', '498 Hollie Lock\nBorisburgh, ND 56104', '1983-09-16', 'F', '2019-07-08 11:43:50', '2016-07-30 00:45:07');
INSERT INTO `profiles` (`client_id`, `city`, `address`, `bithday`, `gender`, `created_at`, `updated_at`) VALUES (64, 'Lebsackmouth', '605 Kub Court\nLake Tremainehaven, KS 16891', '1970-01-19', 'M', '2013-06-14 22:10:18', '2020-01-30 02:31:06');
INSERT INTO `profiles` (`client_id`, `city`, `address`, `bithday`, `gender`, `created_at`, `updated_at`) VALUES (65, 'West Arlomouth', '604 Marlon Route\nEast Mathewshire, SC 60733-2548', '1986-01-01', 'M', '2012-10-18 23:44:46', '2019-07-30 05:41:44');
INSERT INTO `profiles` (`client_id`, `city`, `address`, `bithday`, `gender`, `created_at`, `updated_at`) VALUES (66, 'South Chynabury', '189 Langworth Valleys\nBlakemouth, IA 89468-0024', '2016-08-07', 'M', '2014-11-27 15:05:01', '2011-11-15 06:46:48');
INSERT INTO `profiles` (`client_id`, `city`, `address`, `bithday`, `gender`, `created_at`, `updated_at`) VALUES (67, 'East Delilah', '60451 Tamia Cape Apt. 585\nSouth Micheal, TN 95937', '2016-03-12', 'M', '2018-07-18 10:15:14', '2012-09-08 14:39:18');
INSERT INTO `profiles` (`client_id`, `city`, `address`, `bithday`, `gender`, `created_at`, `updated_at`) VALUES (68, 'Kuvalisburgh', '30834 Lakin Brooks Apt. 356\nTomland, RI 38579-1688', '2021-01-13', 'M', '2013-02-24 05:53:06', '2012-10-04 23:47:00');
INSERT INTO `profiles` (`client_id`, `city`, `address`, `bithday`, `gender`, `created_at`, `updated_at`) VALUES (69, 'South Marcland', '951 Estella Mountain\nMannburgh, TX 95093', '2006-06-22', 'F', '2015-08-10 13:55:55', '2013-05-22 03:30:06');
INSERT INTO `profiles` (`client_id`, `city`, `address`, `bithday`, `gender`, `created_at`, `updated_at`) VALUES (70, 'Haagborough', '304 Dawson Ports\nNorth Christinaport, MO 96060-5935', '2019-04-15', 'F', '2019-02-02 12:04:42', '2017-05-28 12:45:29');
INSERT INTO `profiles` (`client_id`, `city`, `address`, `bithday`, `gender`, `created_at`, `updated_at`) VALUES (71, 'Port Amely', '578 Goodwin Pike Apt. 111\nMurrayshire, AK 05417-7045', '1996-07-17', 'F', '2014-10-27 02:57:50', '2012-11-08 12:59:04');
INSERT INTO `profiles` (`client_id`, `city`, `address`, `bithday`, `gender`, `created_at`, `updated_at`) VALUES (72, 'New Freidashire', '23257 Kade River Suite 753\nAufderharmouth, NC 54707', '1991-05-16', 'F', '2017-12-18 20:53:16', '2015-07-11 02:03:19');
INSERT INTO `profiles` (`client_id`, `city`, `address`, `bithday`, `gender`, `created_at`, `updated_at`) VALUES (73, 'Volkmanland', '512 Jones Mission\nSouth Vern, ND 77764-9499', '1977-08-15', 'F', '2017-11-11 17:57:53', '2012-09-10 16:20:49');
INSERT INTO `profiles` (`client_id`, `city`, `address`, `bithday`, `gender`, `created_at`, `updated_at`) VALUES (74, 'Dillanmouth', '52586 Kling Pike Apt. 979\nWest Bridgettebury, NH 33242-0280', '1983-08-18', 'F', '2011-07-09 20:57:33', '2012-01-04 01:17:35');
INSERT INTO `profiles` (`client_id`, `city`, `address`, `bithday`, `gender`, `created_at`, `updated_at`) VALUES (75, 'Pacochachester', '119 Cydney Walk Apt. 517\nMedhurstland, TN 80711', '1978-12-26', 'F', '2011-09-10 11:55:08', '2020-01-04 07:16:38');
INSERT INTO `profiles` (`client_id`, `city`, `address`, `bithday`, `gender`, `created_at`, `updated_at`) VALUES (76, 'Port Evert', '94170 Rempel Key Suite 557\nLeuschkefurt, DC 90672-8823', '1979-07-27', 'F', '2013-07-21 10:55:29', '2012-06-07 15:54:41');
INSERT INTO `profiles` (`client_id`, `city`, `address`, `bithday`, `gender`, `created_at`, `updated_at`) VALUES (77, 'East Holly', '7488 Schaefer Stravenue\nSchuliststad, NH 69404', '1997-08-06', 'M', '2014-12-26 15:53:03', '2016-12-27 02:27:52');
INSERT INTO `profiles` (`client_id`, `city`, `address`, `bithday`, `gender`, `created_at`, `updated_at`) VALUES (78, 'East Asa', '8301 Bogan Lodge\nHaylieland, CT 79203', '2008-05-24', 'F', '2019-03-21 08:28:48', '2017-03-19 20:08:29');
INSERT INTO `profiles` (`client_id`, `city`, `address`, `bithday`, `gender`, `created_at`, `updated_at`) VALUES (79, 'West Travon', '6727 Koepp Lock Apt. 008\nBoyershire, MN 72099', '2020-01-21', 'M', '2020-04-05 18:45:58', '2017-09-11 01:21:51');
INSERT INTO `profiles` (`client_id`, `city`, `address`, `bithday`, `gender`, `created_at`, `updated_at`) VALUES (80, 'Champlinside', '0045 Aufderhar Orchard Apt. 477\nNorth Liliane, FL 19526-1831', '2020-10-02', 'M', '2011-09-09 22:42:48', '2019-09-08 18:01:45');
INSERT INTO `profiles` (`client_id`, `city`, `address`, `bithday`, `gender`, `created_at`, `updated_at`) VALUES (81, 'East Toniport', '3878 Elna Lodge\nPort Ryleyfort, AL 79068-6399', '1979-02-28', 'M', '2018-06-11 12:57:35', '2020-04-10 10:02:15');
INSERT INTO `profiles` (`client_id`, `city`, `address`, `bithday`, `gender`, `created_at`, `updated_at`) VALUES (82, 'Braunfort', '09069 Johathan Gardens Suite 434\nPort Sunnymouth, MS 88649-7474', '1988-01-19', 'F', '2021-01-26 18:17:38', '2014-02-11 17:42:12');
INSERT INTO `profiles` (`client_id`, `city`, `address`, `bithday`, `gender`, `created_at`, `updated_at`) VALUES (83, 'North Billfurt', '0383 Jake Crossroad Apt. 765\nSouth Willy, MI 46315-3856', '2009-04-17', 'M', '2016-04-25 04:02:02', '2013-03-27 11:37:52');
INSERT INTO `profiles` (`client_id`, `city`, `address`, `bithday`, `gender`, `created_at`, `updated_at`) VALUES (84, 'Lake Keeganside', '39885 Wilfred Cliff Suite 142\nHirtheborough, AR 09942-2665', '1991-08-11', 'F', '2021-01-13 10:46:37', '2015-04-08 07:37:52');
INSERT INTO `profiles` (`client_id`, `city`, `address`, `bithday`, `gender`, `created_at`, `updated_at`) VALUES (85, 'Rodrigoshire', '1382 Kutch Grove\nSouth Linnie, MI 75697-5374', '1992-12-30', 'F', '2015-06-30 16:16:15', '2017-07-05 22:04:22');
INSERT INTO `profiles` (`client_id`, `city`, `address`, `bithday`, `gender`, `created_at`, `updated_at`) VALUES (86, 'East Chanelle', '88527 Thea Passage Suite 273\nEast Edyth, DC 33304', '2012-09-28', 'F', '2016-05-02 05:05:42', '2012-11-19 03:45:34');
INSERT INTO `profiles` (`client_id`, `city`, `address`, `bithday`, `gender`, `created_at`, `updated_at`) VALUES (87, 'West Earnestborough', '45287 Champlin Place Apt. 541\nRosellafurt, ND 00408', '2017-12-03', 'F', '2017-08-19 02:59:11', '2012-12-14 06:21:37');
INSERT INTO `profiles` (`client_id`, `city`, `address`, `bithday`, `gender`, `created_at`, `updated_at`) VALUES (88, 'Willhaven', '92190 Hand Extensions Suite 112\nEast Deion, OH 62927-6861', '2014-02-03', 'F', '2019-01-03 11:59:54', '2016-05-18 05:57:14');
INSERT INTO `profiles` (`client_id`, `city`, `address`, `bithday`, `gender`, `created_at`, `updated_at`) VALUES (89, 'Uliseshaven', '925 Jeremie Shores\nLake Floy, TN 32327', '2008-01-12', 'M', '2016-02-28 07:50:59', '2017-02-16 07:10:01');
INSERT INTO `profiles` (`client_id`, `city`, `address`, `bithday`, `gender`, `created_at`, `updated_at`) VALUES (90, 'Robelburgh', '40845 Barton Valleys Apt. 916\nMariamstad, NC 38279', '2002-05-23', 'M', '2012-09-11 13:12:50', '2018-09-16 04:11:00');
INSERT INTO `profiles` (`client_id`, `city`, `address`, `bithday`, `gender`, `created_at`, `updated_at`) VALUES (91, 'East Godfrey', '227 Lilliana Passage Suite 127\nEast Asa, KS 95530-5164', '1985-12-22', 'F', '2011-03-20 19:54:31', '2019-09-30 07:07:55');
INSERT INTO `profiles` (`client_id`, `city`, `address`, `bithday`, `gender`, `created_at`, `updated_at`) VALUES (92, 'Lake Valerie', '230 Emmerich Extensions\nRicochester, CT 24159', '1989-02-13', 'F', '2016-07-30 22:28:00', '2019-05-16 02:12:09');
INSERT INTO `profiles` (`client_id`, `city`, `address`, `bithday`, `gender`, `created_at`, `updated_at`) VALUES (93, 'Willmouth', '53874 Nikolaus Tunnel\nPaucekview, AK 84358', '2003-09-11', 'F', '2017-08-26 07:16:09', '2016-09-04 09:40:22');
INSERT INTO `profiles` (`client_id`, `city`, `address`, `bithday`, `gender`, `created_at`, `updated_at`) VALUES (94, 'West Sid', '011 Dickens Row\nLebsackborough, AR 72198', '2002-12-14', 'F', '2018-09-08 15:19:16', '2016-07-04 15:51:38');
INSERT INTO `profiles` (`client_id`, `city`, `address`, `bithday`, `gender`, `created_at`, `updated_at`) VALUES (95, 'Sophiemouth', '0384 Alf Ridge\nNew Sydnee, MI 65331', '1993-07-18', 'F', '2015-08-27 06:01:59', '2017-10-18 19:39:30');
INSERT INTO `profiles` (`client_id`, `city`, `address`, `bithday`, `gender`, `created_at`, `updated_at`) VALUES (96, 'Lake Bessiemouth', '790 Aditya Alley Apt. 840\nAbbottburgh, FL 75506', '2009-05-07', 'F', '2012-01-09 14:08:30', '2019-05-27 16:48:31');
INSERT INTO `profiles` (`client_id`, `city`, `address`, `bithday`, `gender`, `created_at`, `updated_at`) VALUES (97, 'Jermaineland', '3613 Effertz Drives Apt. 288\nSchambergerport, MD 59636-8682', '2000-09-15', 'M', '2014-06-19 18:50:04', '2015-02-06 11:02:06');
INSERT INTO `profiles` (`client_id`, `city`, `address`, `bithday`, `gender`, `created_at`, `updated_at`) VALUES (98, 'Murazikton', '5785 Cedrick Bridge Apt. 397\nSouth Tyresefurt, OH 41081-7659', '1992-10-27', 'M', '2016-02-07 16:59:53', '2015-01-26 00:59:46');
INSERT INTO `profiles` (`client_id`, `city`, `address`, `bithday`, `gender`, `created_at`, `updated_at`) VALUES (99, 'Newtonport', '2982 Lilla Pines\nKunzeport, ND 37371', '2003-01-21', 'M', '2011-09-15 17:59:47', '2011-04-11 22:39:56');
INSERT INTO `profiles` (`client_id`, `city`, `address`, `bithday`, `gender`, `created_at`, `updated_at`) VALUES (100, 'Port Rodrigo', '8133 Green Hollow Suite 352\nSouth Samson, NH 19494-8812', '1985-03-25', 'F', '2017-04-26 08:17:28', '2018-03-20 04:36:49');


#
# TABLE STRUCTURE FOR: publishing_houses
#

DROP TABLE IF EXISTS `publishing_houses`;

CREATE TABLE `publishing_houses` (
  `id` int(10) unsigned NOT NULL AUTO_INCREMENT,
  `name` varchar(100) COLLATE utf8mb4_unicode_ci DEFAULT NULL,
  `created_at` datetime DEFAULT current_timestamp(),
  PRIMARY KEY (`id`)
) ENGINE=InnoDB AUTO_INCREMENT=11 DEFAULT CHARSET=utf8mb4 COLLATE=utf8mb4_unicode_ci COMMENT='Издательства';

INSERT INTO `publishing_houses` (`id`, `name`, `created_at`) VALUES (1, 'Mollitia voluptates.', '2019-07-12 15:24:31');
INSERT INTO `publishing_houses` (`id`, `name`, `created_at`) VALUES (2, 'Qui eius recusandae.', '2012-01-01 08:30:40');
INSERT INTO `publishing_houses` (`id`, `name`, `created_at`) VALUES (3, 'Deleniti reiciendis autem.', '2019-10-28 11:03:19');
INSERT INTO `publishing_houses` (`id`, `name`, `created_at`) VALUES (4, 'A est.', '2018-12-16 13:34:04');
INSERT INTO `publishing_houses` (`id`, `name`, `created_at`) VALUES (5, 'Incidunt perferendis.', '2014-05-18 04:03:18');
INSERT INTO `publishing_houses` (`id`, `name`, `created_at`) VALUES (6, 'Sunt numquam.', '2014-12-25 05:38:39');
INSERT INTO `publishing_houses` (`id`, `name`, `created_at`) VALUES (7, 'Dolores expedita voluptate.', '2015-09-27 19:18:06');
INSERT INTO `publishing_houses` (`id`, `name`, `created_at`) VALUES (8, 'Et quo.', '2012-01-16 20:24:44');
INSERT INTO `publishing_houses` (`id`, `name`, `created_at`) VALUES (9, 'Voluptas dolores quae.', '2013-09-11 10:35:36');
INSERT INTO `publishing_houses` (`id`, `name`, `created_at`) VALUES (10, 'Quis debitis voluptatem.', '2020-12-22 20:15:47');


#
# TABLE STRUCTURE FOR: related_product_categories
#

DROP TABLE IF EXISTS `related_product_categories`;

CREATE TABLE `related_product_categories` (
  `id` int(10) unsigned NOT NULL AUTO_INCREMENT,
  `name` varchar(100) COLLATE utf8mb4_unicode_ci DEFAULT NULL,
  `created_at` datetime DEFAULT current_timestamp(),
  PRIMARY KEY (`id`)
) ENGINE=InnoDB DEFAULT CHARSET=utf8mb4 COLLATE=utf8mb4_unicode_ci COMMENT='Категории сопутствующих товаров ';

#
# TABLE STRUCTURE FOR: related_products
#

DROP TABLE IF EXISTS `related_products`;

CREATE TABLE `related_products` (
  `id` int(10) unsigned NOT NULL AUTO_INCREMENT,
  `category_id` int(10) unsigned NOT NULL,
  `name` varchar(100) COLLATE utf8mb4_unicode_ci DEFAULT NULL,
  `price` decimal(11,2) DEFAULT NULL,
  `description` text COLLATE utf8mb4_unicode_ci DEFAULT NULL,
  `created_at` datetime DEFAULT current_timestamp(),
  `updated_at` datetime DEFAULT current_timestamp() ON UPDATE current_timestamp(),
  PRIMARY KEY (`id`)
) ENGINE=InnoDB AUTO_INCREMENT=301 DEFAULT CHARSET=utf8mb4 COLLATE=utf8mb4_unicode_ci COMMENT='Сопутствующие товары';

INSERT INTO `related_products` (`id`, `category_id`, `name`, `price`, `description`, `created_at`, `updated_at`) VALUES (1, 3, 'Possimus aut aliquid.', '3916.69', 'Sed est rerum provident deserunt fuga qui provident. Consequatur beatae maxime non beatae possimus.', '2015-01-22 07:37:38', '2015-10-22 16:35:37');
INSERT INTO `related_products` (`id`, `category_id`, `name`, `price`, `description`, `created_at`, `updated_at`) VALUES (2, 3, 'Velit enim aut.', '2709.63', 'Aliquid veritatis molestias provident ullam necessitatibus quibusdam. Porro adipisci at voluptas illum. Velit quisquam iste qui nam earum.', '2014-07-28 10:41:03', '2012-07-29 22:21:43');
INSERT INTO `related_products` (`id`, `category_id`, `name`, `price`, `description`, `created_at`, `updated_at`) VALUES (3, 1, 'Molestiae repellat.', '34644.06', 'Aut at magni at iure similique odio. Qui qui quis vel est ut reiciendis. Animi nesciunt sit qui asperiores architecto earum veritatis. Dolore saepe quidem perspiciatis impedit voluptas.', '2020-01-09 08:47:10', '2019-05-16 12:23:55');
INSERT INTO `related_products` (`id`, `category_id`, `name`, `price`, `description`, `created_at`, `updated_at`) VALUES (4, 3, 'Qui libero qui.', '5.68', 'Fugit dolorem pariatur aut adipisci vero atque sit. Aut dolores perferendis officiis aut impedit fugit cumque. Minima praesentium occaecati eaque quasi expedita. Repudiandae sequi culpa rerum ex illo officia sapiente. Quo aut totam debitis cupiditate et ex sed vel.', '2019-07-22 20:59:36', '2020-07-31 22:41:42');
INSERT INTO `related_products` (`id`, `category_id`, `name`, `price`, `description`, `created_at`, `updated_at`) VALUES (5, 3, 'Consectetur sed.', '2.00', 'Eaque perspiciatis qui magnam odit. Quam sed et sit sint possimus atque. Cum odit aut enim ut dignissimos fugiat.', '2012-05-27 12:05:43', '2021-01-05 19:30:28');
INSERT INTO `related_products` (`id`, `category_id`, `name`, `price`, `description`, `created_at`, `updated_at`) VALUES (6, 2, 'Expedita beatae exercitationem.', '50057.18', 'Similique harum rem expedita molestias inventore sunt. Aut incidunt minus ab quae nam accusamus expedita iste. Pariatur velit in recusandae non numquam error.', '2020-10-31 01:44:41', '2016-03-04 15:30:09');
INSERT INTO `related_products` (`id`, `category_id`, `name`, `price`, `description`, `created_at`, `updated_at`) VALUES (7, 1, 'Molestias vel repellendus.', '484.11', 'Sit cupiditate ut magnam ut consequatur. Atque exercitationem aut adipisci reprehenderit unde consequatur. Velit natus et deleniti soluta.', '2012-12-20 09:46:48', '2016-02-15 04:00:35');
INSERT INTO `related_products` (`id`, `category_id`, `name`, `price`, `description`, `created_at`, `updated_at`) VALUES (8, 3, 'Id placeat officiis.', '296841.17', 'Magnam ex repellat a aut non assumenda similique. Optio aut fugit sed. Eum accusamus in enim ratione consequatur ut.', '2012-05-22 00:47:08', '2016-02-06 11:37:52');
INSERT INTO `related_products` (`id`, `category_id`, `name`, `price`, `description`, `created_at`, `updated_at`) VALUES (9, 3, 'Hic corporis autem.', '284386.27', 'Qui sequi sit autem. Rerum magni reprehenderit explicabo nam fugiat ut sit nemo. Laudantium repellat accusantium sit facere doloribus.', '2019-01-12 16:23:36', '2013-01-13 16:03:21');
INSERT INTO `related_products` (`id`, `category_id`, `name`, `price`, `description`, `created_at`, `updated_at`) VALUES (10, 1, 'Impedit voluptatibus rerum.', '796.40', 'Autem cumque molestiae rerum. Ut est eos dolor dicta et. Corrupti enim nostrum quia atque accusamus dolore. Qui voluptatem dicta sit voluptatibus aperiam quam libero aut.', '2018-03-13 08:02:07', '2018-09-06 09:04:56');
INSERT INTO `related_products` (`id`, `category_id`, `name`, `price`, `description`, `created_at`, `updated_at`) VALUES (11, 1, 'Illum dicta.', '36.32', 'Facere ratione ut assumenda quia velit ut iusto. Illo ut dolor eaque amet. Molestiae quo qui quia voluptatibus.', '2013-10-20 22:08:28', '2013-02-03 07:44:58');
INSERT INTO `related_products` (`id`, `category_id`, `name`, `price`, `description`, `created_at`, `updated_at`) VALUES (12, 3, 'Similique et rem.', '195577112.22', 'Rerum voluptas qui recusandae nam vel facere hic. Rerum hic praesentium facilis qui neque natus dolore. Illo delectus reprehenderit animi eos fugit.', '2011-04-22 16:18:21', '2013-08-04 14:37:44');
INSERT INTO `related_products` (`id`, `category_id`, `name`, `price`, `description`, `created_at`, `updated_at`) VALUES (13, 1, 'Tempore rem magnam.', '603.38', 'Ut delectus facere magni in. Molestiae aut soluta perferendis quaerat repellendus minus magnam. Non recusandae dolor voluptates eum aliquam est. Voluptatem eligendi tenetur nihil.', '2018-05-30 01:22:20', '2018-05-11 08:04:43');
INSERT INTO `related_products` (`id`, `category_id`, `name`, `price`, `description`, `created_at`, `updated_at`) VALUES (14, 2, 'Voluptas nihil.', '0.77', 'Non adipisci et eveniet ea minima aut. Incidunt ipsum aliquam vero blanditiis qui similique.', '2017-07-09 19:54:13', '2012-08-25 10:07:49');
INSERT INTO `related_products` (`id`, `category_id`, `name`, `price`, `description`, `created_at`, `updated_at`) VALUES (15, 3, 'Et perspiciatis itaque.', '22.26', 'Voluptas officiis eveniet quibusdam omnis quia officiis. Enim eaque doloremque doloribus minus. Tempore nisi sit consequatur sequi. Voluptates velit ea non dolor earum harum.', '2012-04-27 17:17:08', '2017-06-20 19:47:47');
INSERT INTO `related_products` (`id`, `category_id`, `name`, `price`, `description`, `created_at`, `updated_at`) VALUES (16, 3, 'Soluta quibusdam.', '1.19', 'Consequatur aliquid in non eum consequatur. Odio temporibus et commodi quis.', '2013-07-24 06:39:51', '2017-04-26 10:24:36');
INSERT INTO `related_products` (`id`, `category_id`, `name`, `price`, `description`, `created_at`, `updated_at`) VALUES (17, 3, 'Similique reprehenderit.', '0.10', 'Asperiores quam iste libero et voluptas praesentium optio tempora. Autem doloribus id expedita accusantium. Accusamus voluptas temporibus sed quidem. Explicabo possimus harum et illo aliquid dignissimos.', '2014-05-01 08:01:16', '2018-11-30 11:34:54');
INSERT INTO `related_products` (`id`, `category_id`, `name`, `price`, `description`, `created_at`, `updated_at`) VALUES (18, 3, 'Quo architecto officia.', '6572.00', 'Ut nam maiores accusantium aut. Hic unde inventore quibusdam quaerat quasi quidem totam vero. Deleniti et sequi architecto et veritatis.', '2016-06-26 12:59:09', '2011-09-30 00:40:02');
INSERT INTO `related_products` (`id`, `category_id`, `name`, `price`, `description`, `created_at`, `updated_at`) VALUES (19, 1, 'Voluptas occaecati.', '25554658.10', 'Est ab rerum ratione facere non laborum assumenda. Laudantium doloribus est ut quas voluptas mollitia qui. Et voluptatibus veniam a modi in. Corrupti nemo ad in aut. Architecto nisi aut tenetur saepe vitae ut.', '2018-07-18 17:20:56', '2011-12-10 01:43:39');
INSERT INTO `related_products` (`id`, `category_id`, `name`, `price`, `description`, `created_at`, `updated_at`) VALUES (20, 3, 'Ut dignissimos.', '473574.38', 'Eligendi nihil ullam voluptatem. Quidem sunt cumque quisquam sunt at. Dignissimos est eum accusamus perspiciatis. Aut qui quidem ut qui adipisci. Eveniet eum quod impedit.', '2012-04-10 09:57:46', '2020-11-06 16:22:40');
INSERT INTO `related_products` (`id`, `category_id`, `name`, `price`, `description`, `created_at`, `updated_at`) VALUES (21, 1, 'Rerum qui quia.', '1.70', 'Aliquam explicabo ut perspiciatis vel quia illum. Et eum vel saepe sed tempora provident officia. Aut vitae ipsa commodi corrupti nostrum dolore tenetur voluptas.', '2013-06-12 16:02:52', '2012-03-24 23:29:22');
INSERT INTO `related_products` (`id`, `category_id`, `name`, `price`, `description`, `created_at`, `updated_at`) VALUES (22, 1, 'Voluptatem iusto.', '0.00', 'Voluptatem illo molestiae modi est corrupti ducimus distinctio. Ut recusandae perspiciatis reprehenderit ad. Nisi voluptatem rerum accusamus optio nulla maxime non. Unde cum ut sapiente consequatur hic.', '2019-12-14 10:58:58', '2016-05-10 04:17:10');
INSERT INTO `related_products` (`id`, `category_id`, `name`, `price`, `description`, `created_at`, `updated_at`) VALUES (23, 1, 'Sunt illum quia.', '87.64', 'Architecto ad eligendi fuga aliquid maxime. Ut eveniet repudiandae recusandae non vel. Et doloremque quia libero enim nesciunt. Ipsa rerum quos culpa placeat totam ipsa fugiat.', '2012-06-23 09:14:51', '2012-01-23 19:42:26');
INSERT INTO `related_products` (`id`, `category_id`, `name`, `price`, `description`, `created_at`, `updated_at`) VALUES (24, 2, 'Omnis accusantium ab.', '0.00', 'Debitis dolores ut et ducimus quia adipisci. Ut odio natus eum aperiam suscipit quos soluta. Velit accusantium necessitatibus temporibus autem fugit id. Vel asperiores voluptatum id minima.', '2021-01-30 11:35:12', '2018-08-12 06:36:13');
INSERT INTO `related_products` (`id`, `category_id`, `name`, `price`, `description`, `created_at`, `updated_at`) VALUES (25, 1, 'Qui sunt quos.', '0.00', 'Praesentium illum autem quae impedit. Eius est id laborum possimus omnis inventore. Aut in ducimus exercitationem et voluptatem optio. Ad sapiente quisquam repellendus et nobis labore id.', '2012-10-13 04:25:10', '2020-03-27 10:53:07');
INSERT INTO `related_products` (`id`, `category_id`, `name`, `price`, `description`, `created_at`, `updated_at`) VALUES (26, 3, 'Aut nemo quo.', '23512819.00', 'Laudantium eveniet accusantium dolor veritatis ut ea. Sed repellat fuga harum voluptatem ipsa qui illo ipsa. Officiis nemo molestiae et libero.', '2014-02-19 03:21:41', '2012-12-02 16:44:33');
INSERT INTO `related_products` (`id`, `category_id`, `name`, `price`, `description`, `created_at`, `updated_at`) VALUES (27, 2, 'Quia debitis consectetur.', '60111325.00', 'Ratione rerum quisquam unde deleniti quod. Possimus consequatur et est. Odio quisquam eius est et vitae. Provident vel eius deserunt et facere alias.', '2020-01-03 00:31:51', '2014-09-20 12:42:41');
INSERT INTO `related_products` (`id`, `category_id`, `name`, `price`, `description`, `created_at`, `updated_at`) VALUES (28, 3, 'Ipsum sint.', '543129812.20', 'Blanditiis consequatur aut sed repudiandae et velit voluptatibus. Dicta voluptas aliquam nesciunt nihil modi cumque similique. Maxime et vero illo vel.', '2016-10-06 12:55:07', '2016-03-21 01:36:24');
INSERT INTO `related_products` (`id`, `category_id`, `name`, `price`, `description`, `created_at`, `updated_at`) VALUES (29, 2, 'Similique nulla placeat.', '3535.62', 'Voluptatem architecto expedita magni ut enim illum voluptatem. Harum quo quia illum dolore ipsa ut. Commodi magni asperiores quae magnam sint aut praesentium sed. Rerum et quo sunt ut porro.', '2011-05-19 10:37:15', '2011-04-11 11:01:43');
INSERT INTO `related_products` (`id`, `category_id`, `name`, `price`, `description`, `created_at`, `updated_at`) VALUES (30, 2, 'Molestiae esse.', '8315269.40', 'In modi fuga voluptas officiis quia. Nesciunt ex error in est est magni et. Quae numquam ducimus aspernatur ullam voluptatem vitae eum. Beatae et voluptas aut quis occaecati voluptatem quod.', '2018-07-26 17:24:56', '2017-07-03 08:18:08');
INSERT INTO `related_products` (`id`, `category_id`, `name`, `price`, `description`, `created_at`, `updated_at`) VALUES (31, 2, 'Iste cumque.', '5790.55', 'Rem dolores laboriosam dolore. Facere qui quaerat itaque ipsam eveniet quae. Dolorum saepe eveniet voluptatem voluptatem non nisi magnam.', '2020-01-01 22:49:14', '2016-11-30 22:14:54');
INSERT INTO `related_products` (`id`, `category_id`, `name`, `price`, `description`, `created_at`, `updated_at`) VALUES (32, 2, 'Consequatur quod et.', '6851745.67', 'Eveniet aliquid qui tenetur esse omnis. Similique libero at aut aspernatur et hic repellat soluta. Quis nesciunt corporis et. Recusandae quod aut nihil amet.', '2018-09-08 15:00:49', '2019-03-16 03:31:46');
INSERT INTO `related_products` (`id`, `category_id`, `name`, `price`, `description`, `created_at`, `updated_at`) VALUES (33, 3, 'Id quos.', '7776503.84', 'In vero quae provident ut omnis vel fugiat nihil. Modi nemo similique at laboriosam consectetur sint. Natus voluptatem et et omnis aliquam repudiandae.', '2011-06-02 21:22:42', '2016-07-25 13:25:10');
INSERT INTO `related_products` (`id`, `category_id`, `name`, `price`, `description`, `created_at`, `updated_at`) VALUES (34, 2, 'Voluptates quis.', '0.00', 'Ut sed eum culpa animi ut quo. Perspiciatis qui enim corrupti commodi dolor ex ex consequatur. Sunt tenetur odio in reprehenderit hic eum. In eaque enim repellendus voluptatem rem qui. Nihil quis voluptas beatae nihil quia voluptatem.', '2014-01-14 10:03:34', '2013-03-03 22:56:43');
INSERT INTO `related_products` (`id`, `category_id`, `name`, `price`, `description`, `created_at`, `updated_at`) VALUES (35, 1, 'Nobis fuga.', '38.13', 'Et dignissimos fuga esse earum. Facilis perferendis quo sunt voluptatum. Est nulla qui at pariatur ipsa officiis asperiores recusandae.', '2020-02-21 11:30:58', '2014-07-18 12:20:37');
INSERT INTO `related_products` (`id`, `category_id`, `name`, `price`, `description`, `created_at`, `updated_at`) VALUES (36, 2, 'Accusamus et.', '5.30', 'Quo eveniet in blanditiis sunt ratione molestiae velit hic. Aut autem qui sunt neque commodi sapiente sunt.', '2011-03-24 10:10:11', '2014-10-21 06:43:55');
INSERT INTO `related_products` (`id`, `category_id`, `name`, `price`, `description`, `created_at`, `updated_at`) VALUES (37, 2, 'Similique id quod.', '4365983.68', 'Reiciendis est quia eum inventore expedita labore doloremque in. Quod reiciendis consequatur voluptatem et voluptatum. Reiciendis temporibus eaque est sit expedita cum. Praesentium eos asperiores veritatis quisquam.', '2013-06-05 02:35:48', '2018-05-22 05:51:58');
INSERT INTO `related_products` (`id`, `category_id`, `name`, `price`, `description`, `created_at`, `updated_at`) VALUES (38, 3, 'Fugit aliquam impedit.', '0.00', 'Quo autem consequatur consequuntur et. Exercitationem aut pariatur in reprehenderit eum est sequi atque. Nam sunt rerum est aut delectus nesciunt.', '2020-02-20 08:54:19', '2018-08-30 16:05:20');
INSERT INTO `related_products` (`id`, `category_id`, `name`, `price`, `description`, `created_at`, `updated_at`) VALUES (39, 2, 'Exercitationem magni illum.', '851703.50', 'Voluptatem quaerat dolorem eos tempora molestiae cupiditate. A architecto quibusdam praesentium id nihil. Nihil molestiae a alias ut.', '2012-02-12 07:28:26', '2017-11-04 23:59:51');
INSERT INTO `related_products` (`id`, `category_id`, `name`, `price`, `description`, `created_at`, `updated_at`) VALUES (40, 2, 'Sit a.', '1946.00', 'Aut rerum eos voluptatem quas. Voluptatem veritatis sit culpa et quo accusantium. Earum illo dolorum aliquam odio doloribus incidunt vel.', '2020-10-10 11:48:45', '2012-10-28 19:39:48');
INSERT INTO `related_products` (`id`, `category_id`, `name`, `price`, `description`, `created_at`, `updated_at`) VALUES (41, 3, 'Vel quo aut.', '0.00', 'Est ad blanditiis necessitatibus. Est necessitatibus eligendi et eum et blanditiis. Enim temporibus minima voluptas qui. Blanditiis reiciendis omnis iusto iure iure ad totam reiciendis. Ut et eligendi nihil harum.', '2020-05-13 01:08:40', '2015-01-17 05:31:08');
INSERT INTO `related_products` (`id`, `category_id`, `name`, `price`, `description`, `created_at`, `updated_at`) VALUES (42, 3, 'Maxime quis.', '166921450.07', 'Enim tempora occaecati non eum porro voluptas. Laudantium fugit quas sint quia non. Sunt et alias eligendi sint quam eum sunt et. Id labore pariatur et architecto et tempore.', '2012-02-16 13:32:59', '2012-04-20 17:14:28');
INSERT INTO `related_products` (`id`, `category_id`, `name`, `price`, `description`, `created_at`, `updated_at`) VALUES (43, 2, 'Quia aperiam architecto.', '89506677.16', 'Dolor est perferendis in quo suscipit. Et dolores veritatis sunt molestiae.', '2015-08-22 07:32:26', '2014-12-25 13:35:49');
INSERT INTO `related_products` (`id`, `category_id`, `name`, `price`, `description`, `created_at`, `updated_at`) VALUES (44, 2, 'Maiores provident nesciunt.', '305301.47', 'Velit saepe voluptates quos. Est accusantium rerum id non. Quos velit sequi nisi libero et.', '2019-11-21 19:24:58', '2017-03-08 08:31:07');
INSERT INTO `related_products` (`id`, `category_id`, `name`, `price`, `description`, `created_at`, `updated_at`) VALUES (45, 1, 'Voluptas id amet.', '521453.67', 'Est aut nam amet occaecati eos. Corporis officia minima asperiores provident. Aliquid ratione natus aut et ut modi recusandae. Atque sunt cum est quis harum.', '2012-08-18 17:08:05', '2019-05-22 13:41:09');
INSERT INTO `related_products` (`id`, `category_id`, `name`, `price`, `description`, `created_at`, `updated_at`) VALUES (46, 2, 'Ratione soluta.', '40.80', 'Numquam qui dolor vero officia deserunt aut nisi. In laudantium ut at et nulla. Veritatis qui mollitia iure. Adipisci hic dolorem ut debitis perspiciatis excepturi.', '2014-01-25 22:48:10', '2018-07-18 19:35:55');
INSERT INTO `related_products` (`id`, `category_id`, `name`, `price`, `description`, `created_at`, `updated_at`) VALUES (47, 3, 'Sunt dolores et.', '44836.84', 'Error dolor sit quia consequatur. Ducimus dolorem error architecto minus non et. Nihil ab optio molestiae recusandae ab magnam ipsa aut. Sit aliquam laborum soluta quam.', '2016-08-03 12:56:43', '2013-05-10 15:38:03');
INSERT INTO `related_products` (`id`, `category_id`, `name`, `price`, `description`, `created_at`, `updated_at`) VALUES (48, 1, 'Suscipit dolores.', '78.04', 'Eaque assumenda eius et ut reprehenderit possimus. Et facere ab placeat tempore consequatur exercitationem omnis. Ipsam sed sint provident magni laudantium vel.', '2012-02-27 16:43:23', '2015-06-10 02:04:55');
INSERT INTO `related_products` (`id`, `category_id`, `name`, `price`, `description`, `created_at`, `updated_at`) VALUES (49, 2, 'Nam voluptas quod.', '0.61', 'Illo quos eos necessitatibus voluptatem sed blanditiis ab. Alias recusandae praesentium voluptas blanditiis. Repudiandae voluptas voluptatem alias ea aut amet. Et tenetur in voluptas deleniti et voluptas et quidem.', '2011-06-13 21:54:37', '2016-01-23 00:48:57');
INSERT INTO `related_products` (`id`, `category_id`, `name`, `price`, `description`, `created_at`, `updated_at`) VALUES (50, 1, 'Rem repudiandae.', '0.00', 'Omnis mollitia corrupti inventore mollitia maiores. Repudiandae accusamus error ratione ex facilis. Et voluptatem labore sit delectus animi quod. Voluptatum sunt voluptas quaerat modi veniam quia.', '2014-09-06 13:37:19', '2019-03-20 17:50:04');
INSERT INTO `related_products` (`id`, `category_id`, `name`, `price`, `description`, `created_at`, `updated_at`) VALUES (51, 1, 'Omnis ut.', '26961966.65', 'Qui sed quaerat sunt quas. Ut omnis ex perferendis exercitationem odit laboriosam. Reiciendis nihil et rem. Quasi assumenda voluptates ipsa alias similique esse.', '2019-08-22 03:28:10', '2019-05-18 05:17:23');
INSERT INTO `related_products` (`id`, `category_id`, `name`, `price`, `description`, `created_at`, `updated_at`) VALUES (52, 3, 'At eos.', '190.90', 'In qui aspernatur voluptates quos. Veritatis et pariatur hic qui nisi minima. A vitae quos architecto numquam reprehenderit et temporibus. Officiis qui et voluptas impedit alias nesciunt.', '2015-08-01 04:21:51', '2016-11-04 15:55:34');
INSERT INTO `related_products` (`id`, `category_id`, `name`, `price`, `description`, `created_at`, `updated_at`) VALUES (53, 1, 'Nesciunt quo.', '0.00', 'Id sed et dicta placeat corrupti laborum. Impedit neque qui molestias blanditiis in aut nulla. Temporibus soluta quam reprehenderit et tenetur. Omnis cum consectetur vel sunt nihil doloremque.', '2015-01-30 21:12:57', '2011-12-15 03:24:44');
INSERT INTO `related_products` (`id`, `category_id`, `name`, `price`, `description`, `created_at`, `updated_at`) VALUES (54, 2, 'Facere incidunt.', '2.00', 'Illum et eos blanditiis dolore. Accusantium provident ullam nam sunt illum tenetur officia. Esse nulla et voluptatum ad modi ut. Iure aut quia perspiciatis nihil debitis consequatur.', '2020-01-09 11:22:19', '2012-06-13 13:22:20');
INSERT INTO `related_products` (`id`, `category_id`, `name`, `price`, `description`, `created_at`, `updated_at`) VALUES (55, 1, 'Est ducimus sunt.', '3935.50', 'Id excepturi adipisci esse sit labore tenetur. Temporibus quasi repellat consequatur pariatur est mollitia excepturi. Cumque ea quo itaque ab. Pariatur facere eveniet eos qui quo.', '2014-09-12 03:53:04', '2018-12-03 18:49:02');
INSERT INTO `related_products` (`id`, `category_id`, `name`, `price`, `description`, `created_at`, `updated_at`) VALUES (56, 2, 'Ab non quibusdam.', '24857360.03', 'At nobis deserunt non adipisci ut expedita. Dicta fugiat cupiditate a qui dolor. Et sit veritatis perferendis dolorem in voluptates voluptatum. Reiciendis non et ad molestias cumque.', '2014-09-07 13:19:24', '2013-11-23 10:50:09');
INSERT INTO `related_products` (`id`, `category_id`, `name`, `price`, `description`, `created_at`, `updated_at`) VALUES (57, 3, 'Rerum voluptatem sed.', '604.36', 'Earum quo officia itaque quod. Est animi eos aut. Ut cumque vero et velit.', '2015-05-30 15:47:14', '2018-03-23 05:23:19');
INSERT INTO `related_products` (`id`, `category_id`, `name`, `price`, `description`, `created_at`, `updated_at`) VALUES (58, 3, 'Recusandae sequi et.', '32850679.80', 'Sit aut aut commodi ut ut facere. Accusamus hic vel iure et explicabo sed. Placeat minima odio impedit. Pariatur et ipsam quae sed. Qui error dolorem est dolor inventore expedita.', '2016-03-17 17:42:58', '2012-02-28 11:12:55');
INSERT INTO `related_products` (`id`, `category_id`, `name`, `price`, `description`, `created_at`, `updated_at`) VALUES (59, 2, 'Neque ratione.', '23.00', 'Quo quia sint dolorem ut architecto vel. Voluptatem explicabo et voluptates odit odit esse delectus a. Qui ratione quia consequatur officia.', '2013-02-08 23:14:46', '2014-06-13 23:03:57');
INSERT INTO `related_products` (`id`, `category_id`, `name`, `price`, `description`, `created_at`, `updated_at`) VALUES (60, 2, 'Quo amet et.', '198928.71', 'Architecto tempore provident rem rerum corrupti impedit. Harum consequatur amet deleniti quaerat quasi commodi libero. Dignissimos et ea quia exercitationem provident ex iure error.', '2013-12-15 22:28:39', '2016-07-10 18:35:07');
INSERT INTO `related_products` (`id`, `category_id`, `name`, `price`, `description`, `created_at`, `updated_at`) VALUES (61, 3, 'Voluptatibus facilis fugit.', '60691.37', 'Optio tempora provident perferendis dolore fugiat at. Consequatur hic ad et molestiae amet. Deleniti laboriosam ullam beatae amet officiis quod magnam.', '2018-08-27 18:28:54', '2016-08-31 03:48:15');
INSERT INTO `related_products` (`id`, `category_id`, `name`, `price`, `description`, `created_at`, `updated_at`) VALUES (62, 1, 'Animi quaerat iste.', '17797.43', 'Excepturi ex beatae id aut qui. Velit corrupti omnis ex rerum molestias molestiae accusantium.', '2017-10-04 04:45:19', '2012-02-14 00:14:14');
INSERT INTO `related_products` (`id`, `category_id`, `name`, `price`, `description`, `created_at`, `updated_at`) VALUES (63, 2, 'Consequatur tempore.', '24235.08', 'Aut sed voluptas rerum quam beatae. Non deserunt est asperiores praesentium. Ullam distinctio nulla explicabo quasi omnis.', '2020-04-22 08:04:03', '2018-08-27 15:18:55');
INSERT INTO `related_products` (`id`, `category_id`, `name`, `price`, `description`, `created_at`, `updated_at`) VALUES (64, 1, 'Maiores qui et.', '2.10', 'Optio sit earum culpa consequatur unde asperiores. Alias odit sint velit voluptatem consequuntur laudantium illum. Quisquam fuga beatae repellendus eveniet qui.', '2016-05-25 23:31:43', '2017-06-01 00:12:49');
INSERT INTO `related_products` (`id`, `category_id`, `name`, `price`, `description`, `created_at`, `updated_at`) VALUES (65, 2, 'Facere assumenda.', '67341.15', 'Distinctio dolor omnis est quas deleniti id suscipit. Aut exercitationem harum ut voluptatum ipsa cupiditate autem. Sed ut ipsam dolor vel quos eligendi velit. Dolor repellat quo repudiandae aspernatur sint.', '2016-08-15 19:22:42', '2016-03-07 11:09:58');
INSERT INTO `related_products` (`id`, `category_id`, `name`, `price`, `description`, `created_at`, `updated_at`) VALUES (66, 2, 'Veniam error.', '18405990.41', 'Voluptatem quod cupiditate accusantium illo est est. Numquam provident nostrum in amet. Et rem velit ipsum voluptas iusto perferendis tempora. Id exercitationem non quo quia iusto.', '2020-12-12 07:29:46', '2020-06-12 04:57:48');
INSERT INTO `related_products` (`id`, `category_id`, `name`, `price`, `description`, `created_at`, `updated_at`) VALUES (67, 1, 'Aut laudantium.', '2.77', 'Reprehenderit eveniet optio est et. Molestiae debitis id dolorum autem omnis sed aut. Repudiandae quam aut fugiat est at autem. Id ipsa porro sequi.', '2015-07-09 07:23:34', '2019-09-28 12:39:24');
INSERT INTO `related_products` (`id`, `category_id`, `name`, `price`, `description`, `created_at`, `updated_at`) VALUES (68, 2, 'Eos ut.', '24977.86', 'In autem eveniet vitae eum. Et commodi quia nobis qui earum possimus. Quaerat enim numquam soluta ut. Recusandae nostrum distinctio nobis.', '2015-02-19 23:08:26', '2011-11-06 12:49:39');
INSERT INTO `related_products` (`id`, `category_id`, `name`, `price`, `description`, `created_at`, `updated_at`) VALUES (69, 1, 'Rem nihil sequi.', '5.30', 'Consequatur voluptate id fugit perferendis consectetur fugit omnis. Ut ad sit quam natus. Id nesciunt et cupiditate qui.', '2013-05-13 16:08:46', '2019-11-05 13:33:44');
INSERT INTO `related_products` (`id`, `category_id`, `name`, `price`, `description`, `created_at`, `updated_at`) VALUES (70, 1, 'Rerum commodi.', '84.43', 'Laudantium et dicta quaerat voluptatem. Laboriosam cumque tenetur et omnis odio voluptatem. Mollitia ducimus ut sed consequatur placeat.', '2013-04-13 23:47:09', '2011-11-23 14:41:09');
INSERT INTO `related_products` (`id`, `category_id`, `name`, `price`, `description`, `created_at`, `updated_at`) VALUES (71, 3, 'Illum architecto.', '0.68', 'Facere at error nihil. Molestiae aliquam cum officiis vitae. Odio non omnis blanditiis in eveniet iste. Quis sed ducimus earum qui ut.', '2017-02-17 04:05:09', '2012-04-09 20:26:16');
INSERT INTO `related_products` (`id`, `category_id`, `name`, `price`, `description`, `created_at`, `updated_at`) VALUES (72, 3, 'Et et optio.', '2256612.58', 'Distinctio voluptatem ratione porro necessitatibus exercitationem id quae dolorum. Enim enim ab error consequuntur repellat veniam molestiae. Explicabo odit sunt vero beatae voluptatem labore qui. Eligendi hic ab eum sunt.', '2018-10-19 21:51:10', '2015-01-12 10:27:43');
INSERT INTO `related_products` (`id`, `category_id`, `name`, `price`, `description`, `created_at`, `updated_at`) VALUES (73, 3, 'Iste sit tempora.', '325.61', 'Quis voluptas vero aut eaque suscipit totam sunt aut. Qui cumque mollitia magni delectus. Deserunt provident itaque deserunt vel omnis.', '2014-01-01 21:59:57', '2020-05-15 02:36:28');
INSERT INTO `related_products` (`id`, `category_id`, `name`, `price`, `description`, `created_at`, `updated_at`) VALUES (74, 2, 'Accusamus quia voluptates.', '0.80', 'Provident et recusandae est facere. Officia repudiandae soluta ipsam provident voluptatem. Dolores quibusdam excepturi doloribus officiis dolorem.', '2020-04-08 06:47:54', '2013-04-05 13:45:18');
INSERT INTO `related_products` (`id`, `category_id`, `name`, `price`, `description`, `created_at`, `updated_at`) VALUES (75, 2, 'Itaque quidem.', '646976.70', 'Quis et aliquam accusamus in maxime dolore voluptatem. Modi labore veritatis eveniet culpa quidem qui doloremque. Ab aut at magni voluptas labore nobis nisi harum. Sit possimus qui molestiae.', '2012-01-03 01:26:33', '2018-11-27 20:01:44');
INSERT INTO `related_products` (`id`, `category_id`, `name`, `price`, `description`, `created_at`, `updated_at`) VALUES (76, 3, 'Ratione deserunt.', '42.95', 'Corrupti ipsa qui iusto voluptas. Amet pariatur occaecati assumenda. Molestiae eligendi minus expedita. Ex velit repellendus culpa est sapiente ea occaecati.', '2014-07-17 17:09:36', '2013-02-25 06:02:08');
INSERT INTO `related_products` (`id`, `category_id`, `name`, `price`, `description`, `created_at`, `updated_at`) VALUES (77, 2, 'Voluptatem provident.', '2129948.00', 'Similique et sed occaecati voluptatem et. Est commodi quis modi illum quia distinctio. Et fuga dolor fuga soluta. Sit mollitia ea perspiciatis rem ut.', '2011-03-16 21:18:46', '2016-04-16 05:14:16');
INSERT INTO `related_products` (`id`, `category_id`, `name`, `price`, `description`, `created_at`, `updated_at`) VALUES (78, 3, 'Eos molestiae ipsum.', '1.25', 'Magnam sequi nihil aut vero et quasi. Aut odio illo et vel veniam. Ut doloribus doloribus voluptas et quod corrupti ut est. Quidem quia magni libero sunt voluptas sit aut.', '2020-10-15 20:37:14', '2020-05-27 12:51:58');
INSERT INTO `related_products` (`id`, `category_id`, `name`, `price`, `description`, `created_at`, `updated_at`) VALUES (79, 2, 'Inventore dolores odio.', '6476652.80', 'Quia repellat rerum saepe non ut quibusdam. Rerum deleniti illo laudantium et laboriosam id. Consequuntur ut dolorum rerum et omnis rem. Animi odit repudiandae et maxime consequuntur provident.', '2017-02-05 23:36:38', '2020-07-11 14:04:43');
INSERT INTO `related_products` (`id`, `category_id`, `name`, `price`, `description`, `created_at`, `updated_at`) VALUES (80, 2, 'Dignissimos beatae.', '5298.31', 'Labore sint dolorem ut alias. Quis corrupti vitae incidunt.', '2016-12-12 06:20:57', '2019-08-02 18:58:03');
INSERT INTO `related_products` (`id`, `category_id`, `name`, `price`, `description`, `created_at`, `updated_at`) VALUES (81, 3, 'Ut commodi sunt.', '580212863.04', 'Sed officia adipisci odio et. Vitae quia aut et nobis expedita harum harum id. Deleniti id dolorum optio dolorum quo qui exercitationem. Vero accusamus eum consequatur aut optio. Ut laborum consequatur laborum quo rem qui voluptas.', '2012-10-23 04:27:05', '2020-08-11 07:52:10');
INSERT INTO `related_products` (`id`, `category_id`, `name`, `price`, `description`, `created_at`, `updated_at`) VALUES (82, 2, 'Ipsa recusandae.', '1589.04', 'Temporibus enim voluptas qui exercitationem. Cum minus eos tenetur ut. Cumque enim sint vitae odio molestias soluta.', '2020-05-18 11:11:56', '2015-12-10 18:04:31');
INSERT INTO `related_products` (`id`, `category_id`, `name`, `price`, `description`, `created_at`, `updated_at`) VALUES (83, 3, 'Est ipsam quos.', '235554871.40', 'Saepe qui id eum nemo similique labore. Sunt error vitae deleniti in qui illum. Veniam asperiores et numquam delectus tempore vel qui. Sit laborum cumque accusantium quia.', '2012-10-01 08:01:05', '2013-07-11 11:54:00');
INSERT INTO `related_products` (`id`, `category_id`, `name`, `price`, `description`, `created_at`, `updated_at`) VALUES (84, 1, 'Reiciendis aut aut.', '3940910.01', 'Neque eos quae saepe facere nulla soluta enim ipsam. Nobis vero consequuntur praesentium architecto nesciunt doloribus. Quidem praesentium et nisi odio asperiores qui voluptas iste.', '2018-08-22 14:47:11', '2014-06-14 05:09:21');
INSERT INTO `related_products` (`id`, `category_id`, `name`, `price`, `description`, `created_at`, `updated_at`) VALUES (85, 2, 'Dolores iusto.', '184113407.71', 'Provident aliquid placeat minima laboriosam maxime porro. Nesciunt ab voluptatem iste quibusdam placeat. Aut ab expedita sed sed. Est autem rerum minus voluptatum illum quos et.', '2015-01-13 21:48:03', '2019-01-23 18:12:06');
INSERT INTO `related_products` (`id`, `category_id`, `name`, `price`, `description`, `created_at`, `updated_at`) VALUES (86, 3, 'Officiis minus sed.', '809.06', 'Nobis officiis optio a earum molestiae quidem. Autem assumenda distinctio est. Nihil ipsam expedita aspernatur cupiditate veritatis earum aut. Consequuntur expedita nihil ipsum occaecati quos fugiat est.', '2011-05-23 13:46:18', '2019-10-01 10:39:41');
INSERT INTO `related_products` (`id`, `category_id`, `name`, `price`, `description`, `created_at`, `updated_at`) VALUES (87, 2, 'Dolores occaecati voluptatem.', '386.98', 'Rerum minima non qui neque beatae nostrum est. Odio omnis deleniti mollitia facilis aspernatur accusamus id vel. Aut et mollitia magnam placeat minus unde.', '2011-05-08 02:58:05', '2017-05-24 07:32:43');
INSERT INTO `related_products` (`id`, `category_id`, `name`, `price`, `description`, `created_at`, `updated_at`) VALUES (88, 3, 'Blanditiis maxime.', '2.17', 'Porro aut aut et voluptas. Dolor impedit ea ipsam hic quo pariatur error. Alias quos cupiditate saepe voluptas ea sunt.', '2012-02-19 07:42:29', '2016-08-09 21:47:28');
INSERT INTO `related_products` (`id`, `category_id`, `name`, `price`, `description`, `created_at`, `updated_at`) VALUES (89, 1, 'A doloribus et.', '1.00', 'Cum quia aut ullam voluptas. Blanditiis quos est minus quaerat quaerat. Aut ipsa dolor harum. Beatae rem enim magni sit.', '2013-03-13 04:39:31', '2018-04-29 21:26:09');
INSERT INTO `related_products` (`id`, `category_id`, `name`, `price`, `description`, `created_at`, `updated_at`) VALUES (90, 2, 'Tempora corrupti.', '2708.00', 'Minus rerum placeat tenetur maxime esse quae doloremque. Voluptas dicta recusandae tempore esse voluptatem. Non aut amet in.', '2021-02-27 13:58:20', '2019-05-25 01:13:13');
INSERT INTO `related_products` (`id`, `category_id`, `name`, `price`, `description`, `created_at`, `updated_at`) VALUES (91, 3, 'Quis est aut.', '358.66', 'Et doloremque odio ut aut placeat vel totam. Minima recusandae et itaque unde eum quia ex. Quod voluptatem consectetur doloremque perspiciatis.', '2011-07-30 02:24:46', '2017-05-21 10:54:14');
INSERT INTO `related_products` (`id`, `category_id`, `name`, `price`, `description`, `created_at`, `updated_at`) VALUES (92, 1, 'Consectetur iusto.', '3355.06', 'Perspiciatis dolore aperiam ut. Voluptas inventore rerum est quasi et in. Porro totam et consequuntur. Facere eaque consectetur magnam sed.', '2017-09-30 20:28:04', '2014-09-23 10:19:15');
INSERT INTO `related_products` (`id`, `category_id`, `name`, `price`, `description`, `created_at`, `updated_at`) VALUES (93, 2, 'Qui molestiae consequatur.', '8426927.21', 'Enim autem rem delectus soluta beatae sit. Ipsum odio occaecati magni ullam ea non vel. Assumenda tenetur necessitatibus ea necessitatibus facere eos asperiores.', '2018-10-09 05:39:08', '2016-08-04 02:18:54');
INSERT INTO `related_products` (`id`, `category_id`, `name`, `price`, `description`, `created_at`, `updated_at`) VALUES (94, 1, 'Saepe corporis aut.', '395398.08', 'Doloribus voluptatem qui tenetur eligendi. Et omnis voluptatem mollitia ipsum quo autem ex. Ea inventore delectus eum iusto atque. Dolorum fuga sed quibusdam omnis architecto qui cupiditate voluptatem.', '2019-08-07 19:46:33', '2013-08-13 04:56:26');
INSERT INTO `related_products` (`id`, `category_id`, `name`, `price`, `description`, `created_at`, `updated_at`) VALUES (95, 1, 'Modi magnam dolores.', '327500936.62', 'Aut aspernatur voluptas autem adipisci nesciunt quo nemo. Velit quod corporis qui incidunt vel dolor libero. Rerum molestias fuga ex iusto assumenda et sit.', '2018-05-11 12:16:04', '2015-01-21 09:59:23');
INSERT INTO `related_products` (`id`, `category_id`, `name`, `price`, `description`, `created_at`, `updated_at`) VALUES (96, 1, 'Qui molestiae.', '4.70', 'Atque porro repellat aperiam enim facere similique reiciendis iure. Eligendi in impedit provident eum unde consequuntur. Eaque cum et nulla molestiae qui qui.', '2016-05-21 11:47:44', '2019-05-26 17:34:47');
INSERT INTO `related_products` (`id`, `category_id`, `name`, `price`, `description`, `created_at`, `updated_at`) VALUES (97, 3, 'Suscipit nulla.', '790909.90', 'Esse architecto qui tempore fugiat. Dolores omnis assumenda consequuntur et voluptas. Nobis ipsa tempore aut ipsa rerum. Vel nobis qui rerum nostrum.', '2013-03-29 02:49:25', '2013-01-14 11:54:25');
INSERT INTO `related_products` (`id`, `category_id`, `name`, `price`, `description`, `created_at`, `updated_at`) VALUES (98, 1, 'Velit praesentium est.', '31.51', 'Optio quis est qui ut et neque enim. Neque voluptas ad et. Rem officiis dolores et aut nihil neque. Non pariatur aperiam tempore facere ut non. Explicabo aliquam numquam et.', '2012-12-16 23:13:57', '2016-09-11 03:46:09');
INSERT INTO `related_products` (`id`, `category_id`, `name`, `price`, `description`, `created_at`, `updated_at`) VALUES (99, 1, 'Iusto fugit odit.', '1756269.92', 'Quae cupiditate sit magni magnam eum repellat sed. In explicabo maxime blanditiis quos similique. At eum eos numquam. Odio sed itaque non.', '2011-06-03 06:37:45', '2017-06-09 14:48:48');
INSERT INTO `related_products` (`id`, `category_id`, `name`, `price`, `description`, `created_at`, `updated_at`) VALUES (100, 1, 'Odit totam.', '0.00', 'Est et at autem. Aperiam officiis quo et. Earum velit quia ea debitis quia occaecati sunt. Optio nisi laboriosam omnis fugit.', '2015-10-23 04:28:33', '2019-10-07 12:07:49');
INSERT INTO `related_products` (`id`, `category_id`, `name`, `price`, `description`, `created_at`, `updated_at`) VALUES (101, 3, 'Magni ut.', '14591931.80', 'Perspiciatis ut quia amet. Modi et voluptate quo beatae. Non nemo laborum veniam ex placeat. Est repellendus tenetur fugiat quisquam accusamus quam et.', '2011-04-18 06:45:21', '2011-03-17 22:01:47');
INSERT INTO `related_products` (`id`, `category_id`, `name`, `price`, `description`, `created_at`, `updated_at`) VALUES (102, 3, 'Neque voluptatem.', '5352961.00', 'Ut omnis placeat recusandae molestiae enim architecto exercitationem repellat. Exercitationem corrupti eveniet eius est magni. Minima nam ut exercitationem mollitia.', '2020-02-25 09:01:49', '2015-07-01 11:15:11');
INSERT INTO `related_products` (`id`, `category_id`, `name`, `price`, `description`, `created_at`, `updated_at`) VALUES (103, 1, 'Consequatur soluta.', '2.94', 'Iure consequatur rerum voluptatum eos voluptas amet dolorum. Ab doloribus sunt unde eos aut qui consequatur. Et occaecati quia recusandae vero ipsa fuga. Neque magni nobis in ut.', '2017-11-08 18:06:06', '2015-04-14 14:11:14');
INSERT INTO `related_products` (`id`, `category_id`, `name`, `price`, `description`, `created_at`, `updated_at`) VALUES (104, 1, 'Itaque deleniti aut.', '0.00', 'Dolores similique dicta voluptatem recusandae et voluptas. Vel deserunt ex quod architecto id. Eos est laudantium quis neque accusamus voluptas. Odit atque magni blanditiis tempore. Nesciunt ullam est qui dolor consequatur magnam rem.', '2015-11-25 11:28:05', '2019-05-05 18:24:03');
INSERT INTO `related_products` (`id`, `category_id`, `name`, `price`, `description`, `created_at`, `updated_at`) VALUES (105, 1, 'Odit officia aperiam.', '7.83', 'Sit sit dolor ipsum voluptas rerum. Exercitationem harum non magni autem ut ullam nisi. Quibusdam qui consectetur eius eos provident quasi minus.', '2019-04-04 00:17:15', '2014-08-04 07:36:40');
INSERT INTO `related_products` (`id`, `category_id`, `name`, `price`, `description`, `created_at`, `updated_at`) VALUES (106, 1, 'Et ex.', '57.58', 'Eaque fugit beatae harum mollitia nostrum. Corporis est possimus aut. Non laudantium laboriosam voluptates cum labore consequatur.', '2016-08-02 23:31:00', '2013-05-08 15:37:03');
INSERT INTO `related_products` (`id`, `category_id`, `name`, `price`, `description`, `created_at`, `updated_at`) VALUES (107, 1, 'Et nostrum.', '5250.00', 'Amet sed consequuntur voluptatem consequatur id quia eos. Voluptatem vero quia voluptas sit. Et porro et voluptatum pariatur autem sit.', '2020-05-05 20:20:25', '2012-09-19 20:08:22');
INSERT INTO `related_products` (`id`, `category_id`, `name`, `price`, `description`, `created_at`, `updated_at`) VALUES (108, 1, 'Dolorum ut.', '15598029.46', 'Est aperiam soluta sunt excepturi voluptas natus ea. Et ut ut doloremque qui est. Provident assumenda quos aut et.', '2016-04-14 05:58:45', '2015-09-08 19:56:57');
INSERT INTO `related_products` (`id`, `category_id`, `name`, `price`, `description`, `created_at`, `updated_at`) VALUES (109, 1, 'Modi dolor blanditiis.', '66585002.53', 'Dolorem quidem tenetur impedit sed. Ipsum quos dolorem voluptatem aut omnis illum ducimus dolore. Asperiores aperiam et excepturi illum in consequatur iusto a.', '2017-05-30 06:11:06', '2013-01-11 23:03:30');
INSERT INTO `related_products` (`id`, `category_id`, `name`, `price`, `description`, `created_at`, `updated_at`) VALUES (110, 3, 'Hic autem dolores.', '42.95', 'Dolorum esse accusamus iste. Enim veniam autem reiciendis. Sint cumque exercitationem qui. Enim alias quia quod dolore est.', '2016-05-15 22:43:02', '2011-08-16 10:19:00');
INSERT INTO `related_products` (`id`, `category_id`, `name`, `price`, `description`, `created_at`, `updated_at`) VALUES (111, 3, 'Rerum quia est.', '0.70', 'In ad blanditiis inventore nihil dolor voluptatibus id. At molestiae suscipit sit quia. Aliquam quidem rerum ipsam nihil.', '2018-11-25 16:49:48', '2015-08-25 09:43:31');
INSERT INTO `related_products` (`id`, `category_id`, `name`, `price`, `description`, `created_at`, `updated_at`) VALUES (112, 3, 'Minima quia a.', '281309388.41', 'Doloribus officia modi blanditiis et. Distinctio rerum deleniti nihil voluptas.', '2017-01-08 12:46:28', '2014-09-18 19:17:45');
INSERT INTO `related_products` (`id`, `category_id`, `name`, `price`, `description`, `created_at`, `updated_at`) VALUES (113, 1, 'Pariatur explicabo iure.', '1079330.78', 'Neque adipisci accusamus quia aperiam. Omnis vitae vel nulla nihil. Nam atque ut aut vitae.', '2018-02-28 10:35:04', '2013-08-07 05:38:47');
INSERT INTO `related_products` (`id`, `category_id`, `name`, `price`, `description`, `created_at`, `updated_at`) VALUES (114, 3, 'Doloremque eos sint.', '22.83', 'Unde qui dolor natus consequuntur porro unde. Sit possimus quam officia quaerat reprehenderit optio. Dolores qui qui odit accusamus veniam sit.', '2012-11-04 22:51:35', '2014-06-27 09:49:39');
INSERT INTO `related_products` (`id`, `category_id`, `name`, `price`, `description`, `created_at`, `updated_at`) VALUES (115, 2, 'Sed corrupti.', '51470.02', 'Eum laborum earum impedit et voluptas. Nostrum quae maiores ducimus voluptatem dolorem aut. Velit voluptas minus in.', '2018-10-04 04:45:08', '2019-01-19 01:21:22');
INSERT INTO `related_products` (`id`, `category_id`, `name`, `price`, `description`, `created_at`, `updated_at`) VALUES (116, 2, 'Tenetur expedita.', '27.40', 'Esse vero consequatur dolorum et laborum. Rerum recusandae sed consequatur sapiente maiores. Consequatur totam modi sed voluptatibus odit non. Quis quis aut cum qui.', '2018-06-28 21:37:26', '2012-12-10 14:39:00');
INSERT INTO `related_products` (`id`, `category_id`, `name`, `price`, `description`, `created_at`, `updated_at`) VALUES (117, 3, 'Eos iste quo.', '1.29', 'Dolore quis natus repellendus quo. Porro fugiat quis labore eos labore esse. At et tempora sed laborum dolore. Perferendis et autem enim distinctio corporis quae. Eveniet voluptates perspiciatis porro occaecati inventore.', '2019-11-18 02:25:16', '2019-08-10 10:43:35');
INSERT INTO `related_products` (`id`, `category_id`, `name`, `price`, `description`, `created_at`, `updated_at`) VALUES (118, 1, 'Et sit.', '5261018.10', 'Consequatur dolorum velit ullam eum est. Repudiandae adipisci consectetur ut et vel. Quia aut est illum nisi illo ipsam.', '2018-01-01 17:23:59', '2013-06-17 23:38:28');
INSERT INTO `related_products` (`id`, `category_id`, `name`, `price`, `description`, `created_at`, `updated_at`) VALUES (119, 2, 'Temporibus dolorem adipisci.', '5783032.72', 'Iure expedita ut sequi blanditiis. Commodi harum possimus nulla omnis. Similique temporibus et voluptatem sit consequatur perferendis impedit vitae. Temporibus totam magnam voluptatem voluptates tenetur et.', '2013-02-14 15:18:54', '2013-02-23 21:05:15');
INSERT INTO `related_products` (`id`, `category_id`, `name`, `price`, `description`, `created_at`, `updated_at`) VALUES (120, 3, 'Et aut.', '0.00', 'Et eum sequi iusto nobis. Exercitationem perspiciatis accusamus aperiam nihil dolor rerum. Necessitatibus nesciunt et exercitationem tempore quo facere est.', '2020-04-10 00:19:10', '2014-02-10 04:45:35');
INSERT INTO `related_products` (`id`, `category_id`, `name`, `price`, `description`, `created_at`, `updated_at`) VALUES (121, 2, 'Consequuntur in hic.', '4.00', 'Voluptas harum nihil rerum et. Pariatur rerum quaerat molestiae et quo consectetur. Veniam deleniti quis quis ullam voluptates doloremque nesciunt.', '2011-05-16 00:10:31', '2014-05-30 00:43:08');
INSERT INTO `related_products` (`id`, `category_id`, `name`, `price`, `description`, `created_at`, `updated_at`) VALUES (122, 2, 'Veritatis excepturi.', '389329.42', 'Aut et asperiores exercitationem vitae. Et ex debitis temporibus libero. Tenetur quis quod veritatis asperiores est. Ratione asperiores sit fuga.', '2019-10-14 04:41:02', '2016-10-21 09:18:03');
INSERT INTO `related_products` (`id`, `category_id`, `name`, `price`, `description`, `created_at`, `updated_at`) VALUES (123, 1, 'Cupiditate tenetur.', '5200837.28', 'Id nulla quisquam cumque. Reiciendis architecto laudantium blanditiis porro et. Odio quia quidem dolore ducimus saepe. Non nostrum qui accusantium molestias et. Iure porro labore velit accusantium laudantium debitis cum repellat.', '2012-03-10 03:32:59', '2020-04-13 07:57:51');
INSERT INTO `related_products` (`id`, `category_id`, `name`, `price`, `description`, `created_at`, `updated_at`) VALUES (124, 3, 'Veritatis sed quaerat.', '36.64', 'Consequatur tempore debitis aliquam nam voluptatum. Et odit impedit eveniet adipisci tenetur ut voluptatum ut. Sint maiores et esse est laudantium laudantium perferendis.', '2014-09-13 21:02:29', '2016-09-22 16:36:33');
INSERT INTO `related_products` (`id`, `category_id`, `name`, `price`, `description`, `created_at`, `updated_at`) VALUES (125, 2, 'Ut iusto.', '7.94', 'Quis distinctio voluptates deleniti sit dicta sint. Voluptatem quis alias enim consequatur quos voluptatem.', '2015-12-17 08:31:25', '2020-12-13 12:21:15');
INSERT INTO `related_products` (`id`, `category_id`, `name`, `price`, `description`, `created_at`, `updated_at`) VALUES (126, 1, 'Eum quos dolores.', '7979.30', 'Nulla a sunt quia cum deserunt. Vel est non blanditiis non explicabo est sint. Quisquam sed voluptatem possimus vero occaecati.', '2020-04-02 02:50:01', '2014-04-03 14:29:13');
INSERT INTO `related_products` (`id`, `category_id`, `name`, `price`, `description`, `created_at`, `updated_at`) VALUES (127, 1, 'Accusamus ab necessitatibus.', '245408378.78', 'Eveniet harum maiores aliquid. Cupiditate hic autem voluptatem consequuntur fugit. Voluptas quidem est delectus quia recusandae. Libero non et et et at sunt quo quibusdam. Quia officiis doloremque dolorum.', '2011-03-15 14:50:24', '2019-02-21 08:58:27');
INSERT INTO `related_products` (`id`, `category_id`, `name`, `price`, `description`, `created_at`, `updated_at`) VALUES (128, 1, 'Rerum cupiditate est.', '17252119.00', 'Natus aliquam dicta voluptatem placeat dicta sit laudantium. Dolores non occaecati eos quis assumenda alias soluta ab. Beatae error quos quis ut quas sed vel.', '2021-01-17 23:44:31', '2012-02-28 09:09:12');
INSERT INTO `related_products` (`id`, `category_id`, `name`, `price`, `description`, `created_at`, `updated_at`) VALUES (129, 2, 'Id voluptas voluptatem.', '28439478.35', 'Recusandae quia animi excepturi porro. Assumenda rerum consectetur sint quisquam corrupti. Sed consectetur ipsa tempore numquam eum aut.', '2018-02-04 18:51:53', '2013-10-06 18:04:44');
INSERT INTO `related_products` (`id`, `category_id`, `name`, `price`, `description`, `created_at`, `updated_at`) VALUES (130, 3, 'Corporis assumenda qui.', '11134.50', 'Eius et quis eligendi in. Culpa impedit magnam voluptatibus quasi. Ut maiores sint dolor est id qui est.', '2015-12-07 21:12:16', '2016-09-16 18:43:54');
INSERT INTO `related_products` (`id`, `category_id`, `name`, `price`, `description`, `created_at`, `updated_at`) VALUES (131, 3, 'Dolores aspernatur.', '18859516.90', 'Id accusantium illum fugit reprehenderit sint a totam sint. Aspernatur optio vel eos esse odit omnis minima velit.', '2014-10-17 06:43:32', '2011-08-02 23:22:23');
INSERT INTO `related_products` (`id`, `category_id`, `name`, `price`, `description`, `created_at`, `updated_at`) VALUES (132, 2, 'Qui ex.', '90287.74', 'Aut voluptas consequatur est qui. Consequatur quos id soluta at quibusdam. Dolor et eum consequuntur corrupti.', '2011-12-27 22:54:00', '2016-07-20 22:49:31');
INSERT INTO `related_products` (`id`, `category_id`, `name`, `price`, `description`, `created_at`, `updated_at`) VALUES (133, 1, 'Dolor laudantium.', '0.00', 'Ut molestias similique aliquid accusantium eum. Et perspiciatis aperiam sit qui perspiciatis exercitationem. Nostrum expedita officiis quia enim est.', '2014-06-20 18:50:11', '2015-10-28 20:35:49');
INSERT INTO `related_products` (`id`, `category_id`, `name`, `price`, `description`, `created_at`, `updated_at`) VALUES (134, 3, 'Qui amet doloremque.', '36.25', 'Tenetur repudiandae ut ut similique. Animi quia ipsa error est perspiciatis. In occaecati necessitatibus aliquam iure ut voluptas incidunt. Et aliquid explicabo fuga sequi.', '2019-11-07 05:19:24', '2015-06-19 14:14:20');
INSERT INTO `related_products` (`id`, `category_id`, `name`, `price`, `description`, `created_at`, `updated_at`) VALUES (135, 1, 'Sapiente eum.', '0.31', 'Inventore voluptatibus quidem dicta nulla voluptatem expedita molestiae. Ut laudantium est dolore sed aut qui. Qui impedit quis et odio.', '2014-04-19 15:33:46', '2012-09-14 06:12:01');
INSERT INTO `related_products` (`id`, `category_id`, `name`, `price`, `description`, `created_at`, `updated_at`) VALUES (136, 2, 'Dolorum sit doloremque.', '2181201.19', 'Mollitia neque ut exercitationem omnis unde odio eveniet. Voluptate id sunt ut ut vel neque reiciendis. Dolore earum quas et harum unde consectetur. Magnam aut earum et veritatis earum perspiciatis voluptatem.', '2018-06-02 23:24:53', '2018-08-21 19:16:06');
INSERT INTO `related_products` (`id`, `category_id`, `name`, `price`, `description`, `created_at`, `updated_at`) VALUES (137, 1, 'Vel commodi.', '118493.16', 'Doloribus nulla repellat quas a. Tenetur velit molestias est autem minus. Nulla aperiam occaecati adipisci quis velit ea quis.', '2011-05-31 21:53:41', '2013-09-27 06:10:13');
INSERT INTO `related_products` (`id`, `category_id`, `name`, `price`, `description`, `created_at`, `updated_at`) VALUES (138, 1, 'Molestiae et beatae.', '18.00', 'Aut dicta ad expedita. Est ad sequi vel unde et. Perspiciatis ducimus possimus libero soluta quas minus rerum.', '2017-04-27 14:48:30', '2011-04-12 07:02:17');
INSERT INTO `related_products` (`id`, `category_id`, `name`, `price`, `description`, `created_at`, `updated_at`) VALUES (139, 2, 'Ipsam unde blanditiis.', '0.99', 'Eos officiis maiores fugiat aut. Aut qui qui quia quis. Enim molestiae ut et sapiente debitis. Nisi saepe in placeat saepe qui ut ut.', '2017-09-04 17:40:38', '2015-10-11 04:43:55');
INSERT INTO `related_products` (`id`, `category_id`, `name`, `price`, `description`, `created_at`, `updated_at`) VALUES (140, 1, 'Velit reprehenderit vel.', '138143644.62', 'Corrupti minus explicabo dolorem qui quia. Quibusdam nemo itaque ullam ipsam ipsam quisquam unde quo. In magnam nulla consequatur qui at.', '2012-10-15 00:08:37', '2014-03-27 11:09:37');
INSERT INTO `related_products` (`id`, `category_id`, `name`, `price`, `description`, `created_at`, `updated_at`) VALUES (141, 3, 'Molestiae laudantium.', '1978.10', 'Culpa ab molestias in et minus quod. Est sit accusamus rerum dolor. Beatae consequatur doloribus et et harum quia qui inventore.', '2017-12-14 17:52:08', '2017-12-01 22:58:00');
INSERT INTO `related_products` (`id`, `category_id`, `name`, `price`, `description`, `created_at`, `updated_at`) VALUES (142, 2, 'Quia ut.', '0.00', 'Aut et et enim aliquam voluptas voluptas necessitatibus. Consequuntur nihil molestias aut esse repellat est. Culpa delectus et magni doloribus enim.', '2020-06-24 14:37:12', '2013-09-06 18:51:52');
INSERT INTO `related_products` (`id`, `category_id`, `name`, `price`, `description`, `created_at`, `updated_at`) VALUES (143, 2, 'Eius ex non.', '440.06', 'Mollitia neque vero asperiores fugiat ipsa sed et. Vel ipsam eum quia quo. At ea iste itaque qui non cum ut.', '2011-11-03 09:31:23', '2011-08-07 12:31:13');
INSERT INTO `related_products` (`id`, `category_id`, `name`, `price`, `description`, `created_at`, `updated_at`) VALUES (144, 2, 'Adipisci quis.', '35630.23', 'Voluptatum ut consequuntur consequatur. Voluptas magnam nihil nulla veniam voluptas rerum perspiciatis. Eligendi quas eaque et cum.', '2012-11-24 14:04:54', '2011-04-03 11:57:28');
INSERT INTO `related_products` (`id`, `category_id`, `name`, `price`, `description`, `created_at`, `updated_at`) VALUES (145, 3, 'Placeat aliquid provident.', '119.34', 'Unde minus eius ut voluptatem. Atque quia laboriosam aut ullam eos assumenda pariatur.', '2019-08-05 09:15:36', '2015-12-30 03:58:08');
INSERT INTO `related_products` (`id`, `category_id`, `name`, `price`, `description`, `created_at`, `updated_at`) VALUES (146, 1, 'Blanditiis in.', '20861304.00', 'Quam occaecati soluta voluptatum quis optio vero harum quasi. Aliquid dicta facilis est officia. Molestias magnam sit dolor id sunt. Eos et suscipit maxime non nesciunt hic.', '2016-07-06 16:38:32', '2015-04-18 03:58:40');
INSERT INTO `related_products` (`id`, `category_id`, `name`, `price`, `description`, `created_at`, `updated_at`) VALUES (147, 3, 'Sequi temporibus molestiae.', '409308.68', 'Fugiat veniam reprehenderit qui labore. Ut quod adipisci ea consequuntur dolorum est tempore. Natus expedita eaque error veritatis quod nemo.', '2018-09-21 20:40:51', '2018-10-09 17:24:51');
INSERT INTO `related_products` (`id`, `category_id`, `name`, `price`, `description`, `created_at`, `updated_at`) VALUES (148, 1, 'Maxime ea dolores.', '38586336.61', 'Occaecati eos natus atque esse aut tenetur. Tempora consequuntur fuga eaque facere illum nobis. Excepturi enim similique natus molestias minima omnis nesciunt. Sit ut aut vel dolorem est.', '2019-07-31 08:00:58', '2015-04-15 06:14:05');
INSERT INTO `related_products` (`id`, `category_id`, `name`, `price`, `description`, `created_at`, `updated_at`) VALUES (149, 1, 'Consequatur temporibus est.', '88.75', 'Praesentium qui voluptatibus perspiciatis voluptatem expedita neque. Iusto quis incidunt iure quo numquam omnis. Dolore voluptates non explicabo iure et culpa. Magni perferendis doloribus velit aut cumque repudiandae quod.', '2020-12-05 23:32:42', '2012-04-03 07:03:34');
INSERT INTO `related_products` (`id`, `category_id`, `name`, `price`, `description`, `created_at`, `updated_at`) VALUES (150, 2, 'Corporis eveniet.', '5.94', 'Id modi repudiandae illum. Architecto vero laudantium aut eaque adipisci ad nihil. Sit corporis corrupti aut magni quaerat nam quia eum. Facere eligendi ut magnam.', '2016-04-04 08:57:14', '2016-10-23 18:07:41');
INSERT INTO `related_products` (`id`, `category_id`, `name`, `price`, `description`, `created_at`, `updated_at`) VALUES (151, 2, 'Voluptatem ipsum fugiat.', '295116600.00', 'Consectetur culpa voluptas est consectetur est et. Culpa ipsam provident minus. Id a odit dolore mollitia eos ipsum nulla.', '2011-05-18 12:41:01', '2018-04-01 22:33:21');
INSERT INTO `related_products` (`id`, `category_id`, `name`, `price`, `description`, `created_at`, `updated_at`) VALUES (152, 1, 'Accusamus sed aut.', '699741.90', 'Est architecto provident cumque. Sit quo ut repellendus totam aut laborum nisi recusandae. Qui cum corrupti ipsam aut architecto.', '2012-09-23 03:42:56', '2019-04-25 19:38:55');
INSERT INTO `related_products` (`id`, `category_id`, `name`, `price`, `description`, `created_at`, `updated_at`) VALUES (153, 2, 'Est aut id.', '0.00', 'Eum commodi dolorum ducimus dolore. Facere explicabo autem iure rerum unde necessitatibus corporis quia. Architecto omnis maiores nihil sed. Omnis molestias qui suscipit molestias impedit non quia.', '2017-08-30 14:59:52', '2020-03-31 02:03:45');
INSERT INTO `related_products` (`id`, `category_id`, `name`, `price`, `description`, `created_at`, `updated_at`) VALUES (154, 3, 'Est officiis.', '100983766.79', 'Sit quae nisi vel debitis esse accusantium. Vitae eum eligendi excepturi impedit quis quis. Ut labore fuga nulla. Voluptatum natus labore repudiandae.', '2017-03-17 18:05:23', '2019-07-11 02:30:24');
INSERT INTO `related_products` (`id`, `category_id`, `name`, `price`, `description`, `created_at`, `updated_at`) VALUES (155, 2, 'Non harum.', '7.63', 'Cumque non enim sequi omnis non. Autem dicta maxime voluptatem neque adipisci. Explicabo perspiciatis eum rem non corrupti alias saepe.', '2018-07-11 07:58:18', '2019-10-29 09:57:56');
INSERT INTO `related_products` (`id`, `category_id`, `name`, `price`, `description`, `created_at`, `updated_at`) VALUES (156, 1, 'Nobis rerum commodi.', '73.33', 'Autem dignissimos aut beatae. Sit accusantium laborum aut et tempora similique. Aut architecto vitae quo quibusdam. Doloribus accusamus et voluptatem repellat necessitatibus impedit aut.', '2014-07-04 07:44:02', '2016-12-31 07:48:30');
INSERT INTO `related_products` (`id`, `category_id`, `name`, `price`, `description`, `created_at`, `updated_at`) VALUES (157, 3, 'Iure sit.', '441567886.40', 'Sapiente incidunt fugit ab sint rerum ab. Laboriosam cupiditate commodi aut omnis reprehenderit. Iste id ad omnis aut quasi. Voluptatum omnis saepe accusamus omnis iusto et.', '2020-01-31 19:16:52', '2019-12-30 04:50:28');
INSERT INTO `related_products` (`id`, `category_id`, `name`, `price`, `description`, `created_at`, `updated_at`) VALUES (158, 1, 'Quis quis rerum.', '9788091.84', 'Unde exercitationem temporibus molestiae voluptate. Sunt aut eveniet architecto esse ut eveniet laborum. Ut et doloremque repellat voluptatem et dolores. Non accusantium at adipisci harum quis.', '2014-07-02 11:39:21', '2013-08-08 22:39:16');
INSERT INTO `related_products` (`id`, `category_id`, `name`, `price`, `description`, `created_at`, `updated_at`) VALUES (159, 3, 'Quam id.', '29768168.90', 'Quisquam quis voluptates quibusdam consequuntur nihil. Et qui sed tenetur voluptate quia. Quis quibusdam qui cupiditate dolorem. Excepturi architecto deleniti porro non et earum. Quia vel facere eum ipsum odit doloremque commodi.', '2017-08-07 14:24:55', '2014-04-12 03:21:08');
INSERT INTO `related_products` (`id`, `category_id`, `name`, `price`, `description`, `created_at`, `updated_at`) VALUES (160, 2, 'Architecto quasi est.', '718577.98', 'Quia eveniet rem odit incidunt ut. Molestias quasi ut facere deleniti numquam et. Molestiae sequi voluptas quae molestiae.', '2019-02-16 21:05:39', '2019-07-21 09:43:08');
INSERT INTO `related_products` (`id`, `category_id`, `name`, `price`, `description`, `created_at`, `updated_at`) VALUES (161, 1, 'Commodi error autem.', '213.26', 'Dignissimos fugit qui sequi. Dolorem veritatis voluptatem qui occaecati facilis magnam. Repudiandae odit nostrum tempore illum ipsum a. Voluptate et quas velit ut id dignissimos exercitationem.', '2017-09-22 02:52:04', '2015-09-30 09:46:42');
INSERT INTO `related_products` (`id`, `category_id`, `name`, `price`, `description`, `created_at`, `updated_at`) VALUES (162, 3, 'Voluptas vel.', '2.10', 'Pariatur deserunt cum alias dolorum. Quas eligendi rem temporibus repudiandae. Enim officia mollitia porro unde rerum iusto. Impedit natus et unde modi incidunt odit fugit.', '2018-02-27 18:56:17', '2020-05-12 18:47:18');
INSERT INTO `related_products` (`id`, `category_id`, `name`, `price`, `description`, `created_at`, `updated_at`) VALUES (163, 3, 'Possimus molestiae quisquam.', '6875610.00', 'Neque expedita qui similique vel ipsum ullam. Est omnis quos repudiandae quae voluptatibus enim. Non fuga amet voluptatum nihil et. Soluta ipsum sed rerum laboriosam et repudiandae quisquam porro. Quis qui necessitatibus quia ducimus sed.', '2014-09-27 18:34:34', '2012-07-04 16:00:37');
INSERT INTO `related_products` (`id`, `category_id`, `name`, `price`, `description`, `created_at`, `updated_at`) VALUES (164, 2, 'Et laudantium vel.', '44128.00', 'Et eum similique sed aut inventore eius nobis. Consequatur laborum sed vel ipsa fugit enim eligendi. Eius nostrum ut voluptatem ipsa sed nisi aut. Cum enim corporis reprehenderit odit.', '2016-07-02 17:50:23', '2013-12-09 05:30:21');
INSERT INTO `related_products` (`id`, `category_id`, `name`, `price`, `description`, `created_at`, `updated_at`) VALUES (165, 1, 'Ipsam porro.', '1221.70', 'Adipisci explicabo itaque sint molestiae deleniti voluptatem sint. Harum sit exercitationem consectetur est optio illum quasi. Reiciendis quibusdam rerum et natus suscipit ex. Fugiat in quam alias optio ratione.', '2019-09-10 00:57:38', '2020-04-10 11:53:17');
INSERT INTO `related_products` (`id`, `category_id`, `name`, `price`, `description`, `created_at`, `updated_at`) VALUES (166, 3, 'Autem deserunt.', '28943668.30', 'Nihil officiis omnis est veniam ut alias repellat. Aspernatur ea quis dicta atque accusamus. Provident maxime molestiae delectus et vitae qui. Quod alias voluptatem eos delectus at vel.', '2020-08-09 01:04:07', '2016-06-21 02:05:27');
INSERT INTO `related_products` (`id`, `category_id`, `name`, `price`, `description`, `created_at`, `updated_at`) VALUES (167, 2, 'Nostrum est.', '92081.44', 'Saepe qui est debitis voluptatibus architecto deserunt. Id magni distinctio nihil.', '2011-04-29 22:30:42', '2012-07-24 21:39:21');
INSERT INTO `related_products` (`id`, `category_id`, `name`, `price`, `description`, `created_at`, `updated_at`) VALUES (168, 2, 'Aut eius amet.', '0.00', 'Est eos sit similique aut beatae facilis. Rem tenetur culpa vel delectus occaecati. Praesentium voluptas architecto excepturi voluptatibus doloremque optio nisi velit.', '2018-12-06 09:32:52', '2017-06-22 22:42:58');
INSERT INTO `related_products` (`id`, `category_id`, `name`, `price`, `description`, `created_at`, `updated_at`) VALUES (169, 3, 'Et doloribus.', '5505.27', 'Impedit sed laudantium laboriosam sit rem deserunt voluptatem praesentium. Non error consequuntur voluptate dicta eum voluptatibus. Ullam sit unde expedita et. Qui dolor hic eaque molestiae unde.', '2019-11-26 02:11:45', '2019-03-26 21:51:01');
INSERT INTO `related_products` (`id`, `category_id`, `name`, `price`, `description`, `created_at`, `updated_at`) VALUES (170, 1, 'Eaque non est.', '136.83', 'Omnis deleniti omnis reiciendis culpa sequi aut praesentium. In excepturi expedita odio. Velit dolores ea harum cum. Est aliquid vel debitis sequi soluta. Aliquam deleniti reprehenderit velit aut sint deserunt dolor rem.', '2020-06-12 08:11:40', '2018-03-18 22:56:15');
INSERT INTO `related_products` (`id`, `category_id`, `name`, `price`, `description`, `created_at`, `updated_at`) VALUES (171, 1, 'A consectetur.', '1389.28', 'Qui vel occaecati esse aliquid facilis fuga et. Asperiores quia omnis illum sapiente dolorem sit minus. Nobis autem aut exercitationem nihil. Non sapiente libero beatae necessitatibus repudiandae et.', '2018-03-30 11:09:17', '2020-09-05 07:54:22');
INSERT INTO `related_products` (`id`, `category_id`, `name`, `price`, `description`, `created_at`, `updated_at`) VALUES (172, 2, 'Sed voluptatibus.', '3.76', 'Tempora earum minima ex voluptas ab quia recusandae. Beatae nihil at voluptatibus sed recusandae quisquam magni accusantium. Sed earum velit nisi laborum omnis iure temporibus.', '2018-04-12 11:02:40', '2018-04-27 05:10:54');
INSERT INTO `related_products` (`id`, `category_id`, `name`, `price`, `description`, `created_at`, `updated_at`) VALUES (173, 3, 'Expedita dolorem ut.', '2413.46', 'Quis voluptatem minima nisi voluptatem aspernatur quidem. Molestiae nemo hic qui doloribus sit doloremque. Ducimus non nisi aspernatur aut aut. Est earum et eos quos.', '2019-06-18 01:35:03', '2020-10-29 22:44:31');
INSERT INTO `related_products` (`id`, `category_id`, `name`, `price`, `description`, `created_at`, `updated_at`) VALUES (174, 3, 'Harum nam.', '1855.37', 'Veritatis aut cumque facere sed ut porro nihil ut. Similique praesentium at sapiente magni quas. Debitis sit eius velit quis.', '2011-07-10 16:45:18', '2017-01-28 08:24:17');
INSERT INTO `related_products` (`id`, `category_id`, `name`, `price`, `description`, `created_at`, `updated_at`) VALUES (175, 3, 'Ipsam earum voluptates.', '1625.60', 'Inventore quis et quia voluptatibus totam possimus molestias. Nisi non voluptas pariatur itaque debitis nesciunt. Doloribus labore itaque est deleniti.', '2018-08-25 17:21:24', '2016-03-07 18:06:09');
INSERT INTO `related_products` (`id`, `category_id`, `name`, `price`, `description`, `created_at`, `updated_at`) VALUES (176, 2, 'Recusandae molestiae.', '269644033.36', 'Consectetur praesentium veritatis et aut non deleniti. Ad odio error quasi harum labore.', '2012-02-19 04:29:54', '2020-01-06 20:58:27');
INSERT INTO `related_products` (`id`, `category_id`, `name`, `price`, `description`, `created_at`, `updated_at`) VALUES (177, 2, 'Illum omnis eveniet.', '5807.20', 'Inventore eum magni sed quia ea praesentium. Exercitationem rerum natus velit asperiores non et. Id et soluta aut sapiente recusandae accusantium sit.', '2012-04-10 04:26:27', '2015-04-13 20:21:51');
INSERT INTO `related_products` (`id`, `category_id`, `name`, `price`, `description`, `created_at`, `updated_at`) VALUES (178, 3, 'Id quibusdam.', '225.03', 'Commodi dolorem reprehenderit quia. Eum deleniti labore aspernatur laudantium sequi doloremque. Porro modi commodi velit quisquam voluptas excepturi.', '2014-01-07 01:48:17', '2011-10-06 02:18:35');
INSERT INTO `related_products` (`id`, `category_id`, `name`, `price`, `description`, `created_at`, `updated_at`) VALUES (179, 2, 'Perferendis quae omnis.', '1220913.56', 'Accusantium blanditiis et deleniti et vel tempora mollitia. Temporibus delectus dignissimos non nihil. Dolorum vel ea eum ut. Expedita sint qui impedit.', '2016-02-02 09:52:47', '2019-02-18 03:23:50');
INSERT INTO `related_products` (`id`, `category_id`, `name`, `price`, `description`, `created_at`, `updated_at`) VALUES (180, 3, 'In rem dolorem.', '20817.99', 'Quae accusamus natus sit repudiandae vel sunt. Sit temporibus rerum earum quia rem aut. Ut voluptate ea aperiam dolore ut et. Ut dicta est placeat est nisi magnam nemo ratione.', '2016-12-23 02:52:27', '2013-06-01 15:57:45');
INSERT INTO `related_products` (`id`, `category_id`, `name`, `price`, `description`, `created_at`, `updated_at`) VALUES (181, 2, 'Provident excepturi.', '31.82', 'Et occaecati id laborum. Ut officiis nam voluptatum autem ut ducimus. Quos deleniti error aut accusantium. Non molestias ut odit qui earum earum sunt iure.', '2013-08-28 06:26:10', '2015-08-01 09:51:34');
INSERT INTO `related_products` (`id`, `category_id`, `name`, `price`, `description`, `created_at`, `updated_at`) VALUES (182, 2, 'Suscipit porro laborum.', '2908352.47', 'Omnis in incidunt quidem ipsum. Odit dolorum excepturi ipsam necessitatibus autem ipsam. Quis voluptatem in nam veritatis sint in nam ducimus. Ut aliquam quia optio repellendus facilis sint.', '2011-05-28 00:03:20', '2016-11-13 01:25:29');
INSERT INTO `related_products` (`id`, `category_id`, `name`, `price`, `description`, `created_at`, `updated_at`) VALUES (183, 2, 'Et voluptatem itaque.', '4.69', 'Molestiae saepe explicabo nostrum quidem. Quia inventore aliquid et ut corrupti similique. Non corrupti magni ducimus eos aut. Dignissimos cumque nihil atque quisquam dolorum.', '2012-10-25 12:52:27', '2014-07-06 07:42:21');
INSERT INTO `related_products` (`id`, `category_id`, `name`, `price`, `description`, `created_at`, `updated_at`) VALUES (184, 3, 'Eligendi atque.', '349.29', 'Quos magni iusto labore eos. Molestiae magni illum quidem nesciunt corporis cupiditate fuga. Ullam corporis excepturi minima pariatur. Doloribus unde dolores pariatur autem enim quod enim cupiditate.', '2016-07-20 18:36:53', '2018-03-31 15:08:26');
INSERT INTO `related_products` (`id`, `category_id`, `name`, `price`, `description`, `created_at`, `updated_at`) VALUES (185, 3, 'Dolorum asperiores.', '4367.29', 'Quo maxime quas ad omnis quo exercitationem molestiae aut. Perspiciatis et dignissimos eligendi placeat et ratione. Hic dolor sit sit voluptatum iure. Non laudantium et quia aliquid voluptatem atque consequatur repellendus. Qui sunt cumque sunt et id quia.', '2015-04-23 11:52:43', '2014-06-27 21:22:54');
INSERT INTO `related_products` (`id`, `category_id`, `name`, `price`, `description`, `created_at`, `updated_at`) VALUES (186, 2, 'Sint a et.', '0.00', 'Rerum fugiat non placeat et. Occaecati corporis harum et enim nam.', '2016-05-12 03:10:12', '2019-12-24 22:13:44');
INSERT INTO `related_products` (`id`, `category_id`, `name`, `price`, `description`, `created_at`, `updated_at`) VALUES (187, 1, 'Et qui.', '4.69', 'Amet voluptatem et alias animi provident consequatur explicabo. Aut odio rem ipsa similique ducimus quaerat dignissimos. Error qui architecto et culpa voluptatem consequatur. Voluptatibus et illum quaerat.', '2016-01-07 00:24:07', '2011-07-01 19:33:57');
INSERT INTO `related_products` (`id`, `category_id`, `name`, `price`, `description`, `created_at`, `updated_at`) VALUES (188, 3, 'Ipsa nam animi.', '1831500.47', 'Fuga deserunt possimus est dicta. Ut aut et voluptatem. Asperiores est dolore eos eligendi nihil.', '2019-11-06 13:20:11', '2019-07-22 21:04:49');
INSERT INTO `related_products` (`id`, `category_id`, `name`, `price`, `description`, `created_at`, `updated_at`) VALUES (189, 1, 'Dolor quo quam.', '0.00', 'Doloribus non sit inventore ipsam molestiae. Aliquid iusto inventore assumenda neque. Accusantium velit aut enim autem possimus consequatur rerum. Quam laboriosam similique vitae reiciendis veritatis iste.', '2018-12-01 00:58:01', '2019-12-25 06:46:03');
INSERT INTO `related_products` (`id`, `category_id`, `name`, `price`, `description`, `created_at`, `updated_at`) VALUES (190, 2, 'Perferendis molestiae.', '18896.90', 'Reprehenderit aut dolores pariatur cumque sint. Quia placeat enim aut nam voluptatibus eos in et. Possimus natus quod et laudantium ut et.', '2013-02-04 18:00:29', '2017-01-30 07:43:05');
INSERT INTO `related_products` (`id`, `category_id`, `name`, `price`, `description`, `created_at`, `updated_at`) VALUES (191, 1, 'Tempora consequatur sed.', '31063360.88', 'Nisi molestiae ut officia consequuntur nostrum voluptatem neque. Facilis molestiae explicabo occaecati voluptas in qui omnis. Facilis expedita est nulla eligendi veritatis.', '2012-01-03 13:29:09', '2011-12-26 08:36:45');
INSERT INTO `related_products` (`id`, `category_id`, `name`, `price`, `description`, `created_at`, `updated_at`) VALUES (192, 1, 'Qui dolores.', '367.00', 'Et eligendi enim et rerum. Praesentium et animi laudantium sed et molestias esse. Aut assumenda ducimus temporibus cumque doloremque illum.', '2014-11-15 08:31:22', '2020-01-08 20:32:01');
INSERT INTO `related_products` (`id`, `category_id`, `name`, `price`, `description`, `created_at`, `updated_at`) VALUES (193, 3, 'Quia dignissimos dolorem.', '167591.06', 'Suscipit ea est voluptas voluptates. Voluptate ut qui in est dolor similique. Accusamus sequi beatae impedit.', '2013-07-20 10:45:37', '2018-12-16 12:42:39');
INSERT INTO `related_products` (`id`, `category_id`, `name`, `price`, `description`, `created_at`, `updated_at`) VALUES (194, 1, 'Praesentium aliquam.', '3290052.95', 'Consectetur nobis voluptate minima molestiae. Soluta quos odio deserunt laboriosam doloribus ut aut accusamus.', '2019-01-13 08:57:23', '2015-02-11 23:11:00');
INSERT INTO `related_products` (`id`, `category_id`, `name`, `price`, `description`, `created_at`, `updated_at`) VALUES (195, 1, 'Adipisci autem aut.', '0.00', 'Quo tempora et dolore sunt. Sunt aut est quos sint doloribus et. Earum numquam quia hic et quasi dolor.', '2018-10-29 16:37:22', '2018-01-31 12:09:06');
INSERT INTO `related_products` (`id`, `category_id`, `name`, `price`, `description`, `created_at`, `updated_at`) VALUES (196, 3, 'Ex maxime molestiae.', '1.26', 'Nostrum minus ratione porro autem magni. Quia libero alias enim iste. Perspiciatis asperiores autem minus fuga provident sed mollitia fugiat. Qui tenetur eveniet perferendis corrupti aut.', '2014-05-27 15:23:11', '2011-09-20 09:59:50');
INSERT INTO `related_products` (`id`, `category_id`, `name`, `price`, `description`, `created_at`, `updated_at`) VALUES (197, 2, 'Et animi.', '2.22', 'Et inventore magni omnis expedita ea. Velit voluptas qui cumque incidunt quam voluptas eaque ratione. Ipsam et enim dolor. Voluptas et ad et dolores voluptatum consequatur et.', '2021-03-11 08:11:32', '2020-12-28 13:17:40');
INSERT INTO `related_products` (`id`, `category_id`, `name`, `price`, `description`, `created_at`, `updated_at`) VALUES (198, 1, 'Omnis in beatae.', '206166.70', 'Excepturi cum ea ratione voluptate ad sed. Reprehenderit explicabo molestiae laboriosam consequatur delectus. Magnam asperiores magni neque vero asperiores recusandae tempora.', '2021-02-17 03:22:44', '2015-01-05 20:11:18');
INSERT INTO `related_products` (`id`, `category_id`, `name`, `price`, `description`, `created_at`, `updated_at`) VALUES (199, 1, 'Sit est.', '478340.60', 'Illum eum quis sed veniam et. Aut voluptatem et et est voluptas corporis. Quas ea rerum atque fuga cumque dicta. Ut id itaque in consequuntur doloremque beatae id.', '2017-12-24 06:20:19', '2017-12-22 21:48:59');
INSERT INTO `related_products` (`id`, `category_id`, `name`, `price`, `description`, `created_at`, `updated_at`) VALUES (200, 1, 'Velit qui nam.', '282107968.44', 'Quis velit ipsam id hic consequatur blanditiis. Consequatur expedita officiis ut voluptatem nostrum quo. Est dolores aut molestiae nesciunt et.', '2016-05-21 07:15:43', '2020-11-23 18:47:42');
INSERT INTO `related_products` (`id`, `category_id`, `name`, `price`, `description`, `created_at`, `updated_at`) VALUES (201, 1, 'Laboriosam sit.', '579935.97', 'Commodi sint sapiente ea ipsam quis. Eveniet eum id et expedita eius reiciendis. At voluptates quia est sit assumenda praesentium.', '2013-11-27 12:26:04', '2012-10-18 14:33:07');
INSERT INTO `related_products` (`id`, `category_id`, `name`, `price`, `description`, `created_at`, `updated_at`) VALUES (202, 1, 'Voluptatibus adipisci.', '135.43', 'Assumenda delectus et enim voluptate. Neque praesentium et modi officia consequuntur sit. Ad atque et ut.', '2020-10-31 18:54:36', '2016-01-26 00:28:25');
INSERT INTO `related_products` (`id`, `category_id`, `name`, `price`, `description`, `created_at`, `updated_at`) VALUES (203, 2, 'Consequatur non et.', '629780314.09', 'Distinctio expedita unde qui alias. Tenetur illum numquam magnam voluptatem sint quisquam et. Quo non explicabo omnis perferendis quis nihil porro. Eveniet molestias ut dolores deleniti sint laudantium deleniti.', '2013-07-27 08:08:34', '2015-07-23 08:39:41');
INSERT INTO `related_products` (`id`, `category_id`, `name`, `price`, `description`, `created_at`, `updated_at`) VALUES (204, 2, 'Unde eos.', '337.13', 'Labore voluptatem omnis repudiandae ad voluptas. Non qui quia odit facilis modi blanditiis laudantium. Commodi placeat delectus reiciendis quidem beatae. Doloribus alias temporibus quis nihil velit odio.', '2018-09-15 17:15:26', '2018-08-13 15:14:01');
INSERT INTO `related_products` (`id`, `category_id`, `name`, `price`, `description`, `created_at`, `updated_at`) VALUES (205, 1, 'Aut nihil cum.', '580.97', 'Eos recusandae nisi temporibus labore iusto nisi. Sed est sapiente vitae quidem dolorem non facilis. Sit ut modi nesciunt dolore dolorem commodi. Debitis quod rerum saepe facilis magnam voluptatem porro. Suscipit eius unde in quae consequuntur.', '2021-01-16 20:51:29', '2013-05-15 16:42:57');
INSERT INTO `related_products` (`id`, `category_id`, `name`, `price`, `description`, `created_at`, `updated_at`) VALUES (206, 1, 'Libero et.', '34634023.76', 'Laudantium et assumenda illo rerum beatae rerum. Voluptatibus vel qui voluptate velit accusamus quaerat consequuntur. Occaecati pariatur sed magnam placeat fugiat. Est error cum ex accusamus cumque et fugit. Aperiam nulla occaecati et nam sit deserunt.', '2014-05-20 00:58:29', '2020-10-19 20:32:50');
INSERT INTO `related_products` (`id`, `category_id`, `name`, `price`, `description`, `created_at`, `updated_at`) VALUES (207, 3, 'Quisquam est.', '0.00', 'Perferendis ducimus quis sunt itaque voluptatem deleniti sed. Inventore natus ducimus corporis. Debitis harum cumque iure eaque autem repellendus placeat.', '2019-05-25 07:52:06', '2018-05-31 03:51:37');
INSERT INTO `related_products` (`id`, `category_id`, `name`, `price`, `description`, `created_at`, `updated_at`) VALUES (208, 1, 'Qui veniam sed.', '596236.27', 'Inventore voluptas atque dolorem voluptatem. Tenetur enim ut et. Deleniti consequatur officiis voluptatibus sequi. Repellat possimus consectetur voluptatem nostrum sit.', '2013-02-01 23:52:53', '2011-09-21 01:43:36');
INSERT INTO `related_products` (`id`, `category_id`, `name`, `price`, `description`, `created_at`, `updated_at`) VALUES (209, 3, 'Animi consequatur cupiditate.', '4.92', 'Dolorem omnis sunt et distinctio. Sapiente possimus blanditiis enim aliquid et id. Exercitationem occaecati recusandae et numquam dignissimos.', '2020-01-01 18:40:20', '2012-05-31 14:06:51');
INSERT INTO `related_products` (`id`, `category_id`, `name`, `price`, `description`, `created_at`, `updated_at`) VALUES (210, 3, 'Veniam saepe voluptatem.', '353.00', 'Ex fugit assumenda perferendis aspernatur velit commodi et eos. Qui voluptas consequatur placeat in aut. Ut facere fugit non assumenda. Ut neque quas distinctio.', '2013-09-15 17:07:01', '2021-01-04 09:37:14');
INSERT INTO `related_products` (`id`, `category_id`, `name`, `price`, `description`, `created_at`, `updated_at`) VALUES (211, 1, 'Consectetur et quaerat.', '279211.04', 'Itaque quo qui repellat exercitationem natus. Ad totam sunt alias ipsum sit consectetur. Aspernatur pariatur consectetur vel adipisci. Sit magni praesentium a provident.', '2018-10-16 06:50:36', '2012-03-20 01:59:58');
INSERT INTO `related_products` (`id`, `category_id`, `name`, `price`, `description`, `created_at`, `updated_at`) VALUES (212, 2, 'Quas ipsam.', '469080.60', 'Quis ipsam error voluptatibus autem. Qui id repellendus quo animi fugiat. Sunt repudiandae minima et id veritatis quia. Distinctio ut dolor sit quo non et.', '2017-12-22 23:35:21', '2020-10-11 04:07:19');
INSERT INTO `related_products` (`id`, `category_id`, `name`, `price`, `description`, `created_at`, `updated_at`) VALUES (213, 3, 'Id nemo.', '1593.48', 'Tenetur et sint provident consequatur. Dicta suscipit ea ab. Et tenetur eveniet quo debitis dolorum.', '2019-06-25 01:39:44', '2011-04-19 08:59:48');
INSERT INTO `related_products` (`id`, `category_id`, `name`, `price`, `description`, `created_at`, `updated_at`) VALUES (214, 1, 'Voluptatibus sit aut.', '238.91', 'Omnis aperiam facilis dolore ea sequi aut incidunt. Quibusdam in in sapiente sint sit molestiae natus dolor.', '2020-02-29 02:29:09', '2020-02-29 09:20:05');
INSERT INTO `related_products` (`id`, `category_id`, `name`, `price`, `description`, `created_at`, `updated_at`) VALUES (215, 2, 'Est ad.', '1347657.54', 'Nemo harum enim dolore quia ducimus non. Deleniti consequuntur qui quasi deserunt. Vel minima cumque sunt architecto explicabo.', '2019-12-07 11:57:47', '2017-05-20 14:07:03');
INSERT INTO `related_products` (`id`, `category_id`, `name`, `price`, `description`, `created_at`, `updated_at`) VALUES (216, 2, 'Necessitatibus aspernatur id.', '2114538.00', 'Dolores odit atque unde aliquam sed. Eligendi dignissimos eaque ea cupiditate quaerat unde et. Hic eum sequi sint alias corrupti ullam neque cum. Explicabo aut sed veniam dolore quo.', '2020-07-22 15:40:11', '2016-10-26 23:49:22');
INSERT INTO `related_products` (`id`, `category_id`, `name`, `price`, `description`, `created_at`, `updated_at`) VALUES (217, 2, 'Repellendus blanditiis aliquid.', '310420647.30', 'Quia tenetur est nesciunt dolores eius quis. Reiciendis expedita eos laborum natus ratione nobis neque voluptas. Dolore deserunt dolore ut libero est accusamus. Voluptatibus iusto iste enim et sit quo.', '2013-06-22 03:31:27', '2014-04-19 17:49:00');
INSERT INTO `related_products` (`id`, `category_id`, `name`, `price`, `description`, `created_at`, `updated_at`) VALUES (218, 1, 'Deserunt odit.', '2.00', 'Ut nulla ducimus porro hic assumenda aut. Autem ea sed eaque voluptatem. Quasi praesentium rerum aperiam animi eveniet eum sunt sint. Laboriosam expedita nobis voluptas cupiditate vel ex assumenda est.', '2011-06-15 17:30:06', '2019-01-28 01:36:29');
INSERT INTO `related_products` (`id`, `category_id`, `name`, `price`, `description`, `created_at`, `updated_at`) VALUES (219, 3, 'Sunt corporis nesciunt.', '0.00', 'Veritatis soluta quis veniam dolores labore ut beatae. Quia totam vero similique aut quis. Eum debitis eveniet qui rerum non. Dolores et magni perferendis minus velit aut voluptatum sed.', '2012-11-25 03:58:39', '2012-12-20 20:42:20');
INSERT INTO `related_products` (`id`, `category_id`, `name`, `price`, `description`, `created_at`, `updated_at`) VALUES (220, 2, 'Deleniti qui excepturi.', '4285761.38', 'Vel explicabo consequatur unde. Impedit dolor placeat culpa commodi accusantium est. Velit exercitationem tempore corrupti dolor. Ad at vitae quibusdam aspernatur veniam. Tempora molestiae corporis iste incidunt et similique.', '2016-02-01 01:29:13', '2019-10-25 22:18:41');
INSERT INTO `related_products` (`id`, `category_id`, `name`, `price`, `description`, `created_at`, `updated_at`) VALUES (221, 1, 'Eaque dolore.', '0.00', 'Voluptatem esse aut vero dolores qui. Nesciunt nulla in praesentium qui. Aut in ut fuga vero. Ipsum quis sint quis ab natus.', '2016-04-23 01:54:45', '2014-01-05 14:47:16');
INSERT INTO `related_products` (`id`, `category_id`, `name`, `price`, `description`, `created_at`, `updated_at`) VALUES (222, 1, 'Rerum dolore quidem.', '766.34', 'Perspiciatis facilis sint repudiandae in omnis. Non deserunt aliquid est corporis aut. Tempora odio aut voluptate omnis ut sunt temporibus iure. Sint sed atque officia laudantium facere.', '2020-08-06 09:48:04', '2012-10-24 16:28:54');
INSERT INTO `related_products` (`id`, `category_id`, `name`, `price`, `description`, `created_at`, `updated_at`) VALUES (223, 2, 'Blanditiis ut.', '203316.33', 'Dignissimos molestias fugit officia quo. Repellendus ea veritatis est sunt atque ut. Dolorum velit expedita vel quis. Est labore omnis ad culpa ut optio.', '2014-02-24 22:02:22', '2012-11-30 09:49:02');
INSERT INTO `related_products` (`id`, `category_id`, `name`, `price`, `description`, `created_at`, `updated_at`) VALUES (224, 1, 'Sit qui.', '178137364.65', 'Distinctio at in quis dolores dolore veritatis. Vero molestiae voluptatum voluptatem dolores a sed repellat. Voluptas excepturi sit voluptate. Totam sed commodi officiis et quibusdam.', '2014-07-16 11:18:42', '2020-04-09 14:12:28');
INSERT INTO `related_products` (`id`, `category_id`, `name`, `price`, `description`, `created_at`, `updated_at`) VALUES (225, 2, 'Ut qui.', '5673.84', 'Harum similique suscipit commodi dolores eius provident aperiam omnis. Iste quos dolorem ut. Iure dignissimos vero deleniti autem ipsum esse autem. Illum est ut enim officia veniam.', '2014-01-01 18:39:38', '2019-06-07 09:57:21');
INSERT INTO `related_products` (`id`, `category_id`, `name`, `price`, `description`, `created_at`, `updated_at`) VALUES (226, 1, 'Minima sequi culpa.', '41.01', 'Occaecati cumque aut assumenda. Consequatur saepe aut illum veritatis cum quae quis maxime. Ea architecto aspernatur tempora voluptate qui.', '2016-01-23 09:39:19', '2020-03-01 15:07:36');
INSERT INTO `related_products` (`id`, `category_id`, `name`, `price`, `description`, `created_at`, `updated_at`) VALUES (227, 3, 'Rerum quis.', '28.07', 'Magnam molestiae perspiciatis voluptatem minus et voluptatem. Dolores at neque sed ipsa. Alias fuga dignissimos quo dolore deserunt rem maiores nemo.', '2019-02-28 15:23:33', '2016-08-14 04:23:44');
INSERT INTO `related_products` (`id`, `category_id`, `name`, `price`, `description`, `created_at`, `updated_at`) VALUES (228, 2, 'Non a sequi.', '0.09', 'Aut quibusdam dolorem sit. Unde quaerat aperiam aut illum. Eum corrupti aut quibusdam.', '2016-03-06 16:40:18', '2011-12-09 07:51:54');
INSERT INTO `related_products` (`id`, `category_id`, `name`, `price`, `description`, `created_at`, `updated_at`) VALUES (229, 1, 'Et repellat et.', '21.97', 'Hic voluptatem expedita hic saepe a. Ducimus et eos qui enim nostrum quia. Et eligendi quo ea in aut. Est sit odit dolor minus laborum rerum.', '2016-02-19 02:24:44', '2013-01-12 06:06:29');
INSERT INTO `related_products` (`id`, `category_id`, `name`, `price`, `description`, `created_at`, `updated_at`) VALUES (230, 1, 'Libero rerum.', '547635.76', 'Cum pariatur dolor velit qui et. Labore amet minima cupiditate et veniam consequuntur.', '2017-06-05 21:38:54', '2014-03-15 05:24:05');
INSERT INTO `related_products` (`id`, `category_id`, `name`, `price`, `description`, `created_at`, `updated_at`) VALUES (231, 1, 'Sit ea esse.', '0.00', 'Suscipit aliquam accusamus sit quae explicabo voluptatibus iure. Et praesentium sint repudiandae voluptates quo molestiae modi consequatur. Quia non ducimus debitis repellendus voluptatibus veniam quam. Est quia perspiciatis eligendi rerum quia molestiae.', '2015-03-10 14:44:17', '2017-01-25 00:50:37');
INSERT INTO `related_products` (`id`, `category_id`, `name`, `price`, `description`, `created_at`, `updated_at`) VALUES (232, 2, 'Omnis eum debitis.', '233365.17', 'Voluptatem ipsam aliquid repellat inventore exercitationem delectus veniam. Voluptatum consectetur quisquam nesciunt vero. Et qui autem et nihil dolor velit.', '2020-12-04 23:38:36', '2013-03-11 09:20:08');
INSERT INTO `related_products` (`id`, `category_id`, `name`, `price`, `description`, `created_at`, `updated_at`) VALUES (233, 2, 'Assumenda et.', '586.00', 'Quae ut maxime explicabo dolorem. Neque eligendi et sed esse. Beatae nesciunt incidunt aut. Repellendus et dignissimos quos illo aut quo illo ipsa.', '2016-12-29 02:52:00', '2020-06-12 13:17:09');
INSERT INTO `related_products` (`id`, `category_id`, `name`, `price`, `description`, `created_at`, `updated_at`) VALUES (234, 2, 'Reprehenderit vero alias.', '3.72', 'Accusamus facilis blanditiis non cupiditate possimus aut exercitationem alias. Cumque porro molestiae eos impedit molestiae quo dolor. Temporibus amet repudiandae nesciunt. Quos autem totam recusandae cumque et.', '2015-07-08 16:10:33', '2019-10-28 09:38:30');
INSERT INTO `related_products` (`id`, `category_id`, `name`, `price`, `description`, `created_at`, `updated_at`) VALUES (235, 1, 'Cumque laboriosam.', '19430278.78', 'Ut itaque sunt mollitia voluptas. Ipsam aut possimus inventore. Omnis ut quae eius sint. Nostrum est est tempore nemo.', '2019-02-06 13:31:32', '2013-02-04 16:08:09');
INSERT INTO `related_products` (`id`, `category_id`, `name`, `price`, `description`, `created_at`, `updated_at`) VALUES (236, 1, 'Modi ut exercitationem.', '1.79', 'Quasi asperiores iusto mollitia ipsam sed omnis. Et voluptas expedita id et. Ex qui veniam et tempore delectus. Atque at eos facilis corporis blanditiis illum.', '2020-06-07 00:34:04', '2017-02-28 23:55:10');
INSERT INTO `related_products` (`id`, `category_id`, `name`, `price`, `description`, `created_at`, `updated_at`) VALUES (237, 2, 'Est voluptates consequatur.', '1.21', 'Explicabo optio quaerat omnis magni. Quis assumenda debitis quo. Voluptatum modi sit nulla optio. Rerum in doloremque porro ut blanditiis.', '2016-12-16 06:34:46', '2016-09-20 20:31:38');
INSERT INTO `related_products` (`id`, `category_id`, `name`, `price`, `description`, `created_at`, `updated_at`) VALUES (238, 1, 'Quas quis.', '1967256.79', 'Alias beatae perspiciatis vero. Expedita aut blanditiis autem exercitationem consectetur sunt. Rerum est et cupiditate et voluptates voluptatem. Non delectus dolorem magni illum.', '2011-06-28 07:29:07', '2011-11-11 03:51:08');
INSERT INTO `related_products` (`id`, `category_id`, `name`, `price`, `description`, `created_at`, `updated_at`) VALUES (239, 1, 'Culpa ipsum ad.', '132.67', 'Sit sequi esse nihil aut et nostrum perspiciatis vero. Autem ea placeat tempora repellat dolor dolorem aliquam necessitatibus. Aut aut reprehenderit odio at est commodi ipsum. Dolores dolor vel voluptate quod facilis.', '2020-11-28 05:12:34', '2012-10-28 15:36:48');
INSERT INTO `related_products` (`id`, `category_id`, `name`, `price`, `description`, `created_at`, `updated_at`) VALUES (240, 1, 'Maxime nisi.', '922.70', 'Minus voluptas accusamus non expedita. Laboriosam sit vero praesentium sit esse qui. Quo aliquam cum sequi doloribus praesentium et rerum iusto. Minus nam qui reprehenderit velit neque quos est. Omnis sit doloremque illo provident animi aut corrupti.', '2013-01-06 06:39:50', '2013-01-22 14:33:53');
INSERT INTO `related_products` (`id`, `category_id`, `name`, `price`, `description`, `created_at`, `updated_at`) VALUES (241, 2, 'Optio corporis.', '58.84', 'Nobis qui neque dolorem eaque fugiat. Voluptatum corporis est voluptatum aliquam repudiandae quod quas.', '2011-05-31 04:45:31', '2014-07-17 10:54:33');
INSERT INTO `related_products` (`id`, `category_id`, `name`, `price`, `description`, `created_at`, `updated_at`) VALUES (242, 2, 'Vero soluta consequatur.', '0.00', 'Maiores aut reprehenderit autem et dolores aliquid. Voluptate quidem voluptatum ducimus sed tempora molestiae eum. Et quae sit perspiciatis sit molestiae odio. Commodi deserunt est consequatur eaque facere omnis.', '2016-12-17 18:06:49', '2019-02-15 19:11:39');
INSERT INTO `related_products` (`id`, `category_id`, `name`, `price`, `description`, `created_at`, `updated_at`) VALUES (243, 1, 'Suscipit qui.', '0.00', 'At sed cumque deleniti aut voluptatem velit et molestiae. Deleniti et et earum laborum distinctio et. Omnis ullam magni quasi officiis qui eos. Qui aliquid inventore recusandae aut molestias voluptas incidunt minus.', '2017-05-06 04:33:26', '2013-10-30 18:07:14');
INSERT INTO `related_products` (`id`, `category_id`, `name`, `price`, `description`, `created_at`, `updated_at`) VALUES (244, 1, 'Incidunt dolor.', '1484975.50', 'Similique id qui quo pariatur aut perspiciatis. Quia consequatur ut officiis aut ipsum rerum. Maxime quos rerum quis repellendus explicabo explicabo. Deleniti dolore aut a. Quibusdam omnis ullam facilis aut dolor nisi.', '2016-02-08 03:40:42', '2018-10-09 21:02:25');
INSERT INTO `related_products` (`id`, `category_id`, `name`, `price`, `description`, `created_at`, `updated_at`) VALUES (245, 3, 'Est aut at.', '8066.05', 'Odit eum dolorem porro a. Pariatur et vel nemo fugit quia. Exercitationem ut eligendi delectus cupiditate voluptatem natus asperiores. Adipisci est et illo quo sint vel.', '2020-09-23 03:32:08', '2019-01-25 06:57:01');
INSERT INTO `related_products` (`id`, `category_id`, `name`, `price`, `description`, `created_at`, `updated_at`) VALUES (246, 2, 'Dolorem omnis neque.', '61721648.29', 'Facere architecto explicabo odit iure nemo eos. Fugit labore dolorum nesciunt tempore dolore iste hic. Est qui excepturi pariatur et magnam sunt. Ut ratione neque a esse tempora.', '2015-12-01 22:01:50', '2020-11-02 14:05:43');
INSERT INTO `related_products` (`id`, `category_id`, `name`, `price`, `description`, `created_at`, `updated_at`) VALUES (247, 3, 'Magnam quidem dicta.', '38973.53', 'Molestiae sunt laboriosam fugit eum. Sit nobis quos eos saepe est blanditiis minima.', '2016-08-28 02:57:56', '2011-11-18 00:12:20');
INSERT INTO `related_products` (`id`, `category_id`, `name`, `price`, `description`, `created_at`, `updated_at`) VALUES (248, 3, 'Ratione quibusdam cupiditate.', '0.00', 'Veritatis odio cum sed rerum et. Aut quos eligendi est. Ullam debitis et voluptatibus ut velit ea facere perferendis. Consequuntur ullam ut et voluptatem.', '2017-03-24 04:35:29', '2011-06-20 08:10:30');
INSERT INTO `related_products` (`id`, `category_id`, `name`, `price`, `description`, `created_at`, `updated_at`) VALUES (249, 2, 'Nam ducimus tempore.', '21889.56', 'Molestiae id explicabo architecto provident expedita. Quia molestiae fugiat incidunt nihil. Eum dolorum similique aut porro architecto dolor voluptas.', '2017-01-31 21:17:00', '2018-02-12 20:13:41');
INSERT INTO `related_products` (`id`, `category_id`, `name`, `price`, `description`, `created_at`, `updated_at`) VALUES (250, 3, 'Quia iure earum.', '6.63', 'Mollitia sequi iure ut nostrum quos. Saepe eos possimus cupiditate eos aliquid praesentium sed. Recusandae omnis a nulla doloribus. Repellat voluptate laudantium accusamus doloremque ut deserunt voluptatem sed.', '2017-10-02 02:07:44', '2014-03-08 01:15:00');
INSERT INTO `related_products` (`id`, `category_id`, `name`, `price`, `description`, `created_at`, `updated_at`) VALUES (251, 3, 'Natus quis atque.', '976676.95', 'Sed maiores eos cupiditate. Similique velit sequi ut et quod eos doloribus. Quia et officia perferendis facere a laborum nihil. Sapiente rerum reprehenderit explicabo reprehenderit qui.', '2014-05-04 17:41:40', '2014-07-28 15:47:05');
INSERT INTO `related_products` (`id`, `category_id`, `name`, `price`, `description`, `created_at`, `updated_at`) VALUES (252, 3, 'Vitae quia assumenda.', '155.40', 'Assumenda animi repellendus ut a dolorum officiis quia. Voluptate amet est mollitia earum sapiente labore. Quam atque sunt tenetur ut.', '2020-09-15 03:41:09', '2019-02-10 23:45:42');
INSERT INTO `related_products` (`id`, `category_id`, `name`, `price`, `description`, `created_at`, `updated_at`) VALUES (253, 1, 'Voluptate dolor nisi.', '72632.69', 'Est maxime fuga ut ab totam maiores assumenda. Provident nobis accusamus velit. Dolor officiis non suscipit dolor. Nobis fugit suscipit illum inventore voluptatem quisquam.', '2016-01-06 22:29:54', '2017-11-18 23:14:26');
INSERT INTO `related_products` (`id`, `category_id`, `name`, `price`, `description`, `created_at`, `updated_at`) VALUES (254, 3, 'Qui eveniet.', '786.80', 'Corrupti consequuntur architecto necessitatibus voluptate tempore in. Doloremque eos doloribus quis. Perferendis soluta hic optio enim aliquid quo rerum eaque. Sequi qui quibusdam cumque officiis veniam rerum.', '2011-12-28 13:10:02', '2014-04-15 05:09:27');
INSERT INTO `related_products` (`id`, `category_id`, `name`, `price`, `description`, `created_at`, `updated_at`) VALUES (255, 1, 'Molestiae enim repudiandae.', '0.00', 'Inventore facilis saepe facilis quo necessitatibus. Eum tempora et facere illum sit est.', '2014-09-20 05:07:28', '2019-03-19 12:22:52');
INSERT INTO `related_products` (`id`, `category_id`, `name`, `price`, `description`, `created_at`, `updated_at`) VALUES (256, 1, 'Qui sequi quibusdam.', '9067.33', 'Quisquam dignissimos qui at aperiam tempore voluptatem. Architecto error fugiat molestiae esse.', '2014-06-13 21:06:30', '2017-05-25 02:04:28');
INSERT INTO `related_products` (`id`, `category_id`, `name`, `price`, `description`, `created_at`, `updated_at`) VALUES (257, 1, 'Aut rerum labore.', '361.00', 'Corrupti accusantium omnis placeat voluptatem. Et qui ut veritatis laboriosam modi doloribus. Repudiandae illum expedita iusto dolores quas iste.', '2012-09-27 20:06:51', '2015-06-16 02:08:30');
INSERT INTO `related_products` (`id`, `category_id`, `name`, `price`, `description`, `created_at`, `updated_at`) VALUES (258, 2, 'Est minus voluptatem.', '0.00', 'Natus et qui accusantium voluptas aspernatur. Occaecati qui doloremque nesciunt. Architecto atque molestiae delectus itaque. Sed necessitatibus aut natus reiciendis.', '2013-12-18 22:04:18', '2013-05-25 04:07:25');
INSERT INTO `related_products` (`id`, `category_id`, `name`, `price`, `description`, `created_at`, `updated_at`) VALUES (259, 2, 'Ut accusamus.', '177.09', 'Aut temporibus modi sunt in eligendi qui voluptas exercitationem. Quo qui enim et. Cum consequatur magni est sit suscipit placeat qui. Assumenda voluptas eos et rem sit.', '2014-11-13 06:21:18', '2014-10-24 14:11:17');
INSERT INTO `related_products` (`id`, `category_id`, `name`, `price`, `description`, `created_at`, `updated_at`) VALUES (260, 2, 'Praesentium voluptatibus sit.', '3865.74', 'Officia tenetur enim non perferendis est. Voluptates non pariatur exercitationem quae nostrum provident. Inventore voluptatibus iure maiores debitis pariatur.', '2014-09-01 06:51:33', '2017-05-07 13:07:12');
INSERT INTO `related_products` (`id`, `category_id`, `name`, `price`, `description`, `created_at`, `updated_at`) VALUES (261, 2, 'Odio officiis.', '16654074.67', 'Et vitae sed eum suscipit. Sapiente possimus repellat voluptas. Odit mollitia ad quis delectus. Deleniti exercitationem mollitia voluptatem praesentium est.', '2012-11-20 15:23:06', '2017-10-10 04:59:54');
INSERT INTO `related_products` (`id`, `category_id`, `name`, `price`, `description`, `created_at`, `updated_at`) VALUES (262, 1, 'Et ullam.', '136864311.66', 'Maiores aut est praesentium ex cumque. Molestias asperiores et quo rerum expedita.', '2012-04-04 11:36:45', '2011-05-12 10:09:16');
INSERT INTO `related_products` (`id`, `category_id`, `name`, `price`, `description`, `created_at`, `updated_at`) VALUES (263, 3, 'Illo similique.', '6.34', 'Nulla dignissimos dolor ut totam. Doloribus mollitia odit fugit. Dolores fuga molestiae doloribus non. Reiciendis et deleniti qui dolorem nemo eveniet.', '2019-12-07 20:38:20', '2020-08-01 15:01:11');
INSERT INTO `related_products` (`id`, `category_id`, `name`, `price`, `description`, `created_at`, `updated_at`) VALUES (264, 1, 'Sequi nemo iusto.', '17791261.29', 'Recusandae dolore temporibus at. Et non quibusdam occaecati repellat optio. Quam consequatur quisquam voluptates dolor maiores. Nulla quos quas est repellendus voluptatem. Earum vel omnis rerum.', '2017-12-20 02:28:58', '2011-07-08 07:36:33');
INSERT INTO `related_products` (`id`, `category_id`, `name`, `price`, `description`, `created_at`, `updated_at`) VALUES (265, 2, 'Explicabo voluptatibus consequatur.', '851.00', 'Commodi voluptatem aperiam ipsam exercitationem. Dolorem est sequi vero iste explicabo velit. Voluptas voluptatibus id et et totam. Placeat commodi aut quos sint harum similique earum.', '2019-11-03 20:48:09', '2014-04-22 21:09:24');
INSERT INTO `related_products` (`id`, `category_id`, `name`, `price`, `description`, `created_at`, `updated_at`) VALUES (266, 3, 'Consequatur culpa.', '1889547.82', 'Odio tempore ut recusandae. Beatae reprehenderit qui consequuntur qui velit iure ex. Occaecati voluptatem eum dicta voluptates nemo ipsam provident. Ut amet harum libero error. Voluptas sint ipsum nam accusantium velit et.', '2011-07-03 23:33:32', '2019-07-07 17:51:36');
INSERT INTO `related_products` (`id`, `category_id`, `name`, `price`, `description`, `created_at`, `updated_at`) VALUES (267, 2, 'Nesciunt aut ut.', '0.00', 'Eos et molestias recusandae ut. Quidem quos in sit. Consequatur iste voluptatibus dolorum velit. Modi tenetur corrupti et voluptas fugit aliquam et.', '2011-12-08 04:50:04', '2020-12-21 14:20:55');
INSERT INTO `related_products` (`id`, `category_id`, `name`, `price`, `description`, `created_at`, `updated_at`) VALUES (268, 2, 'Labore mollitia maxime.', '6.44', 'Suscipit ea earum inventore est autem cupiditate. Molestiae aut molestiae sed illum nesciunt ipsa. Est est aut voluptates qui excepturi sint sequi aut.', '2013-03-20 07:33:58', '2019-07-25 19:39:12');
INSERT INTO `related_products` (`id`, `category_id`, `name`, `price`, `description`, `created_at`, `updated_at`) VALUES (269, 3, 'Eveniet iure tempore.', '230520.54', 'Maiores neque sit dolore ut amet inventore amet. Tenetur corporis iusto voluptate molestiae voluptate. Velit sequi quos qui est explicabo nam omnis commodi. Voluptas quae quasi repellendus earum.', '2012-08-19 02:50:18', '2015-12-08 23:23:01');
INSERT INTO `related_products` (`id`, `category_id`, `name`, `price`, `description`, `created_at`, `updated_at`) VALUES (270, 1, 'Qui doloremque.', '282593572.82', 'Et delectus voluptas non consequuntur saepe sint quisquam. Et repudiandae laudantium doloribus repellat exercitationem.', '2015-03-25 17:13:39', '2020-08-07 05:33:13');
INSERT INTO `related_products` (`id`, `category_id`, `name`, `price`, `description`, `created_at`, `updated_at`) VALUES (271, 1, 'Aut asperiores.', '0.00', 'Eveniet et provident tenetur consectetur aperiam eveniet. Minima ut amet in voluptas voluptas ipsam unde nostrum. Tenetur optio similique molestiae aliquam sint quis accusamus. Architecto quasi cum nobis inventore in aut. Quis vel tempore ut corporis aut optio.', '2019-06-30 12:15:54', '2014-08-13 03:18:34');
INSERT INTO `related_products` (`id`, `category_id`, `name`, `price`, `description`, `created_at`, `updated_at`) VALUES (272, 2, 'Est ipsa.', '176832.31', 'Aut odit consectetur soluta quod in inventore est nobis. Tenetur sed odio ratione quis. Enim dolore enim perspiciatis provident porro enim. Autem modi sunt earum quibusdam.', '2018-01-07 18:06:17', '2014-04-01 16:10:26');
INSERT INTO `related_products` (`id`, `category_id`, `name`, `price`, `description`, `created_at`, `updated_at`) VALUES (273, 3, 'Culpa a iure.', '699.06', 'Tempora eos est natus sed non unde ut. Ullam vel suscipit ut quaerat et ut. Eum error quia ea ducimus laudantium tempora fugit. Repudiandae possimus velit praesentium delectus et porro aut.', '2014-08-04 17:42:11', '2019-12-28 08:00:03');
INSERT INTO `related_products` (`id`, `category_id`, `name`, `price`, `description`, `created_at`, `updated_at`) VALUES (274, 1, 'Aut consequatur dolores.', '3.00', 'Nesciunt explicabo quod non ut ea. Incidunt eaque qui perferendis saepe architecto mollitia. Possimus inventore nobis ut animi. Non voluptas eius id quis ea nostrum sint. Provident sed quia ex.', '2015-03-08 20:39:38', '2012-08-27 20:57:31');
INSERT INTO `related_products` (`id`, `category_id`, `name`, `price`, `description`, `created_at`, `updated_at`) VALUES (275, 2, 'Magni fuga.', '65564.80', 'Nesciunt nihil culpa ea ut. Quo voluptate animi velit quo dolor deserunt aliquam nam. Magnam distinctio vitae molestias adipisci quod. Minima ad voluptatem blanditiis qui eaque voluptatibus.', '2015-03-03 06:58:13', '2013-05-03 01:50:05');
INSERT INTO `related_products` (`id`, `category_id`, `name`, `price`, `description`, `created_at`, `updated_at`) VALUES (276, 1, 'Enim culpa quia.', '261172.95', 'Dicta deserunt perferendis itaque ea laborum optio. Consequuntur ducimus ex commodi dolorem perferendis sapiente. Tempora mollitia accusamus et et similique.', '2012-04-27 14:37:56', '2013-02-15 03:04:26');
INSERT INTO `related_products` (`id`, `category_id`, `name`, `price`, `description`, `created_at`, `updated_at`) VALUES (277, 2, 'Laudantium quis.', '15.60', 'Provident expedita quas officiis aliquam. Ut dolorem quo excepturi laboriosam repudiandae sed. Maiores qui quisquam quia similique id debitis est. Dignissimos saepe vitae similique eius sunt.', '2016-08-19 23:00:42', '2012-10-28 09:36:46');
INSERT INTO `related_products` (`id`, `category_id`, `name`, `price`, `description`, `created_at`, `updated_at`) VALUES (278, 1, 'Ea deserunt quibusdam.', '7359254.95', 'Qui consequatur iusto est suscipit id est et natus. Odio quo beatae excepturi ipsum sequi enim nam quibusdam. Quia blanditiis aut iste. Et ut accusantium recusandae optio totam repellendus unde. Illum accusamus dolor voluptatem ea quidem voluptas.', '2015-11-16 05:46:33', '2015-02-06 02:32:38');
INSERT INTO `related_products` (`id`, `category_id`, `name`, `price`, `description`, `created_at`, `updated_at`) VALUES (279, 1, 'Quaerat vel.', '4238213.69', 'Voluptatibus sed ut et amet voluptas. Rerum alias sapiente qui dignissimos non sunt. Sequi inventore exercitationem qui harum. Optio molestias eos illum provident qui quia.', '2014-07-11 18:45:27', '2017-08-07 14:31:50');
INSERT INTO `related_products` (`id`, `category_id`, `name`, `price`, `description`, `created_at`, `updated_at`) VALUES (280, 1, 'A enim rerum.', '10264991.00', 'Aut vero deleniti architecto sint et. Eos tempora similique dolores ipsam aut mollitia. Quia aut unde excepturi facilis. Unde a neque ex.', '2012-04-27 00:23:35', '2020-12-20 04:48:58');
INSERT INTO `related_products` (`id`, `category_id`, `name`, `price`, `description`, `created_at`, `updated_at`) VALUES (281, 3, 'Ipsam ullam rerum.', '208.73', 'Sit velit iure ipsa aliquam placeat. Consequatur porro debitis vitae illo architecto unde. Ipsam animi laborum alias et expedita nostrum vel. Sequi labore odit reprehenderit sint perspiciatis.', '2020-04-12 11:51:04', '2017-12-16 16:47:41');
INSERT INTO `related_products` (`id`, `category_id`, `name`, `price`, `description`, `created_at`, `updated_at`) VALUES (282, 2, 'Consequatur neque error.', '14153730.22', 'Consequatur facere nisi asperiores. Itaque reprehenderit alias non velit animi. Non et voluptas necessitatibus doloribus voluptates tenetur consectetur. Facere quod minus ipsam nihil tempora.', '2012-05-19 08:38:27', '2015-01-30 01:29:28');
INSERT INTO `related_products` (`id`, `category_id`, `name`, `price`, `description`, `created_at`, `updated_at`) VALUES (283, 1, 'Consectetur id dolorem.', '0.00', 'Ut labore adipisci maiores itaque. Et voluptate nihil dignissimos similique nulla dignissimos illo fugit. Quasi tempora commodi et doloribus maiores sed eligendi. Ex minus omnis soluta fugit odit ad.', '2018-07-03 13:07:01', '2017-03-10 14:19:21');
INSERT INTO `related_products` (`id`, `category_id`, `name`, `price`, `description`, `created_at`, `updated_at`) VALUES (284, 1, 'Itaque nulla unde.', '66615244.19', 'Adipisci tenetur assumenda perferendis omnis porro. Quo exercitationem tempora voluptatem enim. Quia ut mollitia aspernatur sed illum.', '2014-07-31 23:50:53', '2013-07-13 14:54:39');
INSERT INTO `related_products` (`id`, `category_id`, `name`, `price`, `description`, `created_at`, `updated_at`) VALUES (285, 3, 'Voluptas amet atque.', '14.37', 'Quaerat quia consequatur omnis sunt minus unde omnis. Aut vel corporis fugit molestias doloremque magnam totam. Delectus consectetur fugiat vel voluptatem hic.', '2019-05-02 01:47:19', '2014-10-27 08:18:12');
INSERT INTO `related_products` (`id`, `category_id`, `name`, `price`, `description`, `created_at`, `updated_at`) VALUES (286, 1, 'Ut est.', '4.30', 'Vero provident esse ea velit consequatur. Nulla ut vitae fugit ut accusantium optio. Qui nemo incidunt sint. Reprehenderit ut et exercitationem tenetur est quo.', '2014-02-26 05:58:38', '2018-05-07 16:27:20');
INSERT INTO `related_products` (`id`, `category_id`, `name`, `price`, `description`, `created_at`, `updated_at`) VALUES (287, 3, 'Qui ex hic.', '27163677.90', 'Ut sint deserunt quia laborum aut consequatur nisi. Qui non eum dolores quidem magnam sint.', '2017-10-25 14:25:07', '2014-06-23 07:11:08');
INSERT INTO `related_products` (`id`, `category_id`, `name`, `price`, `description`, `created_at`, `updated_at`) VALUES (288, 1, 'Similique quia.', '0.30', 'Repellendus earum est eos a omnis saepe cumque. Numquam commodi aliquid quod repudiandae labore quas qui.', '2015-07-30 09:08:26', '2015-02-02 12:06:27');
INSERT INTO `related_products` (`id`, `category_id`, `name`, `price`, `description`, `created_at`, `updated_at`) VALUES (289, 3, 'Sint voluptatum ea.', '1201862.44', 'Aspernatur eveniet voluptatem similique quod et. Mollitia maxime debitis reprehenderit possimus doloremque nisi. Dolores exercitationem nostrum ea. Sit eveniet reprehenderit id.', '2020-06-20 20:55:57', '2019-09-24 08:17:15');
INSERT INTO `related_products` (`id`, `category_id`, `name`, `price`, `description`, `created_at`, `updated_at`) VALUES (290, 2, 'Saepe reiciendis alias.', '542.13', 'Quaerat culpa voluptatem vel dolore et est. Placeat reprehenderit esse maxime sed. Aspernatur sed rem et excepturi dicta vel at. Quis inventore assumenda quaerat omnis laudantium.', '2016-02-25 08:15:22', '2012-04-11 18:20:05');
INSERT INTO `related_products` (`id`, `category_id`, `name`, `price`, `description`, `created_at`, `updated_at`) VALUES (291, 3, 'Maxime ullam quo.', '61.42', 'Consequatur odit dolorem quas nisi at. Sapiente inventore eveniet quia sunt sint qui. Recusandae officiis at voluptatem velit.', '2014-10-09 20:26:24', '2016-05-08 22:15:38');
INSERT INTO `related_products` (`id`, `category_id`, `name`, `price`, `description`, `created_at`, `updated_at`) VALUES (292, 2, 'Sint ullam.', '3039020.70', 'Aperiam accusantium suscipit natus est pariatur rerum. Nisi doloribus quas nulla qui doloremque aspernatur rerum. Voluptatem velit aut non quia placeat. Dolores qui qui sed nesciunt occaecati. Itaque maxime totam molestiae est enim facere.', '2017-08-27 01:02:56', '2018-01-12 20:14:58');
INSERT INTO `related_products` (`id`, `category_id`, `name`, `price`, `description`, `created_at`, `updated_at`) VALUES (293, 1, 'Velit voluptatibus eum.', '69.43', 'Placeat nemo sequi eum iusto nulla molestiae praesentium. Et rerum quia aspernatur ducimus sit. Maxime dolorum sapiente tenetur. Numquam eos ut autem provident consequatur culpa quae sapiente.', '2018-11-08 09:16:52', '2015-10-05 10:52:26');
INSERT INTO `related_products` (`id`, `category_id`, `name`, `price`, `description`, `created_at`, `updated_at`) VALUES (294, 3, 'Recusandae quisquam recusandae.', '273049249.32', 'Voluptatem harum aliquam quo dolores sapiente qui voluptas sed. Neque quae voluptatibus sed. Impedit ut voluptatem ullam quidem placeat.', '2012-08-27 01:19:02', '2014-04-13 17:08:33');
INSERT INTO `related_products` (`id`, `category_id`, `name`, `price`, `description`, `created_at`, `updated_at`) VALUES (295, 3, 'Repudiandae voluptatem aliquam.', '61324.51', 'Optio accusamus molestiae reprehenderit asperiores rerum. Repellendus consequatur est consequatur at nisi. Aperiam sed modi odit cupiditate ut facilis labore. Neque doloribus voluptatibus quisquam molestias omnis.', '2017-08-25 05:01:29', '2015-09-27 14:58:58');
INSERT INTO `related_products` (`id`, `category_id`, `name`, `price`, `description`, `created_at`, `updated_at`) VALUES (296, 2, 'Ex ea ipsam.', '556257459.19', 'Praesentium et in magni sunt saepe. Unde reprehenderit quidem possimus ipsum recusandae nisi ullam. Facilis quod quia aspernatur velit id maxime omnis.', '2017-01-22 23:05:08', '2020-04-16 04:09:29');
INSERT INTO `related_products` (`id`, `category_id`, `name`, `price`, `description`, `created_at`, `updated_at`) VALUES (297, 1, 'Nihil blanditiis.', '25901.00', 'Aut fuga quae dolorum impedit voluptatem corrupti. Perspiciatis ut et rem dignissimos et quis dolores. Omnis repellendus consequatur aut cum consequatur nisi minima odio.', '2017-09-10 20:28:17', '2017-03-05 12:28:00');
INSERT INTO `related_products` (`id`, `category_id`, `name`, `price`, `description`, `created_at`, `updated_at`) VALUES (298, 1, 'Atque nihil.', '3474835.16', 'Inventore nesciunt quos non aut. Et hic repellat eaque culpa. Libero ipsam optio numquam.', '2018-08-14 14:27:24', '2012-05-21 14:05:37');
INSERT INTO `related_products` (`id`, `category_id`, `name`, `price`, `description`, `created_at`, `updated_at`) VALUES (299, 1, 'Suscipit natus.', '61.04', 'Maxime asperiores cumque eum et sint. Ullam sit quos et dolorem architecto porro facilis. Impedit ullam modi veritatis velit quaerat similique.', '2012-01-17 11:48:51', '2018-06-10 08:45:07');
INSERT INTO `related_products` (`id`, `category_id`, `name`, `price`, `description`, `created_at`, `updated_at`) VALUES (300, 2, 'Voluptatem consequatur velit.', '16105143.90', 'Officiis delectus minima quia unde. Eligendi nesciunt enim at rerum ratione. Quod nemo quia sed.', '2013-10-15 00:22:14', '2017-01-27 23:07:15');


#
# TABLE STRUCTURE FOR: shops
#

DROP TABLE IF EXISTS `shops`;

CREATE TABLE `shops` (
  `id` int(10) unsigned NOT NULL AUTO_INCREMENT,
  `city` varchar(100) COLLATE utf8mb4_unicode_ci DEFAULT NULL,
  `address` varchar(100) COLLATE utf8mb4_unicode_ci DEFAULT NULL,
  `phone` varchar(100) COLLATE utf8mb4_unicode_ci DEFAULT NULL,
  `created_at` datetime DEFAULT current_timestamp(),
  `updated_at` datetime DEFAULT current_timestamp() ON UPDATE current_timestamp(),
  PRIMARY KEY (`id`)
) ENGINE=InnoDB AUTO_INCREMENT=11 DEFAULT CHARSET=utf8mb4 COLLATE=utf8mb4_unicode_ci COMMENT='Магазины/точки выдачи';

INSERT INTO `shops` (`id`, `city`, `address`, `phone`, `created_at`, `updated_at`) VALUES (1, 'North Nora', '7983 Jamison Summit\nNew Asia, HI 43923', '1-407-606-3561x1167', '2012-06-06 06:18:10', '2015-03-06 21:25:29');
INSERT INTO `shops` (`id`, `city`, `address`, `phone`, `created_at`, `updated_at`) VALUES (2, 'Deckowview', '0826 Verner Plaza Apt. 962\nBrennanmouth, NY 18666', '(409)731-4721', '2018-12-23 09:05:43', '2014-12-27 03:36:28');
INSERT INTO `shops` (`id`, `city`, `address`, `phone`, `created_at`, `updated_at`) VALUES (3, 'New Russ', '099 Alex Falls\nEast Nashberg, ND 01559', '01419984451', '2016-05-07 18:36:06', '2015-12-09 18:44:48');
INSERT INTO `shops` (`id`, `city`, `address`, `phone`, `created_at`, `updated_at`) VALUES (4, 'North Carolinaton', '33383 Landen Trail Apt. 083\nO\'Konbury, NC 21780', '00973132291', '2012-07-10 07:28:16', '2012-01-06 20:30:02');
INSERT INTO `shops` (`id`, `city`, `address`, `phone`, `created_at`, `updated_at`) VALUES (5, 'East Michel', '081 Ebert Fort Suite 031\nDominicside, FL 09223-7656', '02109338024', '2014-02-16 01:46:50', '2011-03-28 14:57:34');
INSERT INTO `shops` (`id`, `city`, `address`, `phone`, `created_at`, `updated_at`) VALUES (6, 'Halvorsontown', '924 Beahan Locks\nWest Leilanimouth, LA 41471', '06190342922', '2019-06-04 23:51:43', '2016-06-13 21:34:43');
INSERT INTO `shops` (`id`, `city`, `address`, `phone`, `created_at`, `updated_at`) VALUES (7, 'Brucetown', '790 Oswald Extensions Suite 218\nMorissetteport, LA 82567', '811-276-4028', '2020-07-13 06:49:37', '2015-03-30 05:20:49');
INSERT INTO `shops` (`id`, `city`, `address`, `phone`, `created_at`, `updated_at`) VALUES (8, 'Ramonville', '1237 Savion Lane\nLake Othofort, MS 84124', '1-362-453-8742x9310', '2015-11-25 03:47:25', '2014-05-31 10:15:31');
INSERT INTO `shops` (`id`, `city`, `address`, `phone`, `created_at`, `updated_at`) VALUES (9, 'Port Gail', '57709 Carter Terrace Apt. 758\nNew Rosaliahaven, MT 38545-0269', '935.181.3375x60570', '2011-04-13 13:18:52', '2015-08-03 21:45:56');
INSERT INTO `shops` (`id`, `city`, `address`, `phone`, `created_at`, `updated_at`) VALUES (10, 'Floridashire', '859 Graham Burgs\nSouth Mayafurt, AK 27783', '05146344443', '2017-01-18 05:19:37', '2016-04-16 01:07:36');


